{
  "type": "FeatureCollection",
  "generator": "overpass-turbo",
  "copyright": "The data included in this document is from www.openstreetmap.org. The data is made available under ODbL.",
  "timestamp": "2026-05-14T06:27:01Z",
  "features": [
    {
      "type": "Feature",
      "properties": {
        "@id": "way/27552926",
        "highway": "primary",
        "maxspeed": "40",
        "name": "Acharya Prafulla Chandra Bose Road",
        "name:etymology:wikidata": "Q3351086",
        "oneway": "yes",
        "ref": "SH1",
        "source": "Yahoo hires"
      },
      "geometry": {
        "type": "LineString",
        "coordinates": [
          [
            88.3753888,
            22.5941244
          ],
          [
            88.3753748,
            22.5940105
          ],
          [
            88.3753652,
            22.5938575
          ],
          [
            88.3753378,
            22.5934179
          ],
          [
            88.3753137,
            22.5930323
          ],
          [
            88.3753068,
            22.5927733
          ],
          [
            88.3753055,
            22.5927253
          ],
          [
            88.3753051,
            22.5927093
          ],
          [
            88.3752853,
            22.5924665
          ],
          [
            88.3752734,
            22.5923092
          ],
          [
            88.3752577,
            22.592095
          ],
          [
            88.3752506,
            22.5919262
          ],
          [
            88.3752284,
            22.5915663
          ],
          [
            88.3752146,
            22.5913181
          ],
          [
            88.3752134,
            22.5911884
          ],
          [
            88.3751768,
            22.5906355
          ],
          [
            88.3751566,
            22.5902718
          ],
          [
            88.3751477,
            22.5901109
          ],
          [
            88.3751387,
            22.5899492
          ],
          [
            88.3751025,
            22.5895438
          ],
          [
            88.3750741,
            22.5891901
          ],
          [
            88.3750628,
            22.5890525
          ],
          [
            88.375052,
            22.5888824
          ],
          [
            88.375046,
            22.5887572
          ],
          [
            88.3750238,
            22.5884432
          ],
          [
            88.3750057,
            22.5881098
          ],
          [
            88.3750031,
            22.5880436
          ],
          [
            88.3749815,
            22.5874837
          ],
          [
            88.3749756,
            22.5873664
          ],
          [
            88.3749641,
            22.5872598
          ],
          [
            88.3749257,
            22.5868784
          ],
          [
            88.374908,
            22.58671
          ],
          [
            88.3748702,
            22.5863238
          ],
          [
            88.3748598,
            22.5862177
          ],
          [
            88.3748321,
            22.5859353
          ],
          [
            88.3747866,
            22.5854489
          ],
          [
            88.3747874,
            22.5853845
          ],
          [
            88.3747888,
            22.5853387
          ]
        ]
      },
      "id": "way/27552926"
    },
    {
      "type": "Feature",
      "properties": {
        "@id": "way/27553031",
        "highway": "primary",
        "maxspeed": "40",
        "name": "Gariahat Road",
        "name:etymology:wikidata": "Q5523285",
        "oneway": "yes"
      },
      "geometry": {
        "type": "LineString",
        "coordinates": [
          [
            88.3661202,
            22.5433189
          ],
          [
            88.3661565,
            22.5432649
          ],
          [
            88.3661739,
            22.543219
          ],
          [
            88.3661733,
            22.5431384
          ],
          [
            88.3661692,
            22.5431206
          ],
          [
            88.3661618,
            22.5430891
          ],
          [
            88.3661252,
            22.5429392
          ]
        ]
      },
      "id": "way/27553031"
    },
    {
      "type": "Feature",
      "properties": {
        "@id": "way/27553044",
        "alt_name": "Gariahat Road",
        "highway": "primary",
        "maxspeed": "40",
        "name": "Gariahat Flyover",
        "name:etymology:wikidata": "Q5523285",
        "oneway": "yes",
        "ref": "SH1",
        "surface": "asphalt"
      },
      "geometry": {
        "type": "LineString",
        "coordinates": [
          [
            88.3661089,
            22.516971
          ],
          [
            88.3660889,
            22.5170674
          ],
          [
            88.3660568,
            22.5172175
          ]
        ]
      },
      "id": "way/27553044"
    },
    {
      "type": "Feature",
      "properties": {
        "@id": "way/27553135",
        "alt_name": "Jawaharlal Nehru Road",
        "highway": "primary",
        "name": "Chowringhee Road",
        "name:etymology:wikidata": "Q5105573",
        "oneway": "yes",
        "surface": "asphalt",
        "wikidata": "Q9384706",
        "wikipedia": "en:Chowringhee Road"
      },
      "geometry": {
        "type": "LineString",
        "coordinates": [
          [
            88.3509451,
            22.5635037
          ],
          [
            88.3509596,
            22.5635645
          ],
          [
            88.3510053,
            22.5637562
          ],
          [
            88.35121,
            22.5644821
          ],
          [
            88.351448,
            22.5651004
          ]
        ]
      },
      "id": "way/27553135"
    },
    {
      "type": "Feature",
      "properties": {
        "@id": "way/27553139",
        "highway": "primary",
        "lanes": "3",
        "maxspeed": "40",
        "name": "Rash Behari Avenue",
        "name:etymology:wikidata": "Q7294817",
        "oneway": "yes",
        "surface": "asphalt"
      },
      "geometry": {
        "type": "LineString",
        "coordinates": [
          [
            88.3490104,
            22.5169044
          ],
          [
            88.3491984,
            22.5169246
          ]
        ]
      },
      "id": "way/27553139"
    },
    {
      "type": "Feature",
      "properties": {
        "@id": "way/30912831",
        "highway": "primary",
        "name": "Netaji Subhash Chandra Bose Road",
        "name:etymology:wikidata": "Q2153",
        "oneway": "yes"
      },
      "geometry": {
        "type": "LineString",
        "coordinates": [
          [
            88.3452611,
            22.4928801
          ],
          [
            88.3451927,
            22.4929693
          ]
        ]
      },
      "id": "way/30912831"
    },
    {
      "type": "Feature",
      "properties": {
        "@id": "way/30931037",
        "highway": "primary",
        "lanes": "4",
        "maxspeed:bus": "40",
        "maxspeed:motorcar": "50",
        "maxspeed:motorcycle": "50",
        "name": "Shyama Prasad Mukherjee Road",
        "name:etymology:wikidata": "Q3344992",
        "oneway": "yes",
        "width": "12"
      },
      "geometry": {
        "type": "LineString",
        "coordinates": [
          [
            88.3466935,
            22.5222177
          ],
          [
            88.3467181,
            22.5220465
          ],
          [
            88.3467194,
            22.5220303
          ],
          [
            88.3467772,
            22.5213176
          ],
          [
            88.3466352,
            22.5205732
          ],
          [
            88.3465708,
            22.5202594
          ],
          [
            88.3465573,
            22.5201911
          ],
          [
            88.3465076,
            22.5199386
          ],
          [
            88.3464935,
            22.5198558
          ],
          [
            88.3464734,
            22.5197385
          ],
          [
            88.3464141,
            22.5193916
          ],
          [
            88.346291,
            22.5188374
          ],
          [
            88.346099,
            22.5180721
          ],
          [
            88.3460157,
            22.5176479
          ],
          [
            88.3459425,
            22.5171971
          ]
        ]
      },
      "id": "way/30931037"
    },
    {
      "type": "Feature",
      "properties": {
        "@id": "way/35873239",
        "highway": "primary",
        "name": "Raja Subodh Chandra Mullick Road",
        "name:etymology:wikidata": "Q21176797",
        "oneway": "yes",
        "ref": "SH1"
      },
      "geometry": {
        "type": "LineString",
        "coordinates": [
          [
            88.3677326,
            22.5029575
          ],
          [
            88.3676862,
            22.5030594
          ]
        ]
      },
      "id": "way/35873239"
    },
    {
      "type": "Feature",
      "properties": {
        "@id": "way/35873310",
        "highway": "primary",
        "lane_markings": "no",
        "maxspeed": "40",
        "name": "Garia Main Road",
        "oneway": "yes",
        "ref": "SH1",
        "surface": "asphalt"
      },
      "geometry": {
        "type": "LineString",
        "coordinates": [
          [
            88.3670899,
            22.504598
          ],
          [
            88.3670872,
            22.5048111
          ],
          [
            88.3670953,
            22.5049945
          ],
          [
            88.367106,
            22.5051902
          ],
          [
            88.3671087,
            22.5053414
          ],
          [
            88.3671167,
            22.5055198
          ],
          [
            88.3671167,
            22.5057304
          ],
          [
            88.367106,
            22.5060649
          ],
          [
            88.3671007,
            22.5062855
          ],
          [
            88.3670953,
            22.5064218
          ]
        ]
      },
      "id": "way/35873310"
    },
    {
      "type": "Feature",
      "properties": {
        "@id": "way/35873331",
        "highway": "primary",
        "maxspeed": "40",
        "name": "Garia Main Road",
        "oneway": "yes",
        "ref": "SH1",
        "surface": "asphalt"
      },
      "geometry": {
        "type": "LineString",
        "coordinates": [
          [
            88.3670953,
            22.5064218
          ],
          [
            88.3670762,
            22.5066938
          ],
          [
            88.367051,
            22.5068826
          ],
          [
            88.3670229,
            22.507045
          ],
          [
            88.3670095,
            22.5072159
          ],
          [
            88.3670162,
            22.5073547
          ],
          [
            88.3670309,
            22.5074823
          ],
          [
            88.3670497,
            22.5075839
          ],
          [
            88.3670691,
            22.5076818
          ]
        ]
      },
      "id": "way/35873331"
    },
    {
      "type": "Feature",
      "properties": {
        "@id": "way/35873333",
        "highway": "primary",
        "maxspeed": "40",
        "oneway": "yes",
        "ref": "SH1"
      },
      "geometry": {
        "type": "LineString",
        "coordinates": [
          [
            88.3671664,
            22.5133548
          ],
          [
            88.3671463,
            22.5134589
          ],
          [
            88.367119,
            22.5136047
          ],
          [
            88.3670846,
            22.513838
          ],
          [
            88.3670618,
            22.5140127
          ],
          [
            88.3670028,
            22.5145008
          ],
          [
            88.3669907,
            22.5145912
          ],
          [
            88.3669786,
            22.5146718
          ],
          [
            88.3668914,
            22.5151004
          ],
          [
            88.3668338,
            22.5154671
          ],
          [
            88.366811,
            22.5155984
          ],
          [
            88.3667895,
            22.5157013
          ],
          [
            88.366752,
            22.5158103
          ],
          [
            88.366701,
            22.5159131
          ],
          [
            88.366694,
            22.5159241
          ],
          [
            88.3666581,
            22.51598
          ],
          [
            88.3665884,
            22.5160605
          ],
          [
            88.366485,
            22.5161414
          ]
        ]
      },
      "id": "way/35873333"
    },
    {
      "type": "Feature",
      "properties": {
        "@id": "way/35873630",
        "highway": "primary",
        "junction": "roundabout",
        "maxspeed": "40",
        "name": "Gol Park",
        "ref": "SH1",
        "surface": "asphalt"
      },
      "geometry": {
        "type": "LineString",
        "coordinates": [
          [
            88.3660795,
            22.5160466
          ],
          [
            88.3660069,
            22.5161114
          ],
          [
            88.3659637,
            22.5161956
          ],
          [
            88.3659553,
            22.5162885
          ],
          [
            88.3659848,
            22.5163815
          ],
          [
            88.3660284,
            22.5164335
          ],
          [
            88.366049,
            22.5164582
          ],
          [
            88.3661128,
            22.5164975
          ],
          [
            88.3661857,
            22.5165194
          ]
        ]
      },
      "id": "way/35873630"
    },
    {
      "type": "Feature",
      "properties": {
        "@id": "way/35873784",
        "highway": "primary",
        "oneway": "yes"
      },
      "geometry": {
        "type": "LineString",
        "coordinates": [
          [
            88.3651278,
            22.5196706
          ],
          [
            88.3653392,
            22.5197455
          ]
        ]
      },
      "id": "way/35873784"
    },
    {
      "type": "Feature",
      "properties": {
        "@id": "way/36313903",
        "highway": "primary",
        "maxspeed": "60",
        "oneway": "yes",
        "ref": "SH3"
      },
      "geometry": {
        "type": "LineString",
        "coordinates": [
          [
            88.3985585,
            22.5423839
          ],
          [
            88.3985186,
            22.5422595
          ],
          [
            88.3984386,
            22.5419929
          ],
          [
            88.3983861,
            22.5417833
          ],
          [
            88.3983473,
            22.5416117
          ],
          [
            88.3981532,
            22.5408056
          ],
          [
            88.3977477,
            22.5391388
          ],
          [
            88.3976135,
            22.5385889
          ]
        ]
      },
      "id": "way/36313903"
    },
    {
      "type": "Feature",
      "properties": {
        "@id": "way/36313904",
        "highway": "primary",
        "maxspeed": "40",
        "name": "Eastern Metropolitan Bypass",
        "oneway": "yes"
      },
      "geometry": {
        "type": "LineString",
        "coordinates": [
          [
            88.3970963,
            22.5369267
          ],
          [
            88.397133,
            22.5370802
          ],
          [
            88.3972083,
            22.5373867
          ]
        ]
      },
      "id": "way/36313904"
    },
    {
      "type": "Feature",
      "properties": {
        "@id": "way/36314115",
        "highway": "primary",
        "maxspeed": "40",
        "name": "Rash Behari Avenue Connector",
        "name:etymology:wikidata": "Q7294817",
        "oneway": "yes"
      },
      "geometry": {
        "type": "LineString",
        "coordinates": [
          [
            88.3904034,
            22.5147581
          ],
          [
            88.3905376,
            22.5147063
          ],
          [
            88.3907395,
            22.5146567
          ],
          [
            88.390955,
            22.5146228
          ],
          [
            88.3916244,
            22.5145522
          ],
          [
            88.3923559,
            22.5144658
          ]
        ]
      },
      "id": "way/36314115"
    },
    {
      "type": "Feature",
      "properties": {
        "@id": "way/36314121",
        "highway": "primary",
        "name": "Eastern Metropolitan Bypass",
        "oneway": "yes"
      },
      "geometry": {
        "type": "LineString",
        "coordinates": [
          [
            88.401744,
            22.5140859
          ],
          [
            88.4018086,
            22.5138755
          ],
          [
            88.4018391,
            22.5137736
          ],
          [
            88.4018549,
            22.5136975
          ],
          [
            88.4018759,
            22.5136079
          ],
          [
            88.4018894,
            22.5135764
          ],
          [
            88.4019158,
            22.5135423
          ]
        ]
      },
      "id": "way/36314121"
    },
    {
      "type": "Feature",
      "properties": {
        "@id": "way/44918565",
        "highway": "primary",
        "maxspeed": "40",
        "name": "Garia Main Road",
        "oneway": "yes",
        "ref": "SH1",
        "source": "GPS"
      },
      "geometry": {
        "type": "LineString",
        "coordinates": [
          [
            88.3793034,
            22.4641965
          ],
          [
            88.3791518,
            22.4646253
          ],
          [
            88.3790848,
            22.4647752
          ],
          [
            88.3790284,
            22.4648831
          ],
          [
            88.3789547,
            22.4650033
          ],
          [
            88.3788823,
            22.46509
          ],
          [
            88.3788139,
            22.4651681
          ],
          [
            88.3786637,
            22.4653019
          ],
          [
            88.3784464,
            22.4654631
          ],
          [
            88.3783269,
            22.4655361
          ]
        ]
      },
      "id": "way/44918565"
    },
    {
      "type": "Feature",
      "properties": {
        "@id": "way/50219792",
        "highway": "primary",
        "lanes": "2",
        "maxspeed": "60",
        "name": "Mahatma Gandhi Road",
        "name:en": "Mahatma Gandhi Road",
        "name:etymology:wikidata": "Q1001",
        "oneway": "yes",
        "surface": "asphalt"
      },
      "geometry": {
        "type": "LineString",
        "coordinates": [
          [
            88.3671942,
            22.5733708
          ],
          [
            88.3667741,
            22.5739912
          ],
          [
            88.3666694,
            22.5741581
          ],
          [
            88.3664775,
            22.5744659
          ],
          [
            88.3662827,
            22.5747869
          ],
          [
            88.366175,
            22.57495
          ],
          [
            88.3657168,
            22.5755758
          ],
          [
            88.3657008,
            22.5755977
          ],
          [
            88.3656287,
            22.5756901
          ],
          [
            88.3655091,
            22.5758012
          ],
          [
            88.3649941,
            22.5763713
          ],
          [
            88.3649145,
            22.5764435
          ],
          [
            88.3647737,
            22.5765432
          ],
          [
            88.3645162,
            22.5767287
          ],
          [
            88.3643162,
            22.5768659
          ],
          [
            88.3641149,
            22.5770193
          ],
          [
            88.3640925,
            22.5770363
          ]
        ]
      },
      "id": "way/50219792"
    },
    {
      "type": "Feature",
      "properties": {
        "@id": "way/51765465",
        "highway": "primary",
        "oneway": "yes",
        "source": "Yahoo hires"
      },
      "geometry": {
        "type": "LineString",
        "coordinates": [
          [
            88.3840361,
            22.6052964
          ],
          [
            88.3842628,
            22.6053644
          ],
          [
            88.3843714,
            22.6053929
          ],
          [
            88.3845064,
            22.6054333
          ],
          [
            88.3846584,
            22.6054746
          ],
          [
            88.384932,
            22.6055477
          ],
          [
            88.3856334,
            22.6057656
          ],
          [
            88.3858453,
            22.60583
          ],
          [
            88.3863844,
            22.6060033
          ],
          [
            88.3867612,
            22.6061135
          ],
          [
            88.3875941,
            22.6063859
          ],
          [
            88.3876411,
            22.606403
          ],
          [
            88.3882673,
            22.6066062
          ],
          [
            88.3890143,
            22.6068501
          ],
          [
            88.3901086,
            22.6072191
          ],
          [
            88.3901801,
            22.6072428
          ],
          [
            88.3903703,
            22.6073059
          ],
          [
            88.390452,
            22.607333
          ],
          [
            88.3908267,
            22.6074263
          ]
        ]
      },
      "id": "way/51765465"
    },
    {
      "type": "Feature",
      "properties": {
        "@id": "way/51765511",
        "highway": "primary",
        "lane_markings": "no",
        "maxspeed": "40",
        "name": "Barrackpore Trunk Road",
        "oneway": "yes",
        "ref": "SH1",
        "source": "Yahoo hires",
        "surface": "asphalt"
      },
      "geometry": {
        "type": "LineString",
        "coordinates": [
          [
            88.3773607,
            22.6125544
          ],
          [
            88.3782758,
            22.6145258
          ],
          [
            88.3783701,
            22.6147303
          ],
          [
            88.3784785,
            22.6149653
          ],
          [
            88.378564,
            22.6151508
          ],
          [
            88.3789225,
            22.615928
          ],
          [
            88.3789658,
            22.6160027
          ],
          [
            88.3790587,
            22.616227
          ],
          [
            88.3790994,
            22.6163503
          ],
          [
            88.3791384,
            22.6164423
          ],
          [
            88.3791915,
            22.6165897
          ],
          [
            88.3792323,
            22.6167592
          ],
          [
            88.3792741,
            22.6171243
          ],
          [
            88.3792557,
            22.6173427
          ],
          [
            88.3791404,
            22.6187119
          ]
        ]
      },
      "id": "way/51765511"
    },
    {
      "type": "Feature",
      "properties": {
        "@id": "way/51765563",
        "highway": "primary",
        "maxspeed": "40",
        "name": "JBS Haldane Avenue",
        "name:etymology:wikidata": "Q156333",
        "oneway": "yes"
      },
      "geometry": {
        "type": "LineString",
        "coordinates": [
          [
            88.3757474,
            22.5391497
          ],
          [
            88.3758898,
            22.5391715
          ],
          [
            88.3763269,
            22.5391923
          ],
          [
            88.3766895,
            22.5392178
          ],
          [
            88.3769342,
            22.539206
          ],
          [
            88.3771759,
            22.5391927
          ],
          [
            88.3774277,
            22.5391727
          ],
          [
            88.3777611,
            22.539163
          ],
          [
            88.3780948,
            22.5391774
          ],
          [
            88.3784351,
            22.5392151
          ],
          [
            88.3786109,
            22.5392403
          ],
          [
            88.3787495,
            22.5392677
          ],
          [
            88.3790509,
            22.5393516
          ],
          [
            88.3794334,
            22.5394805
          ],
          [
            88.3801497,
            22.5397857
          ],
          [
            88.3810476,
            22.5401927
          ],
          [
            88.3830994,
            22.5411008
          ],
          [
            88.383437,
            22.5412615
          ],
          [
            88.3838683,
            22.5414393
          ],
          [
            88.384443,
            22.5416435
          ],
          [
            88.3845813,
            22.5416826
          ],
          [
            88.3846142,
            22.5416911
          ],
          [
            88.3847438,
            22.5417247
          ],
          [
            88.3847764,
            22.5417331
          ],
          [
            88.3851163,
            22.5418024
          ],
          [
            88.3853202,
            22.5418312
          ],
          [
            88.3855087,
            22.5418482
          ],
          [
            88.3857473,
            22.5418613
          ],
          [
            88.3858415,
            22.5418609
          ],
          [
            88.3859628,
            22.5418595
          ],
          [
            88.3860543,
            22.5418597
          ],
          [
            88.3861731,
            22.5418491
          ],
          [
            88.3863536,
            22.541832
          ],
          [
            88.3865666,
            22.5418009
          ],
          [
            88.3868154,
            22.5417334
          ],
          [
            88.3869246,
            22.5417081
          ],
          [
            88.3869534,
            22.5417014
          ],
          [
            88.3870509,
            22.5416775
          ],
          [
            88.3870991,
            22.5416657
          ],
          [
            88.3873286,
            22.5416263
          ],
          [
            88.387601,
            22.5415944
          ],
          [
            88.387913,
            22.5415657
          ],
          [
            88.3880651,
            22.5415369
          ],
          [
            88.3884446,
            22.5415353
          ],
          [
            88.3887859,
            22.541557
          ],
          [
            88.3890125,
            22.5415876
          ],
          [
            88.3898485,
            22.5417618
          ],
          [
            88.3907869,
            22.5419819
          ],
          [
            88.3920013,
            22.5422776
          ],
          [
            88.3921404,
            22.5423115
          ],
          [
            88.3922038,
            22.5423277
          ],
          [
            88.3926506,
            22.5424262
          ],
          [
            88.3929554,
            22.5424934
          ],
          [
            88.3946344,
            22.5429051
          ],
          [
            88.3956439,
            22.5431233
          ],
          [
            88.3961513,
            22.5431959
          ],
          [
            88.3963903,
            22.5431965
          ],
          [
            88.3966415,
            22.5431897
          ],
          [
            88.3969885,
            22.543132
          ],
          [
            88.3973268,
            22.5430636
          ],
          [
            88.3978961,
            22.5429238
          ],
          [
            88.3980896,
            22.5428834
          ],
          [
            88.3981855,
            22.5428743
          ],
          [
            88.3982673,
            22.5428619
          ],
          [
            88.3983076,
            22.542856
          ],
          [
            88.398356,
            22.542849
          ]
        ]
      },
      "id": "way/51765563"
    },
    {
      "type": "Feature",
      "properties": {
        "@id": "way/51765564",
        "bridge": "yes",
        "highway": "primary",
        "lane_markings": "no",
        "layer": "1",
        "maxspeed": "40",
        "name": "J.B.S. Haldane Avenue",
        "name:etymology:wikidata": "Q156333",
        "oneway": "yes",
        "surface": "asphalt"
      },
      "geometry": {
        "type": "LineString",
        "coordinates": [
          [
            88.3719866,
            22.5394511
          ],
          [
            88.3725964,
            22.5392661
          ],
          [
            88.3728742,
            22.5392078
          ],
          [
            88.3732336,
            22.5391716
          ],
          [
            88.3742487,
            22.5390806
          ],
          [
            88.3749768,
            22.539027
          ],
          [
            88.3751076,
            22.5390222
          ],
          [
            88.3752141,
            22.5390341
          ],
          [
            88.3757474,
            22.5391497
          ]
        ]
      },
      "id": "way/51765564"
    },
    {
      "type": "Feature",
      "properties": {
        "@id": "way/51766057",
        "alt_name": "Rash Behari Avenue Connector",
        "highway": "primary",
        "lanes": "3",
        "name": "Bijon Flyover",
        "name:etymology:wikidata": "Q7294817",
        "oneway": "yes"
      },
      "geometry": {
        "type": "LineString",
        "coordinates": [
          [
            88.3751462,
            22.5199836
          ],
          [
            88.3752791,
            22.5199266
          ]
        ]
      },
      "id": "way/51766057"
    },
    {
      "type": "Feature",
      "properties": {
        "@id": "way/52087215",
        "highway": "primary",
        "maxspeed": "40",
        "oneway": "yes"
      },
      "geometry": {
        "type": "LineString",
        "coordinates": [
          [
            88.3496332,
            22.5843563
          ],
          [
            88.3497486,
            22.5840673
          ],
          [
            88.3498281,
            22.5838174
          ],
          [
            88.349877,
            22.5835287
          ]
        ]
      },
      "id": "way/52087215"
    },
    {
      "type": "Feature",
      "properties": {
        "@id": "way/52097226",
        "highway": "primary",
        "lanes": "2",
        "name": "CIT Road",
        "oneway": "yes",
        "surface": "asphalt"
      },
      "geometry": {
        "type": "LineString",
        "coordinates": [
          [
            88.3893981,
            22.5722767
          ],
          [
            88.3894038,
            22.5723481
          ],
          [
            88.3894086,
            22.572408
          ],
          [
            88.3894309,
            22.5726161
          ],
          [
            88.3894726,
            22.573063
          ],
          [
            88.3895186,
            22.5733753
          ],
          [
            88.3896671,
            22.5743834
          ],
          [
            88.3896966,
            22.5745838
          ],
          [
            88.3897173,
            22.5747654
          ],
          [
            88.3897338,
            22.5748814
          ],
          [
            88.389791,
            22.5752843
          ],
          [
            88.3898083,
            22.5754058
          ],
          [
            88.389836,
            22.5756097
          ],
          [
            88.3898982,
            22.5760666
          ],
          [
            88.3899224,
            22.5762445
          ],
          [
            88.3899863,
            22.5767147
          ],
          [
            88.3899931,
            22.5767649
          ],
          [
            88.3901539,
            22.5780181
          ],
          [
            88.3901646,
            22.5781015
          ],
          [
            88.3902184,
            22.5784218
          ],
          [
            88.3902581,
            22.5787138
          ],
          [
            88.3903507,
            22.5793821
          ],
          [
            88.3904248,
            22.5798007
          ],
          [
            88.3904444,
            22.5799405
          ],
          [
            88.3904601,
            22.580053
          ]
        ]
      },
      "id": "way/52097226"
    },
    {
      "type": "Feature",
      "properties": {
        "@id": "way/52100418",
        "bridge": "yes",
        "highway": "primary",
        "layer": "1",
        "name": "Belgachia Bridge",
        "oneway": "yes",
        "source": "Yahoo hires",
        "surface": "asphalt"
      },
      "geometry": {
        "type": "LineString",
        "coordinates": [
          [
            88.3792735,
            22.6037577
          ],
          [
            88.3807585,
            22.6042799
          ],
          [
            88.3812654,
            22.6044532
          ],
          [
            88.3820915,
            22.6047107
          ],
          [
            88.3835225,
            22.6051354
          ]
        ]
      },
      "id": "way/52100418"
    },
    {
      "type": "Feature",
      "properties": {
        "@id": "way/52100423",
        "highway": "primary",
        "name": "Radha Gobinda Kar Road",
        "name:etymology:wikidata": "Q7280172",
        "oneway": "yes",
        "source": "Yahoo hires"
      },
      "geometry": {
        "type": "LineString",
        "coordinates": [
          [
            88.3772339,
            22.6031342
          ],
          [
            88.3773165,
            22.6031606
          ],
          [
            88.3776354,
            22.6032474
          ],
          [
            88.3781634,
            22.6034219
          ],
          [
            88.3784585,
            22.6035271
          ],
          [
            88.378669,
            22.603589
          ],
          [
            88.3789144,
            22.6036571
          ],
          [
            88.3791143,
            22.6037147
          ]
        ]
      },
      "id": "way/52100423"
    },
    {
      "type": "Feature",
      "properties": {
        "@id": "way/52100424",
        "highway": "primary",
        "maxspeed": "40",
        "name": "Bupendra Bose Avenue",
        "name:etymology:wikidata": "Q4902176",
        "oneway": "yes",
        "source": "Yahoo hires"
      },
      "geometry": {
        "type": "LineString",
        "coordinates": [
          [
            88.3735792,
            22.6017945
          ],
          [
            88.3732841,
            22.6015771
          ],
          [
            88.372387,
            22.6013366
          ],
          [
            88.3713318,
            22.6010074
          ],
          [
            88.3700663,
            22.6006481
          ],
          [
            88.3690573,
            22.6004171
          ],
          [
            88.3683218,
            22.600226
          ],
          [
            88.3676418,
            22.6000471
          ],
          [
            88.3669428,
            22.5998745
          ],
          [
            88.3668261,
            22.5998459
          ],
          [
            88.3664979,
            22.5997641
          ]
        ]
      },
      "id": "way/52100424"
    },
    {
      "type": "Feature",
      "properties": {
        "@id": "way/52101394",
        "highway": "primary",
        "name": "Jatinda Mohan Avenue",
        "oneway": "yes"
      },
      "geometry": {
        "type": "LineString",
        "coordinates": [
          [
            88.3664979,
            22.5997641
          ],
          [
            88.3664618,
            22.5996694
          ]
        ]
      },
      "id": "way/52101394"
    },
    {
      "type": "Feature",
      "properties": {
        "@id": "way/52101402",
        "highway": "primary",
        "lanes": "2",
        "name": "Girish Avenue",
        "name:etymology:wikidata": "Q5564293",
        "oneway": "yes",
        "surface": "asphalt"
      },
      "geometry": {
        "type": "LineString",
        "coordinates": [
          [
            88.3677445,
            22.6030061
          ],
          [
            88.367624,
            22.602705
          ],
          [
            88.3675051,
            22.6023883
          ],
          [
            88.3672956,
            22.6018254
          ],
          [
            88.3669314,
            22.6008496
          ],
          [
            88.3668711,
            22.6006947
          ],
          [
            88.3665316,
            22.5998499
          ]
        ]
      },
      "id": "way/52101402"
    },
    {
      "type": "Feature",
      "properties": {
        "@id": "way/52151680",
        "highway": "primary",
        "lane_markings": "no",
        "name": "Bidhan Nagar Road",
        "name:etymology:wikidata": "Q115503441",
        "oneway": "yes",
        "surface": "asphalt"
      },
      "geometry": {
        "type": "LineString",
        "coordinates": [
          [
            88.3893369,
            22.5929867
          ],
          [
            88.3892038,
            22.593026
          ],
          [
            88.389124,
            22.593053
          ],
          [
            88.3890513,
            22.5930768
          ],
          [
            88.3888296,
            22.5931456
          ],
          [
            88.3887365,
            22.593171
          ],
          [
            88.3886167,
            22.5932094
          ],
          [
            88.3881857,
            22.5933519
          ],
          [
            88.3878593,
            22.5934862
          ],
          [
            88.3874585,
            22.5936516
          ],
          [
            88.3873804,
            22.593686
          ],
          [
            88.3871427,
            22.5937826
          ],
          [
            88.3868536,
            22.5938874
          ],
          [
            88.386561,
            22.5939857
          ],
          [
            88.3863659,
            22.5940348
          ],
          [
            88.3862062,
            22.5940561
          ],
          [
            88.3860395,
            22.5940692
          ],
          [
            88.3858923,
            22.5940839
          ],
          [
            88.3857291,
            22.5941232
          ],
          [
            88.3854825,
            22.59421
          ],
          [
            88.3852963,
            22.5942903
          ],
          [
            88.3851491,
            22.5943541
          ],
          [
            88.3849823,
            22.5943934
          ],
          [
            88.3848635,
            22.5944114
          ],
          [
            88.3845939,
            22.5944442
          ],
          [
            88.3843154,
            22.5944475
          ],
          [
            88.3842108,
            22.5944491
          ],
          [
            88.3840547,
            22.5944376
          ],
          [
            88.3835421,
            22.5944147
          ],
          [
            88.3832671,
            22.5944
          ],
          [
            88.3830525,
            22.5943951
          ],
          [
            88.3828787,
            22.5943852
          ],
          [
            88.3822011,
            22.5943541
          ]
        ]
      },
      "id": "way/52151680"
    },
    {
      "type": "Feature",
      "properties": {
        "@id": "way/52151690",
        "alt_name": "Bidhannagar Road",
        "highway": "primary",
        "lanes": "2",
        "name": "Bidhannagar Road",
        "oneway": "yes",
        "surface": "asphalt"
      },
      "geometry": {
        "type": "LineString",
        "coordinates": [
          [
            88.3898987,
            22.5928591
          ],
          [
            88.3900138,
            22.5928189
          ],
          [
            88.3903135,
            22.592713
          ],
          [
            88.3903787,
            22.5926915
          ],
          [
            88.3907629,
            22.5925626
          ]
        ]
      },
      "id": "way/52151690"
    },
    {
      "type": "Feature",
      "properties": {
        "@id": "way/52151691",
        "highway": "primary",
        "lanes": "2",
        "name": "Bidhannagar Road",
        "oneway": "yes"
      },
      "geometry": {
        "type": "LineString",
        "coordinates": [
          [
            88.3933666,
            22.5914451
          ],
          [
            88.3934505,
            22.5913922
          ]
        ]
      },
      "id": "way/52151691"
    },
    {
      "type": "Feature",
      "properties": {
        "@id": "way/52152729",
        "highway": "primary",
        "name": "Diamond Harbour Road",
        "name:etymology:wikidata": "Q1264213",
        "name:zh": "戴蒙德路",
        "oneway": "yes",
        "source": "Yahoo hires"
      },
      "geometry": {
        "type": "LineString",
        "coordinates": [
          [
            88.3259859,
            22.5413719
          ],
          [
            88.3259966,
            22.5413604
          ],
          [
            88.326078,
            22.5412551
          ],
          [
            88.3260811,
            22.5412511
          ],
          [
            88.3268246,
            22.5402876
          ],
          [
            88.3273171,
            22.5396663
          ],
          [
            88.3274259,
            22.5391158
          ],
          [
            88.3274619,
            22.5381159
          ],
          [
            88.3274691,
            22.5379143
          ],
          [
            88.3274586,
            22.5352093
          ],
          [
            88.3272105,
            22.5334092
          ]
        ]
      },
      "id": "way/52152729"
    },
    {
      "type": "Feature",
      "properties": {
        "@id": "way/52152855",
        "bridge": "yes",
        "highway": "primary",
        "layer": "1",
        "maxspeed": "40",
        "name": "Eastern Metropolitan Bypass",
        "oneway": "yes"
      },
      "geometry": {
        "type": "LineString",
        "coordinates": [
          [
            88.396099,
            22.5328448
          ],
          [
            88.3965459,
            22.5346362
          ],
          [
            88.3967585,
            22.5354674
          ],
          [
            88.3970963,
            22.5369267
          ]
        ]
      },
      "id": "way/52152855"
    },
    {
      "type": "Feature",
      "properties": {
        "@id": "way/52152856",
        "highway": "primary",
        "maxspeed": "60",
        "name": "Eastern Metropolitan Bypass",
        "oneway": "yes"
      },
      "geometry": {
        "type": "LineString",
        "coordinates": [
          [
            88.401584,
            22.5139833
          ],
          [
            88.4013981,
            22.5146475
          ],
          [
            88.4008938,
            22.5161552
          ],
          [
            88.4007765,
            22.5164692
          ],
          [
            88.4004322,
            22.5172302
          ],
          [
            88.4000757,
            22.5180179
          ],
          [
            88.399246,
            22.5194795
          ],
          [
            88.399137,
            22.5197868
          ]
        ]
      },
      "id": "way/52152856"
    },
    {
      "type": "Feature",
      "properties": {
        "@id": "way/52155433",
        "highway": "primary",
        "lanes": "2",
        "maxspeed": "60",
        "name": "Chittaranjan Avenue",
        "name:etymology:wikidata": "Q560182",
        "oneway": "yes",
        "surface": "asphalt"
      },
      "geometry": {
        "type": "LineString",
        "coordinates": [
          [
            88.36059,
            22.578097
          ],
          [
            88.3604489,
            22.5776009
          ],
          [
            88.3603354,
            22.5771656
          ],
          [
            88.3602806,
            22.5769556
          ],
          [
            88.3602737,
            22.5769292
          ],
          [
            88.3602608,
            22.5768861
          ],
          [
            88.3601173,
            22.576406
          ],
          [
            88.3599476,
            22.5759278
          ],
          [
            88.3598749,
            22.5755947
          ]
        ]
      },
      "id": "way/52155433"
    },
    {
      "type": "Feature",
      "properties": {
        "@id": "way/92642077",
        "bridge": "yes",
        "highway": "primary",
        "layer": "1",
        "maxspeed": "60",
        "name": "Eastern Metropolitan Bypass Flyover",
        "oneway": "yes"
      },
      "geometry": {
        "type": "LineString",
        "coordinates": [
          [
            88.3886214,
            22.477268
          ],
          [
            88.3887166,
            22.4776154
          ],
          [
            88.3889432,
            22.4780962
          ],
          [
            88.389315,
            22.4788395
          ],
          [
            88.3900198,
            22.4801715
          ],
          [
            88.3907639,
            22.4816067
          ],
          [
            88.3912564,
            22.4825179
          ]
        ]
      },
      "id": "way/92642077"
    },
    {
      "type": "Feature",
      "properties": {
        "@id": "way/103185296",
        "bridge": "yes",
        "highway": "primary",
        "layer": "1",
        "oneway": "yes"
      },
      "geometry": {
        "type": "LineString",
        "coordinates": [
          [
            88.3810907,
            22.5943378
          ],
          [
            88.3783114,
            22.5942252
          ]
        ]
      },
      "id": "way/103185296"
    },
    {
      "type": "Feature",
      "properties": {
        "@id": "way/103185300",
        "alt_name": "Bidhannagar Road",
        "highway": "primary",
        "maxspeed": "40",
        "name": "Shri Aurobindo Sarani",
        "name:etymology:wikidata": "Q192207",
        "oneway": "yes"
      },
      "geometry": {
        "type": "LineString",
        "coordinates": [
          [
            88.3783114,
            22.5942252
          ],
          [
            88.3781577,
            22.5942269
          ],
          [
            88.3780391,
            22.5942211
          ]
        ]
      },
      "id": "way/103185300"
    },
    {
      "type": "Feature",
      "properties": {
        "@id": "way/105015973",
        "highway": "primary",
        "lane_markings": "no",
        "surface": "asphalt"
      },
      "geometry": {
        "type": "LineString",
        "coordinates": [
          [
            88.3694861,
            22.6069385
          ],
          [
            88.3695586,
            22.6071241
          ]
        ]
      },
      "id": "way/105015973"
    },
    {
      "type": "Feature",
      "properties": {
        "@id": "way/105015978",
        "highway": "primary",
        "surface": "asphalt"
      },
      "geometry": {
        "type": "LineString",
        "coordinates": [
          [
            88.3698515,
            22.6076883
          ],
          [
            88.3698722,
            22.6077426
          ]
        ]
      },
      "id": "way/105015978"
    },
    {
      "type": "Feature",
      "properties": {
        "@id": "way/105019216",
        "highway": "primary",
        "name": "Chittaranjan Avenue",
        "name:etymology:wikidata": "Q560182",
        "oneway": "yes"
      },
      "geometry": {
        "type": "LineString",
        "coordinates": [
          [
            88.3637941,
            22.5902693
          ],
          [
            88.3635563,
            22.5893599
          ]
        ]
      },
      "id": "way/105019216"
    },
    {
      "type": "Feature",
      "properties": {
        "@id": "way/105297359",
        "highway": "primary",
        "lane_markings": "no",
        "name": "Khirode Vidyavinode Avenue",
        "name:etymology:wikidata": "Q6440793",
        "oneway": "yes",
        "surface": "asphalt"
      },
      "geometry": {
        "type": "LineString",
        "coordinates": [
          [
            88.3694861,
            22.6069385
          ],
          [
            88.3694736,
            22.6068162
          ],
          [
            88.3692812,
            22.6064459
          ],
          [
            88.3691094,
            22.6060947
          ],
          [
            88.3686963,
            22.6054332
          ],
          [
            88.3686404,
            22.6053096
          ],
          [
            88.3685894,
            22.605197
          ],
          [
            88.3683792,
            22.6047324
          ],
          [
            88.368231,
            22.6043102
          ],
          [
            88.3680389,
            22.603819
          ]
        ]
      },
      "id": "way/105297359"
    },
    {
      "type": "Feature",
      "properties": {
        "@id": "way/105578148",
        "highway": "primary",
        "lane_markings": "no",
        "maxspeed": "40",
        "name": "Bidhan Sarani",
        "name:etymology:wikidata": "Q2901773",
        "oneway": "yes",
        "ref": "SH1",
        "source": "Yahoo hires",
        "surface": "asphalt"
      },
      "geometry": {
        "type": "LineString",
        "coordinates": [
          [
            88.373956,
            22.605319
          ],
          [
            88.3738597,
            22.6051245
          ],
          [
            88.3734893,
            22.6042765
          ],
          [
            88.3734734,
            22.6042289
          ],
          [
            88.3734496,
            22.604158
          ],
          [
            88.3733708,
            22.6038851
          ],
          [
            88.3733746,
            22.6037131
          ],
          [
            88.3733764,
            22.603585
          ],
          [
            88.373398,
            22.6034287
          ],
          [
            88.3735143,
            22.6028419
          ]
        ]
      },
      "id": "way/105578148"
    },
    {
      "type": "Feature",
      "properties": {
        "@id": "way/105578155",
        "highway": "primary",
        "maxspeed": "40",
        "name": "State Highway 1",
        "oneway": "yes",
        "ref": "SH1",
        "source": "Yahoo hires"
      },
      "geometry": {
        "type": "LineString",
        "coordinates": [
          [
            88.373686,
            22.6018203
          ],
          [
            88.3737072,
            22.6017609
          ],
          [
            88.3737152,
            22.6017383
          ],
          [
            88.3737509,
            22.6016384
          ],
          [
            88.3737899,
            22.6015288
          ],
          [
            88.3739135,
            22.6011822
          ],
          [
            88.374029,
            22.6007101
          ],
          [
            88.3740796,
            22.6005033
          ],
          [
            88.374098,
            22.6004279
          ],
          [
            88.3741334,
            22.6002833
          ],
          [
            88.3742088,
            22.5999834
          ],
          [
            88.3742612,
            22.5997749
          ],
          [
            88.3742729,
            22.5997286
          ],
          [
            88.3743448,
            22.599485
          ],
          [
            88.3743961,
            22.5992868
          ],
          [
            88.3745494,
            22.5986821
          ],
          [
            88.3745974,
            22.598493
          ],
          [
            88.3746819,
            22.5981413
          ],
          [
            88.3747959,
            22.5977142
          ],
          [
            88.374816,
            22.5976362
          ],
          [
            88.3748442,
            22.5975173
          ],
          [
            88.3748761,
            22.5973959
          ],
          [
            88.3749408,
            22.5971483
          ],
          [
            88.3750319,
            22.5968066
          ],
          [
            88.3751044,
            22.5964897
          ],
          [
            88.3751795,
            22.5961851
          ],
          [
            88.3752546,
            22.5958978
          ],
          [
            88.3753511,
            22.5954917
          ],
          [
            88.3753753,
            22.5953431
          ],
          [
            88.3754021,
            22.5950658
          ],
          [
            88.3754155,
            22.594724
          ],
          [
            88.3754,
            22.5941842
          ]
        ]
      },
      "id": "way/105578155"
    },
    {
      "type": "Feature",
      "properties": {
        "@id": "way/105605179",
        "highway": "primary",
        "lane_markings": "no",
        "maxspeed": "40",
        "name": "Vivekananda Road",
        "name:etymology:wikidata": "Q47478",
        "name:zh": "辩喜路",
        "oneway": "yes",
        "surface": "asphalt"
      },
      "geometry": {
        "type": "LineString",
        "coordinates": [
          [
            88.3675298,
            22.5857129
          ],
          [
            88.3676161,
            22.5857094
          ],
          [
            88.3676909,
            22.5857074
          ],
          [
            88.3681095,
            22.5856816
          ],
          [
            88.3685972,
            22.5856417
          ],
          [
            88.3689847,
            22.5855948
          ],
          [
            88.3690259,
            22.5855898
          ],
          [
            88.3695659,
            22.585533
          ],
          [
            88.369641,
            22.5855317
          ],
          [
            88.3697346,
            22.5855302
          ],
          [
            88.3702106,
            22.5854833
          ],
          [
            88.37041,
            22.5854663
          ],
          [
            88.3705167,
            22.5854559
          ],
          [
            88.3707132,
            22.585448
          ],
          [
            88.3712293,
            22.5854262
          ],
          [
            88.3715267,
            22.5854281
          ],
          [
            88.371725,
            22.5854294
          ]
        ]
      },
      "id": "way/105605179"
    },
    {
      "type": "Feature",
      "properties": {
        "@id": "way/105605195",
        "bridge": "yes",
        "highway": "primary",
        "layer": "1",
        "name": "Vivekananda Road"
      },
      "geometry": {
        "type": "LineString",
        "coordinates": [
          [
            88.3789764,
            22.5837985
          ],
          [
            88.3796175,
            22.5835202
          ]
        ]
      },
      "id": "way/105605195"
    },
    {
      "type": "Feature",
      "properties": {
        "@id": "way/105833316",
        "alt_name": "Acharya Jagadish Chandra Bose Road",
        "bridge": "viaduct",
        "bridge:name": "Sealdah Flyover",
        "highway": "primary",
        "layer": "1",
        "maxspeed": "40",
        "name": "Vidyapati Flyover",
        "name:etymology:wikidata": "Q314267",
        "oneway": "yes",
        "ref": "SH1",
        "source": "Yahoo hires"
      },
      "geometry": {
        "type": "LineString",
        "coordinates": [
          [
            88.3701484,
            22.5685761
          ],
          [
            88.3695029,
            22.5672592
          ],
          [
            88.3694882,
            22.5672264
          ],
          [
            88.369081,
            22.5663208
          ],
          [
            88.3688709,
            22.5658624
          ]
        ]
      },
      "id": "way/105833316"
    },
    {
      "type": "Feature",
      "properties": {
        "@id": "way/113279097",
        "alt_name": "Mother Teresa Sarani",
        "highway": "primary",
        "maxspeed": "40",
        "name": "Mother Teresa Sarani",
        "name:etymology:wikidata": "Q30547",
        "old_name": "Park Street",
        "oneway": "yes",
        "oneway:conditional": "yes @ (13:00-22:00); -1 @ (07:00-13:00)"
      },
      "geometry": {
        "type": "LineString",
        "coordinates": [
          [
            88.3614936,
            22.5466964
          ],
          [
            88.3615256,
            22.5466684
          ],
          [
            88.3615711,
            22.5466319
          ],
          [
            88.3616274,
            22.5465867
          ],
          [
            88.3617699,
            22.5464724
          ],
          [
            88.3621536,
            22.5461645
          ],
          [
            88.3625858,
            22.5458319
          ],
          [
            88.3628109,
            22.5456711
          ],
          [
            88.3637617,
            22.5449916
          ],
          [
            88.3650171,
            22.5441009
          ]
        ]
      },
      "id": "way/113279097"
    },
    {
      "type": "Feature",
      "properties": {
        "@id": "way/116504876",
        "bridge": "yes",
        "highway": "primary",
        "lane_markings": "no",
        "layer": "1",
        "name": "Lock Gate Road Flyover",
        "surface": "asphalt"
      },
      "geometry": {
        "type": "LineString",
        "coordinates": [
          [
            88.3711621,
            22.6096706
          ],
          [
            88.3705432,
            22.6088192
          ],
          [
            88.3701782,
            22.6082901
          ],
          [
            88.3699687,
            22.6078957
          ]
        ]
      },
      "id": "way/116504876"
    },
    {
      "type": "Feature",
      "properties": {
        "@id": "way/116763508",
        "bridge": "yes",
        "highway": "primary",
        "layer": "1",
        "name": "Lock Gate Road Flyover"
      },
      "geometry": {
        "type": "LineString",
        "coordinates": [
          [
            88.3787016,
            22.6159443
          ],
          [
            88.3786154,
            22.6158877
          ],
          [
            88.3772737,
            22.6147836
          ],
          [
            88.377021,
            22.6145756
          ]
        ]
      },
      "id": "way/116763508"
    },
    {
      "type": "Feature",
      "properties": {
        "@id": "way/118395480",
        "highway": "primary",
        "lanes": "3",
        "maxspeed": "40",
        "name": "Rash Behari Avenue",
        "name:bn": "রাসবিহারী এভেনিউ",
        "name:etymology:wikidata": "Q7294817",
        "oneway": "yes",
        "surface": "asphalt"
      },
      "geometry": {
        "type": "LineString",
        "coordinates": [
          [
            88.3653392,
            22.5197455
          ],
          [
            88.3654297,
            22.5197789
          ],
          [
            88.3659846,
            22.5199837
          ],
          [
            88.3671628,
            22.5204711
          ],
          [
            88.367295,
            22.5205258
          ],
          [
            88.3676285,
            22.520668
          ],
          [
            88.3680915,
            22.520861
          ],
          [
            88.3683171,
            22.5209496
          ],
          [
            88.3685082,
            22.5210284
          ]
        ]
      },
      "id": "way/118395480"
    },
    {
      "type": "Feature",
      "properties": {
        "@id": "way/141913199",
        "highway": "primary",
        "maxspeed": "40",
        "name": "Raja Subodh Chandra Mullick Road",
        "name:etymology:wikidata": "Q21176797",
        "oneway": "yes",
        "ref": "SH1"
      },
      "geometry": {
        "type": "LineString",
        "coordinates": [
          [
            88.375924,
            22.4807362
          ],
          [
            88.3758937,
            22.4805649
          ],
          [
            88.3758632,
            22.4803626
          ],
          [
            88.3758595,
            22.480203
          ],
          [
            88.3758761,
            22.4801272
          ],
          [
            88.3759168,
            22.4799979
          ],
          [
            88.3759518,
            22.4799129
          ],
          [
            88.3759984,
            22.4798188
          ],
          [
            88.3760707,
            22.4796648
          ],
          [
            88.3761169,
            22.4795653
          ],
          [
            88.3761385,
            22.4795086
          ],
          [
            88.3761511,
            22.4794549
          ],
          [
            88.3761652,
            22.4793763
          ],
          [
            88.3761799,
            22.4792276
          ],
          [
            88.376188,
            22.479095
          ],
          [
            88.3762173,
            22.4787119
          ],
          [
            88.3762315,
            22.4786113
          ],
          [
            88.3762701,
            22.478221
          ],
          [
            88.3763038,
            22.4776656
          ],
          [
            88.3763061,
            22.4775645
          ],
          [
            88.3763177,
            22.4774262
          ],
          [
            88.3763387,
            22.477119
          ],
          [
            88.3763675,
            22.4766972
          ],
          [
            88.3764039,
            22.4760961
          ],
          [
            88.3764401,
            22.475639
          ],
          [
            88.3764453,
            22.4755413
          ],
          [
            88.3764547,
            22.4753662
          ],
          [
            88.3764604,
            22.475227
          ],
          [
            88.3764857,
            22.4749064
          ],
          [
            88.3765152,
            22.4743463
          ],
          [
            88.3765165,
            22.4743051
          ],
          [
            88.376526,
            22.4739947
          ],
          [
            88.3765275,
            22.4739418
          ],
          [
            88.376538,
            22.4735618
          ],
          [
            88.3765434,
            22.4734305
          ],
          [
            88.3765434,
            22.4732124
          ],
          [
            88.3765393,
            22.4730512
          ],
          [
            88.376534,
            22.4729075
          ],
          [
            88.3765152,
            22.4725841
          ],
          [
            88.3765084,
            22.4724292
          ],
          [
            88.3765031,
            22.4722965
          ],
          [
            88.3765119,
            22.4722139
          ],
          [
            88.37654,
            22.4721584
          ],
          [
            88.3765715,
            22.4721224
          ],
          [
            88.3766238,
            22.4720822
          ],
          [
            88.376727,
            22.4720289
          ],
          [
            88.3768302,
            22.4719744
          ],
          [
            88.3769181,
            22.4719357
          ]
        ]
      },
      "id": "way/141913199"
    },
    {
      "type": "Feature",
      "properties": {
        "@id": "way/145795580",
        "alt_name": "Rash Behari Avenue",
        "highway": "primary",
        "lanes": "3",
        "name": "Rash Behari Avenue",
        "name:etymology:wikidata": "Q7294817",
        "oneway": "yes",
        "surface": "asphalt"
      },
      "geometry": {
        "type": "LineString",
        "coordinates": [
          [
            88.3694501,
            22.5211451
          ],
          [
            88.369354,
            22.5211506
          ],
          [
            88.3691517,
            22.5211339
          ]
        ]
      },
      "id": "way/145795580"
    },
    {
      "type": "Feature",
      "properties": {
        "@id": "way/145803016",
        "highway": "primary",
        "maxspeed": "40",
        "name": "Shyama Prasad Mukherjee Road",
        "name:etymology:wikidata": "Q3344992",
        "oneway": "yes",
        "surface": "asphalt"
      },
      "geometry": {
        "type": "LineString",
        "coordinates": [
          [
            88.3464317,
            22.5239821
          ],
          [
            88.346435,
            22.52423
          ],
          [
            88.3464232,
            22.5245102
          ],
          [
            88.3464072,
            22.5247524
          ],
          [
            88.3464006,
            22.5248522
          ],
          [
            88.3463614,
            22.5254461
          ],
          [
            88.3463536,
            22.5255766
          ],
          [
            88.3462636,
            22.5261829
          ],
          [
            88.3462385,
            22.5263125
          ],
          [
            88.3462104,
            22.5264348
          ],
          [
            88.346195,
            22.5265065
          ],
          [
            88.346115,
            22.5267678
          ],
          [
            88.345895,
            22.5274582
          ],
          [
            88.3458319,
            22.5276587
          ],
          [
            88.3457902,
            22.5277871
          ],
          [
            88.3457385,
            22.5279458
          ],
          [
            88.3457208,
            22.5280003
          ],
          [
            88.3456832,
            22.5280982
          ],
          [
            88.3456282,
            22.5282827
          ],
          [
            88.345611,
            22.5283386
          ],
          [
            88.3454485,
            22.5288253
          ],
          [
            88.3453761,
            22.5291065
          ]
        ]
      },
      "id": "way/145803016"
    },
    {
      "type": "Feature",
      "properties": {
        "@id": "way/145803033",
        "highway": "primary",
        "lanes": "3",
        "maxspeed": "40",
        "name": "Deshapran Sashmal Road",
        "name:etymology:wikidata": "Q4916200",
        "oneway": "yes"
      },
      "geometry": {
        "type": "LineString",
        "coordinates": [
          [
            88.3451642,
            22.4932382
          ],
          [
            88.3452016,
            22.4933442
          ],
          [
            88.345361,
            22.4939558
          ],
          [
            88.3454387,
            22.4943536
          ],
          [
            88.3454676,
            22.4945398
          ],
          [
            88.3454753,
            22.4946866
          ],
          [
            88.3454463,
            22.4953336
          ],
          [
            88.3454378,
            22.4956812
          ],
          [
            88.3454018,
            22.4960213
          ],
          [
            88.3453611,
            22.496286
          ],
          [
            88.345344,
            22.4964433
          ],
          [
            88.345315,
            22.4970458
          ],
          [
            88.3452059,
            22.4987245
          ],
          [
            88.3451399,
            22.4993863
          ],
          [
            88.3450772,
            22.5001162
          ],
          [
            88.3450545,
            22.5004007
          ],
          [
            88.3450097,
            22.5005661
          ],
          [
            88.3449682,
            22.500752
          ],
          [
            88.3449528,
            22.5008798
          ],
          [
            88.3449219,
            22.5011792
          ],
          [
            88.3449282,
            22.50135
          ]
        ]
      },
      "id": "way/145803033"
    },
    {
      "type": "Feature",
      "properties": {
        "@id": "way/145803041",
        "highway": "primary",
        "lanes": "3",
        "name": "Rash Behari Avenue",
        "name:etymology:wikidata": "Q7294817",
        "oneway": "yes"
      },
      "geometry": {
        "type": "LineString",
        "coordinates": [
          [
            88.3458997,
            22.5169563
          ],
          [
            88.3458474,
            22.5169506
          ],
          [
            88.3458051,
            22.5169459
          ],
          [
            88.3457863,
            22.5169439
          ],
          [
            88.3457575,
            22.5169407
          ],
          [
            88.3456901,
            22.5169333
          ]
        ]
      },
      "id": "way/145803041"
    },
    {
      "type": "Feature",
      "properties": {
        "@id": "way/145803044",
        "highway": "primary",
        "lanes": "4",
        "maxspeed:bus": "40",
        "maxspeed:motorcar": "50",
        "maxspeed:motorcycle": "50",
        "name": "Shyama Prasad Mukherjee Road",
        "name:etymology:wikidata": "Q3344992",
        "oneway": "yes",
        "width": "12"
      },
      "geometry": {
        "type": "LineString",
        "coordinates": [
          [
            88.3457099,
            22.5170587
          ],
          [
            88.3458253,
            22.5176687
          ],
          [
            88.345848,
            22.517794
          ],
          [
            88.3458854,
            22.5180001
          ],
          [
            88.3459192,
            22.5181865
          ],
          [
            88.3459711,
            22.51847
          ],
          [
            88.3459916,
            22.5186053
          ],
          [
            88.3460276,
            22.5187432
          ],
          [
            88.3461325,
            22.5191452
          ],
          [
            88.3461901,
            22.5193659
          ],
          [
            88.3462642,
            22.5196512
          ],
          [
            88.3462926,
            22.5197606
          ],
          [
            88.3463514,
            22.520009
          ],
          [
            88.3464261,
            22.5203248
          ],
          [
            88.3464745,
            22.5205651
          ],
          [
            88.346512,
            22.5207509
          ],
          [
            88.346581,
            22.5212127
          ],
          [
            88.3465897,
            22.5212712
          ],
          [
            88.3465947,
            22.5215247
          ],
          [
            88.3465978,
            22.521685
          ],
          [
            88.3465805,
            22.5220285
          ],
          [
            88.346557,
            22.5222363
          ]
        ]
      },
      "id": "way/145803044"
    },
    {
      "type": "Feature",
      "properties": {
        "@id": "way/150612579",
        "highway": "primary",
        "lit": "yes",
        "maxspeed": "60",
        "name": "Eastern Metropolitan Bypass",
        "oneway": "yes",
        "ref": "SH3"
      },
      "geometry": {
        "type": "LineString",
        "coordinates": [
          [
            88.4037824,
            22.5711421
          ],
          [
            88.4037061,
            22.5713121
          ],
          [
            88.4035928,
            22.5715546
          ],
          [
            88.403283,
            22.5722175
          ],
          [
            88.4031656,
            22.5725293
          ],
          [
            88.4028812,
            22.573572
          ],
          [
            88.4027765,
            22.5739516
          ],
          [
            88.4025138,
            22.5749739
          ],
          [
            88.4025082,
            22.5749949
          ],
          [
            88.4022536,
            22.5759619
          ],
          [
            88.4020819,
            22.5766385
          ],
          [
            88.401944,
            22.5771821
          ],
          [
            88.401803,
            22.5777377
          ],
          [
            88.4012853,
            22.5798873
          ],
          [
            88.401162,
            22.5803677
          ]
        ]
      },
      "id": "way/150612579"
    },
    {
      "type": "Feature",
      "properties": {
        "@id": "way/153575939",
        "bridge": "viaduct",
        "highway": "primary",
        "layer": "1",
        "maxspeed": "60",
        "name": "Ultadanga Flyover",
        "name:etymology:wikidata": "Q7880078",
        "oneway": "yes",
        "ref": "SH3",
        "surface": "asphalt"
      },
      "geometry": {
        "type": "LineString",
        "coordinates": [
          [
            88.3976823,
            22.5874672
          ],
          [
            88.3976162,
            22.5876012
          ],
          [
            88.3974601,
            22.5879079
          ],
          [
            88.3973501,
            22.5881353
          ],
          [
            88.3972411,
            22.5883501
          ],
          [
            88.3971499,
            22.5885349
          ],
          [
            88.3970724,
            22.5886926
          ],
          [
            88.39691,
            22.5890622
          ],
          [
            88.3967392,
            22.5894511
          ]
        ]
      },
      "id": "way/153575939"
    },
    {
      "type": "Feature",
      "properties": {
        "@id": "way/153584769",
        "bridge": "yes",
        "highway": "primary",
        "lanes": "2",
        "layer": "1",
        "lit": "yes",
        "maxspeed": "40",
        "name": "Kazi Nazrul Islam Avenue",
        "name:etymology:wikidata": "Q334818",
        "oneway": "yes"
      },
      "geometry": {
        "type": "LineString",
        "coordinates": [
          [
            88.3951047,
            22.5925056
          ],
          [
            88.3937215,
            22.591594
          ]
        ]
      },
      "id": "way/153584769"
    },
    {
      "type": "Feature",
      "properties": {
        "@id": "way/153584770",
        "highway": "primary",
        "lanes": "2",
        "oneway": "yes"
      },
      "geometry": {
        "type": "LineString",
        "coordinates": [
          [
            88.3932005,
            22.591034
          ],
          [
            88.3932032,
            22.5910514
          ],
          [
            88.3932131,
            22.591101
          ],
          [
            88.393233,
            22.5911949
          ],
          [
            88.3932661,
            22.5912937
          ],
          [
            88.3932975,
            22.5913569
          ],
          [
            88.3933302,
            22.5914067
          ],
          [
            88.3933666,
            22.5914451
          ]
        ]
      },
      "id": "way/153584770"
    },
    {
      "type": "Feature",
      "properties": {
        "@id": "way/153684058",
        "highway": "primary",
        "lit": "yes",
        "maxspeed": "60",
        "name": "Ultadanga Flyover",
        "name:etymology:wikidata": "Q7880078",
        "oneway": "yes",
        "ref": "SH3",
        "sidewalk": "left",
        "surface": "asphalt"
      },
      "geometry": {
        "type": "LineString",
        "coordinates": [
          [
            88.3985001,
            22.5862254
          ],
          [
            88.3986456,
            22.5860033
          ],
          [
            88.3987382,
            22.5858712
          ],
          [
            88.3988286,
            22.5856983
          ]
        ]
      },
      "id": "way/153684058"
    },
    {
      "type": "Feature",
      "properties": {
        "@id": "way/153686901",
        "bridge": "yes",
        "highway": "primary",
        "lanes": "2",
        "layer": "1",
        "lit": "yes",
        "maxspeed": "60",
        "name": "Ultadanga Flyover",
        "name:etymology:wikidata": "Q7880078",
        "oneway": "yes",
        "ref": "SH3",
        "surface": "asphalt"
      },
      "geometry": {
        "type": "LineString",
        "coordinates": [
          [
            88.3953981,
            22.5918851
          ],
          [
            88.3954417,
            22.591809
          ],
          [
            88.3955087,
            22.5916939
          ],
          [
            88.3955947,
            22.5915787
          ],
          [
            88.3956887,
            22.5914591
          ],
          [
            88.3958223,
            22.591296
          ],
          [
            88.3959898,
            22.5910853
          ],
          [
            88.3961024,
            22.5909266
          ],
          [
            88.396181,
            22.5908062
          ],
          [
            88.3962313,
            22.5907241
          ],
          [
            88.3963173,
            22.5905763
          ],
          [
            88.3964195,
            22.5903834
          ],
          [
            88.3964951,
            22.5902302
          ],
          [
            88.3966003,
            22.5900003
          ],
          [
            88.3967648,
            22.5896268
          ],
          [
            88.3969456,
            22.5891971
          ],
          [
            88.3970927,
            22.58888
          ],
          [
            88.3972005,
            22.5886485
          ],
          [
            88.3973606,
            22.5883242
          ],
          [
            88.3975384,
            22.5879671
          ],
          [
            88.3977311,
            22.587584
          ],
          [
            88.3977674,
            22.5875129
          ]
        ]
      },
      "id": "way/153686901"
    },
    {
      "type": "Feature",
      "properties": {
        "@id": "way/153753347",
        "highway": "primary",
        "lanes": "4",
        "maxspeed": "60",
        "name": "Eastern Metropolitan Bypass",
        "oneway": "yes",
        "ref": "SH3",
        "turn:bus:lanes": "left;through|through|through|through",
        "turn:lanes": "through|through|through|through"
      },
      "geometry": {
        "type": "LineString",
        "coordinates": [
          [
            88.4082822,
            22.5619194
          ],
          [
            88.4077644,
            22.5628735
          ],
          [
            88.4076117,
            22.5631803
          ],
          [
            88.406899,
            22.5647841
          ],
          [
            88.4065678,
            22.5655225
          ],
          [
            88.4062572,
            22.5662213
          ],
          [
            88.4060042,
            22.5667451
          ],
          [
            88.4055408,
            22.5677506
          ],
          [
            88.4050754,
            22.56865
          ],
          [
            88.4047064,
            22.5693528
          ],
          [
            88.4043428,
            22.5700452
          ],
          [
            88.4039621,
            22.5707751
          ]
        ]
      },
      "id": "way/153753347"
    },
    {
      "type": "Feature",
      "properties": {
        "@id": "way/153753348",
        "highway": "primary",
        "maxspeed": "60",
        "name": "Eastern Metropolitan Bypass",
        "oneway": "yes",
        "ref": "SH3"
      },
      "geometry": {
        "type": "LineString",
        "coordinates": [
          [
            88.4041925,
            22.5706541
          ],
          [
            88.4046741,
            22.5697472
          ],
          [
            88.4051731,
            22.5688075
          ],
          [
            88.4052546,
            22.568654
          ],
          [
            88.4054921,
            22.5682042
          ],
          [
            88.4057139,
            22.5677644
          ],
          [
            88.4058158,
            22.5675654
          ],
          [
            88.4058636,
            22.5674721
          ],
          [
            88.4060196,
            22.5671551
          ],
          [
            88.4061788,
            22.5668037
          ],
          [
            88.4064105,
            22.5662805
          ],
          [
            88.4067211,
            22.5655817
          ],
          [
            88.4070524,
            22.5648431
          ],
          [
            88.4076304,
            22.563532
          ],
          [
            88.4077686,
            22.5632186
          ],
          [
            88.4082162,
            22.5622809
          ],
          [
            88.4083216,
            22.5621135
          ]
        ]
      },
      "id": "way/153753348"
    },
    {
      "type": "Feature",
      "properties": {
        "@id": "way/153753349",
        "highway": "primary",
        "lanes": "2",
        "maxspeed": "40",
        "name": "Eastern Metropolitan Bypass",
        "oneway": "yes",
        "surface": "asphalt"
      },
      "geometry": {
        "type": "LineString",
        "coordinates": [
          [
            88.4114756,
            22.5550052
          ],
          [
            88.411543,
            22.5551619
          ],
          [
            88.4116254,
            22.5552697
          ],
          [
            88.4117077,
            22.5554123
          ],
          [
            88.4117754,
            22.5555415
          ],
          [
            88.4118421,
            22.5556688
          ]
        ]
      },
      "id": "way/153753349"
    },
    {
      "type": "Feature",
      "properties": {
        "@id": "way/153755340",
        "bridge": "yes",
        "highway": "primary",
        "layer": "1",
        "maxspeed": "60",
        "name": "Eastern Metropolitan Bypass",
        "oneway": "yes",
        "ref": "SH3"
      },
      "geometry": {
        "type": "LineString",
        "coordinates": [
          [
            88.4113775,
            22.5583294
          ],
          [
            88.4115515,
            22.5581077
          ]
        ]
      },
      "id": "way/153755340"
    },
    {
      "type": "Feature",
      "properties": {
        "@id": "way/153755342",
        "bridge": "yes",
        "highway": "primary",
        "lanes": "2",
        "layer": "1",
        "name": "Eastern Metropolitan Bypass",
        "oneway": "yes",
        "ref": "SH3"
      },
      "geometry": {
        "type": "LineString",
        "coordinates": [
          [
            88.4114245,
            22.558064
          ],
          [
            88.4111486,
            22.5583538
          ]
        ]
      },
      "id": "way/153755342"
    },
    {
      "type": "Feature",
      "properties": {
        "@id": "way/153755754",
        "highway": "primary",
        "lanes": "3",
        "maxspeed": "60",
        "name": "Eastern Metropolitan Bypass",
        "oneway": "yes",
        "ref": "SH3",
        "surface": "asphalt",
        "turn:lanes": "through|through|through"
      },
      "geometry": {
        "type": "LineString",
        "coordinates": [
          [
            88.4107797,
            22.5587645
          ],
          [
            88.4101494,
            22.5594727
          ],
          [
            88.4094408,
            22.5602839
          ],
          [
            88.4089336,
            22.560898
          ],
          [
            88.4086643,
            22.5612812
          ],
          [
            88.4085502,
            22.5614649
          ],
          [
            88.4084717,
            22.5616024
          ]
        ]
      },
      "id": "way/153755754"
    },
    {
      "type": "Feature",
      "properties": {
        "@id": "way/153755756",
        "highway": "primary",
        "maxspeed": "60",
        "name": "Eastern Metropolitan Bypass",
        "oneway": "yes",
        "ref": "SH3",
        "surface": "asphalt"
      },
      "geometry": {
        "type": "LineString",
        "coordinates": [
          [
            88.4121598,
            22.5564412
          ],
          [
            88.4121813,
            22.5566861
          ],
          [
            88.4121833,
            22.5567702
          ],
          [
            88.412161,
            22.556926
          ],
          [
            88.412104,
            22.5570989
          ],
          [
            88.4120464,
            22.5572422
          ],
          [
            88.4119909,
            22.55736
          ],
          [
            88.4119293,
            22.5574656
          ],
          [
            88.4118576,
            22.5575659
          ],
          [
            88.411624,
            22.5578279
          ]
        ]
      },
      "id": "way/153755756"
    },
    {
      "type": "Feature",
      "properties": {
        "@id": "way/153755758",
        "bridge": "yes",
        "highway": "primary",
        "layer": "1",
        "maxspeed": "60",
        "name": "Eastern Metropolitan Bypass",
        "oneway": "yes",
        "ref": "SH3",
        "surface": "asphalt"
      },
      "geometry": {
        "type": "LineString",
        "coordinates": [
          [
            88.4122717,
            22.5564221
          ],
          [
            88.4122373,
            22.5562105
          ],
          [
            88.4121826,
            22.5560104
          ],
          [
            88.4121248,
            22.555806
          ],
          [
            88.4120877,
            22.5557078
          ],
          [
            88.4120613,
            22.5556322
          ]
        ]
      },
      "id": "way/153755758"
    },
    {
      "type": "Feature",
      "properties": {
        "@id": "way/153755759",
        "bridge": "yes",
        "highway": "primary",
        "lanes": "2",
        "layer": "1",
        "maxspeed": "60",
        "name": "Eastern Metropolitan Bypass",
        "oneway": "yes",
        "ref": "SH3",
        "surface": "asphalt"
      },
      "geometry": {
        "type": "LineString",
        "coordinates": [
          [
            88.4119118,
            22.5556411
          ],
          [
            88.4119807,
            22.5557842
          ],
          [
            88.4120388,
            22.5559513
          ],
          [
            88.4120836,
            22.5561147
          ],
          [
            88.4121598,
            22.5564412
          ]
        ]
      },
      "id": "way/153755759"
    },
    {
      "type": "Feature",
      "properties": {
        "@id": "way/153755760",
        "highway": "primary",
        "maxspeed": "60",
        "name": "Eastern Metropolitan Bypass",
        "oneway": "yes",
        "ref": "SH3"
      },
      "geometry": {
        "type": "LineString",
        "coordinates": [
          [
            88.4120613,
            22.5556322
          ],
          [
            88.4120431,
            22.555589
          ],
          [
            88.4119065,
            22.5553399
          ],
          [
            88.4117875,
            22.5551754
          ],
          [
            88.4117066,
            22.5550737
          ],
          [
            88.411565,
            22.5549256
          ],
          [
            88.4112444,
            22.5546384
          ],
          [
            88.4109621,
            22.5543883
          ],
          [
            88.4107967,
            22.554245
          ]
        ]
      },
      "id": "way/153755760"
    },
    {
      "type": "Feature",
      "properties": {
        "@id": "way/153755861",
        "bridge": "viaduct",
        "highway": "primary",
        "layer": "1",
        "maxspeed": "40",
        "motorroad": "no",
        "name": "Chingrighata Flyover",
        "oneway": "yes",
        "surface": "asphalt"
      },
      "geometry": {
        "type": "LineString",
        "coordinates": [
          [
            88.4118421,
            22.5556688
          ],
          [
            88.4118983,
            22.5558182
          ],
          [
            88.4119619,
            22.5561017
          ],
          [
            88.412062,
            22.5565199
          ],
          [
            88.4120834,
            22.5566599
          ],
          [
            88.4120845,
            22.5567695
          ],
          [
            88.4120772,
            22.5568547
          ],
          [
            88.4120602,
            22.5569287
          ],
          [
            88.4120178,
            22.557043
          ],
          [
            88.4119729,
            22.5571494
          ],
          [
            88.4119328,
            22.5572469
          ],
          [
            88.4118952,
            22.5573533
          ],
          [
            88.4118673,
            22.5574497
          ],
          [
            88.4118479,
            22.5575472
          ],
          [
            88.4118394,
            22.5576357
          ],
          [
            88.4118418,
            22.5577074
          ],
          [
            88.4118527,
            22.5577702
          ],
          [
            88.4118734,
            22.5578385
          ],
          [
            88.4119025,
            22.5579013
          ],
          [
            88.4119401,
            22.5579539
          ],
          [
            88.4120469,
            22.5580637
          ],
          [
            88.4121342,
            22.5581186
          ],
          [
            88.4122374,
            22.5581601
          ],
          [
            88.4123454,
            22.5581915
          ],
          [
            88.4124655,
            22.5582184
          ],
          [
            88.412605,
            22.5582486
          ],
          [
            88.412753,
            22.5582878
          ],
          [
            88.4128756,
            22.5583338
          ],
          [
            88.4129751,
            22.558382
          ],
          [
            88.4130503,
            22.5584301
          ],
          [
            88.4131267,
            22.5584985
          ],
          [
            88.4131838,
            22.5585635
          ],
          [
            88.4132626,
            22.55868
          ],
          [
            88.4133221,
            22.5587809
          ],
          [
            88.413407,
            22.5589601
          ],
          [
            88.4134835,
            22.559108
          ],
          [
            88.4135389,
            22.5592022
          ],
          [
            88.4135994,
            22.5592972
          ]
        ]
      },
      "id": "way/153755861"
    },
    {
      "type": "Feature",
      "properties": {
        "@id": "way/153755865",
        "highway": "primary",
        "maxspeed": "60",
        "name": "Eastern Metropolitan Bypass",
        "oneway": "yes",
        "ref": "SH3",
        "surface": "asphalt"
      },
      "geometry": {
        "type": "LineString",
        "coordinates": [
          [
            88.4107131,
            22.5543264
          ],
          [
            88.4111207,
            22.5546807
          ],
          [
            88.4113852,
            22.5549171
          ],
          [
            88.4114756,
            22.5550052
          ]
        ]
      },
      "id": "way/153755865"
    },
    {
      "type": "Feature",
      "properties": {
        "@id": "way/153760217",
        "highway": "primary",
        "lanes": "2",
        "maxspeed": "60",
        "name": "Eastern Metropolitan Bypass",
        "oneway": "yes",
        "ref": "SH3",
        "surface": "asphalt"
      },
      "geometry": {
        "type": "LineString",
        "coordinates": [
          [
            88.4069528,
            22.5524934
          ],
          [
            88.4073348,
            22.5525359
          ],
          [
            88.4076128,
            22.5525749
          ],
          [
            88.4078033,
            22.5526099
          ],
          [
            88.4080231,
            22.5526601
          ],
          [
            88.4082844,
            22.5527364
          ],
          [
            88.4085228,
            22.5528118
          ],
          [
            88.4086433,
            22.5528541
          ],
          [
            88.4087702,
            22.5529084
          ],
          [
            88.4089101,
            22.5529715
          ],
          [
            88.4089813,
            22.5530078
          ],
          [
            88.4090615,
            22.5530576
          ],
          [
            88.4092119,
            22.5531465
          ],
          [
            88.4093665,
            22.553238
          ],
          [
            88.4096095,
            22.5533969
          ],
          [
            88.4098412,
            22.5535661
          ],
          [
            88.409987,
            22.5536793
          ],
          [
            88.4101526,
            22.5538199
          ],
          [
            88.4103998,
            22.5540451
          ],
          [
            88.4106362,
            22.5542564
          ],
          [
            88.4107131,
            22.5543264
          ]
        ]
      },
      "id": "way/153760217"
    },
    {
      "type": "Feature",
      "properties": {
        "@id": "way/153760218",
        "highway": "primary",
        "maxspeed": "60",
        "name": "Eastern Metropolitan Bypass",
        "oneway": "yes",
        "ref": "SH3",
        "surface": "asphalt"
      },
      "geometry": {
        "type": "LineString",
        "coordinates": [
          [
            88.4107967,
            22.554245
          ],
          [
            88.4103435,
            22.553838
          ],
          [
            88.4100524,
            22.553573
          ],
          [
            88.4097167,
            22.553325
          ],
          [
            88.4095499,
            22.553222
          ],
          [
            88.4095028,
            22.553193
          ],
          [
            88.4092409,
            22.5530288
          ],
          [
            88.4089171,
            22.5528583
          ],
          [
            88.4087079,
            22.5527702
          ],
          [
            88.4086363,
            22.5527401
          ],
          [
            88.408326,
            22.5526358
          ],
          [
            88.4078154,
            22.5525089
          ],
          [
            88.4072912,
            22.5524283
          ],
          [
            88.4069729,
            22.5523883
          ],
          [
            88.4062214,
            22.55229
          ]
        ]
      },
      "id": "way/153760218"
    },
    {
      "type": "Feature",
      "properties": {
        "@id": "way/153790976",
        "highway": "primary",
        "maxspeed": "60",
        "motorroad": "no",
        "name": "Eastern Metropolitan Bypass",
        "oneway": "yes",
        "ref": "SH3"
      },
      "geometry": {
        "type": "LineString",
        "coordinates": [
          [
            88.4058428,
            22.5522296
          ],
          [
            88.4057091,
            22.5521968
          ],
          [
            88.4055371,
            22.5521243
          ],
          [
            88.4054544,
            22.5520772
          ],
          [
            88.405355,
            22.5520133
          ]
        ]
      },
      "id": "way/153790976"
    },
    {
      "type": "Feature",
      "properties": {
        "@id": "way/153790979",
        "bridge": "yes",
        "highway": "primary",
        "layer": "1",
        "maxspeed": "60",
        "oneway": "yes",
        "ref": "SH3"
      },
      "geometry": {
        "type": "LineString",
        "coordinates": [
          [
            88.405355,
            22.5520133
          ],
          [
            88.4051976,
            22.5519204
          ],
          [
            88.4046023,
            22.5515051
          ]
        ]
      },
      "id": "way/153790979"
    },
    {
      "type": "Feature",
      "properties": {
        "@id": "way/153898246",
        "highway": "primary",
        "maxspeed": "60",
        "name": "Eastern Metropolitan Bypass",
        "oneway": "yes",
        "ref": "SH3",
        "surface": "asphalt"
      },
      "geometry": {
        "type": "LineString",
        "coordinates": [
          [
            88.4057962,
            22.5523674
          ],
          [
            88.4058844,
            22.5523832
          ],
          [
            88.4059671,
            22.5523976
          ],
          [
            88.4060881,
            22.5524096
          ],
          [
            88.4062057,
            22.5524244
          ]
        ]
      },
      "id": "way/153898246"
    },
    {
      "type": "Feature",
      "properties": {
        "@id": "way/153898251",
        "bridge": "yes",
        "highway": "primary",
        "layer": "1",
        "maxspeed": "60",
        "name": "Eastern Metropolitan Bypass",
        "oneway": "yes",
        "ref": "SH3"
      },
      "geometry": {
        "type": "LineString",
        "coordinates": [
          [
            88.4045281,
            22.5516315
          ],
          [
            88.4046599,
            22.5517192
          ],
          [
            88.4051249,
            22.5520287
          ],
          [
            88.405199,
            22.5520791
          ],
          [
            88.4052879,
            22.5521348
          ]
        ]
      },
      "id": "way/153898251"
    },
    {
      "type": "Feature",
      "properties": {
        "@id": "way/153898254",
        "highway": "primary",
        "oneway": "yes",
        "surface": "asphalt"
      },
      "geometry": {
        "type": "LineString",
        "coordinates": [
          [
            88.4123768,
            22.5579699
          ],
          [
            88.4122259,
            22.5579492
          ],
          [
            88.4120123,
            22.5579276
          ],
          [
            88.4117866,
            22.5579238
          ],
          [
            88.4117181,
            22.5579315
          ]
        ]
      },
      "id": "way/153898254"
    },
    {
      "type": "Feature",
      "properties": {
        "@id": "way/153898262",
        "highway": "primary",
        "maxspeed": "40",
        "name": "Eastern Metropolitan Bypass",
        "oneway": "yes",
        "ref": "SH3"
      },
      "geometry": {
        "type": "LineString",
        "coordinates": [
          [
            88.3984079,
            22.5428641
          ],
          [
            88.3984865,
            22.5429595
          ],
          [
            88.3985241,
            22.5430358
          ],
          [
            88.3985724,
            22.5431446
          ],
          [
            88.3986126,
            22.5432623
          ],
          [
            88.3986971,
            22.5436141
          ],
          [
            88.3988189,
            22.5441689
          ],
          [
            88.3989009,
            22.5444948
          ],
          [
            88.3990323,
            22.5450769
          ],
          [
            88.399102,
            22.5453345
          ],
          [
            88.39922,
            22.5458746
          ],
          [
            88.3992508,
            22.5459937
          ],
          [
            88.399279,
            22.5461025
          ],
          [
            88.3993609,
            22.5465087
          ],
          [
            88.3993837,
            22.5466128
          ],
          [
            88.399432,
            22.5467998
          ],
          [
            88.3994722,
            22.5469497
          ],
          [
            88.3995205,
            22.5470834
          ],
          [
            88.3996037,
            22.5472915
          ],
          [
            88.399727,
            22.5475615
          ],
          [
            88.3998343,
            22.5477498
          ],
          [
            88.3999845,
            22.5479901
          ],
          [
            88.4002018,
            22.5482824
          ],
          [
            88.4002699,
            22.5483477
          ],
          [
            88.4003305,
            22.5484261
          ],
          [
            88.4004539,
            22.5485549
          ],
          [
            88.4006497,
            22.5487357
          ],
          [
            88.4009019,
            22.5489388
          ],
          [
            88.401504,
            22.5494244
          ],
          [
            88.4019747,
            22.5497984
          ],
          [
            88.4025916,
            22.5502765
          ]
        ]
      },
      "id": "way/153898262"
    },
    {
      "type": "Feature",
      "properties": {
        "@id": "way/153898264",
        "highway": "primary",
        "maxspeed": "60",
        "name": "Eastern Metropolitan Bypass",
        "oneway": "yes",
        "ref": "SH3",
        "surface": "asphalt"
      },
      "geometry": {
        "type": "LineString",
        "coordinates": [
          [
            88.4046023,
            22.5515051
          ],
          [
            88.4044413,
            22.551407
          ],
          [
            88.4042625,
            22.5512888
          ],
          [
            88.4040919,
            22.5511802
          ],
          [
            88.4038044,
            22.5509796
          ],
          [
            88.4036186,
            22.5508362
          ],
          [
            88.4033416,
            22.550609
          ],
          [
            88.4030691,
            22.5503657
          ]
        ]
      },
      "id": "way/153898264"
    },
    {
      "type": "Feature",
      "properties": {
        "@id": "way/153938555",
        "bridge": "yes",
        "highway": "primary",
        "layer": "1",
        "maxspeed": "60",
        "name": "Ultadanga Flyover",
        "oneway": "yes",
        "ref": "SH3",
        "surface": "asphalt"
      },
      "geometry": {
        "type": "LineString",
        "coordinates": [
          [
            88.3967392,
            22.5894511
          ],
          [
            88.3965862,
            22.5898023
          ],
          [
            88.3964185,
            22.5901923
          ],
          [
            88.3963662,
            22.5903173
          ],
          [
            88.3963126,
            22.5904176
          ],
          [
            88.396267,
            22.5905043
          ],
          [
            88.3962174,
            22.5905959
          ],
          [
            88.396161,
            22.5906851
          ],
          [
            88.3960927,
            22.590794
          ],
          [
            88.3959116,
            22.591059
          ],
          [
            88.3957346,
            22.5912856
          ],
          [
            88.39563,
            22.5914131
          ],
          [
            88.395528,
            22.5915419
          ],
          [
            88.3954288,
            22.591667
          ],
          [
            88.3953658,
            22.5917549
          ],
          [
            88.3953,
            22.5918464
          ]
        ]
      },
      "id": "way/153938555"
    },
    {
      "type": "Feature",
      "properties": {
        "@id": "way/154991868",
        "highway": "primary",
        "lane_markings": "no",
        "lit": "yes",
        "maxspeed": "60",
        "name": "Eastern Metropolitan Bypass",
        "oneway": "yes",
        "ref": "SH3",
        "sidewalk": "left",
        "surface": "asphalt"
      },
      "geometry": {
        "type": "LineString",
        "coordinates": [
          [
            88.3994895,
            22.5842938
          ],
          [
            88.3995075,
            22.5842593
          ],
          [
            88.3995644,
            22.5841307
          ],
          [
            88.3997227,
            22.5837673
          ],
          [
            88.3998153,
            22.5835528
          ],
          [
            88.3998943,
            22.583372
          ],
          [
            88.4000382,
            22.5830672
          ],
          [
            88.4001317,
            22.5828693
          ],
          [
            88.4002486,
            22.5826219
          ],
          [
            88.4002607,
            22.5825962
          ],
          [
            88.4003132,
            22.5824909
          ],
          [
            88.4005447,
            22.5820268
          ],
          [
            88.4007029,
            22.5817096
          ],
          [
            88.4008871,
            22.5813449
          ],
          [
            88.4010314,
            22.5810593
          ],
          [
            88.4011238,
            22.5808871
          ]
        ]
      },
      "id": "way/154991868"
    },
    {
      "type": "Feature",
      "properties": {
        "@id": "way/166518519",
        "access": "yes",
        "bicycle": "yes",
        "cycleway": "no",
        "designation": "Judges Court Road",
        "highway": "primary",
        "lanes": "1",
        "name": "New Road",
        "oneway": "yes",
        "source": "Burdwan Road",
        "surface": "paved"
      },
      "geometry": {
        "type": "LineString",
        "coordinates": [
          [
            88.3273511,
            22.5222271
          ],
          [
            88.3275873,
            22.5234219
          ],
          [
            88.3275516,
            22.5234986
          ],
          [
            88.3275204,
            22.5235657
          ],
          [
            88.3274559,
            22.5237043
          ],
          [
            88.3274731,
            22.5238142
          ],
          [
            88.3274798,
            22.5238573
          ],
          [
            88.327588,
            22.5245516
          ],
          [
            88.327691,
            22.5252067
          ],
          [
            88.3278214,
            22.5260455
          ],
          [
            88.3279294,
            22.5267404
          ]
        ]
      },
      "id": "way/166518519"
    },
    {
      "type": "Feature",
      "properties": {
        "@id": "way/176021207",
        "highway": "primary",
        "maxspeed": "40",
        "name": "Netaji Subhash Chandra Bose Road",
        "name:etymology:wikidata": "Q2153",
        "oneway": "yes"
      },
      "geometry": {
        "type": "LineString",
        "coordinates": [
          [
            88.3772284,
            22.4657012
          ],
          [
            88.3773309,
            22.4657279
          ],
          [
            88.3776694,
            22.4657778
          ],
          [
            88.377814,
            22.4657973
          ]
        ]
      },
      "id": "way/176021207"
    },
    {
      "type": "Feature",
      "properties": {
        "@id": "way/189924432",
        "highway": "primary",
        "lanes": "2",
        "oneway": "yes"
      },
      "geometry": {
        "type": "LineString",
        "coordinates": [
          [
            88.3937215,
            22.591594
          ],
          [
            88.3935891,
            22.5915033
          ],
          [
            88.3934967,
            22.5914349
          ],
          [
            88.3934505,
            22.5913922
          ]
        ]
      },
      "id": "way/189924432"
    },
    {
      "type": "Feature",
      "properties": {
        "@id": "way/189924440",
        "bridge": "yes",
        "highway": "primary",
        "lanes": "2",
        "layer": "1",
        "lit": "yes",
        "maxspeed": "40",
        "oneway": "yes"
      },
      "geometry": {
        "type": "LineString",
        "coordinates": [
          [
            88.3936707,
            22.5916583
          ],
          [
            88.394494,
            22.5921884
          ],
          [
            88.3950535,
            22.5925581
          ]
        ]
      },
      "id": "way/189924440"
    },
    {
      "type": "Feature",
      "properties": {
        "@id": "way/198308391",
        "bridge": "yes",
        "highway": "primary",
        "layer": "1",
        "maxspeed": "40",
        "oneway": "yes"
      },
      "geometry": {
        "type": "LineString",
        "coordinates": [
          [
            88.3972245,
            22.5369204
          ],
          [
            88.3968356,
            22.5352172
          ],
          [
            88.396208,
            22.5328289
          ]
        ]
      },
      "id": "way/198308391"
    },
    {
      "type": "Feature",
      "properties": {
        "@id": "way/198308392",
        "highway": "primary",
        "maxspeed": "40",
        "oneway": "yes",
        "ref": "SH3"
      },
      "geometry": {
        "type": "LineString",
        "coordinates": [
          [
            88.3965541,
            22.5355058
          ],
          [
            88.3966252,
            22.5357547
          ],
          [
            88.3966294,
            22.5357712
          ],
          [
            88.3967814,
            22.5363728
          ],
          [
            88.3968168,
            22.5365129
          ],
          [
            88.3969848,
            22.5370365
          ],
          [
            88.3970314,
            22.5371817
          ],
          [
            88.3970647,
            22.5372421
          ],
          [
            88.3971038,
            22.537313
          ],
          [
            88.3972083,
            22.5373867
          ]
        ]
      },
      "id": "way/198308392"
    },
    {
      "type": "Feature",
      "properties": {
        "@id": "way/198308394",
        "highway": "primary",
        "maxspeed": "40",
        "oneway": "yes"
      },
      "geometry": {
        "type": "LineString",
        "coordinates": [
          [
            88.396208,
            22.5328289
          ],
          [
            88.3960576,
            22.5321761
          ],
          [
            88.3960497,
            22.5321428
          ],
          [
            88.3959722,
            22.531811
          ],
          [
            88.3958833,
            22.5314717
          ]
        ]
      },
      "id": "way/198308394"
    },
    {
      "type": "Feature",
      "properties": {
        "@id": "way/204145251",
        "highway": "primary",
        "maxspeed": "40",
        "oneway": "yes"
      },
      "geometry": {
        "type": "LineString",
        "coordinates": [
          [
            88.3492085,
            22.5812152
          ],
          [
            88.3491661,
            22.5813103
          ],
          [
            88.3491299,
            22.5814217
          ],
          [
            88.349144,
            22.581537
          ],
          [
            88.349262,
            22.5818081
          ],
          [
            88.3493511,
            22.5820273
          ],
          [
            88.3493747,
            22.5822575
          ],
          [
            88.3493752,
            22.5823391
          ],
          [
            88.3493767,
            22.5824298
          ],
          [
            88.3493868,
            22.583018
          ],
          [
            88.3494002,
            22.5832937
          ],
          [
            88.3494224,
            22.5834969
          ],
          [
            88.349489,
            22.5836994
          ],
          [
            88.3495287,
            22.5838376
          ]
        ]
      },
      "id": "way/204145251"
    },
    {
      "type": "Feature",
      "properties": {
        "@id": "way/204154759",
        "alt_name": "Bidhannagar Road",
        "highway": "primary",
        "lanes": "2",
        "layer": "-1",
        "name": "Ultadanga Underpass",
        "oneway": "yes",
        "tunnel": "yes"
      },
      "geometry": {
        "type": "LineString",
        "coordinates": [
          [
            88.3908806,
            22.5925231
          ],
          [
            88.3912104,
            22.5923955
          ]
        ]
      },
      "id": "way/204154759"
    },
    {
      "type": "Feature",
      "properties": {
        "@id": "way/204165725",
        "alt_name": "Bidhannagar Road",
        "highway": "primary",
        "lanes": "2",
        "name": "Ultadanga Underpass",
        "oneway": "yes",
        "surface": "asphalt"
      },
      "geometry": {
        "type": "LineString",
        "coordinates": [
          [
            88.3912104,
            22.5923955
          ],
          [
            88.3915713,
            22.5922981
          ]
        ]
      },
      "id": "way/204165725"
    },
    {
      "type": "Feature",
      "properties": {
        "@id": "way/204283629",
        "highway": "primary",
        "maxspeed": "40",
        "oneway": "yes"
      },
      "geometry": {
        "type": "LineString",
        "coordinates": [
          [
            88.3495287,
            22.5838376
          ],
          [
            88.3495536,
            22.5840012
          ],
          [
            88.3495563,
            22.5841671
          ]
        ]
      },
      "id": "way/204283629"
    },
    {
      "type": "Feature",
      "properties": {
        "@id": "way/204283631",
        "alt_name": "Rabindra Setu",
        "alt_name:bn": "রবীন্দ্র সেতু",
        "alt_name:en": "Rabindra Setu",
        "bridge": "yes",
        "highway": "primary",
        "layer": "1",
        "maxspeed": "40",
        "name": "Howrah Bridge",
        "name:bn": "হাওড়া সেতু",
        "name:en": "Howrah Bridge",
        "name:zh": "拉宾德拉大桥"
      },
      "geometry": {
        "type": "LineString",
        "coordinates": [
          [
            88.349294,
            22.5844844
          ],
          [
            88.3446582,
            22.5856212
          ]
        ]
      },
      "id": "way/204283631"
    },
    {
      "type": "Feature",
      "properties": {
        "@id": "way/205077239",
        "highway": "primary",
        "lanes": "4",
        "maxspeed": "40",
        "name": "Gariahat Road",
        "name:etymology:wikidata": "Q5523285",
        "oneway": "yes",
        "ref": "SH1",
        "surface": "asphalt"
      },
      "geometry": {
        "type": "LineString",
        "coordinates": [
          [
            88.3661851,
            22.5281811
          ],
          [
            88.3662221,
            22.528033
          ]
        ]
      },
      "id": "way/205077239"
    },
    {
      "type": "Feature",
      "properties": {
        "@id": "way/205077244",
        "highway": "primary",
        "lanes": "4",
        "maxspeed": "40",
        "name": "Gariahat Road",
        "name:etymology:wikidata": "Q5523285",
        "oneway": "yes",
        "ref": "SH1",
        "surface": "asphalt"
      },
      "geometry": {
        "type": "LineString",
        "coordinates": [
          [
            88.3659518,
            22.5280333
          ],
          [
            88.3659393,
            22.5281861
          ]
        ]
      },
      "id": "way/205077244"
    },
    {
      "type": "Feature",
      "properties": {
        "@id": "way/205077250",
        "highway": "primary",
        "lanes": "8",
        "maxspeed": "40",
        "name": "Gariahat Road",
        "name:etymology:wikidata": "Q5523285",
        "oneway": "yes",
        "ref": "SH1"
      },
      "geometry": {
        "type": "LineString",
        "coordinates": [
          [
            88.3660693,
            22.525799
          ],
          [
            88.3660586,
            22.5257445
          ],
          [
            88.3660385,
            22.5255921
          ],
          [
            88.3660103,
            22.5253893
          ],
          [
            88.3659567,
            22.5251858
          ],
          [
            88.3658829,
            22.5248736
          ],
          [
            88.3657582,
            22.5243954
          ],
          [
            88.3656791,
            22.5240882
          ],
          [
            88.3656123,
            22.5237471
          ],
          [
            88.3654511,
            22.5232087
          ]
        ]
      },
      "id": "way/205077250"
    },
    {
      "type": "Feature",
      "properties": {
        "@id": "way/205078950",
        "alt_name": "Mahatma Gandhi Road",
        "bridge": "viaduct",
        "bridge:name": "Sealdah Flyover",
        "highway": "primary",
        "layer": "1",
        "name": "Vidyapati Flyover",
        "name:etymology:wikidata": "Q1001",
        "oneway": "yes"
      },
      "geometry": {
        "type": "LineString",
        "coordinates": [
          [
            88.3701484,
            22.5685761
          ],
          [
            88.3701034,
            22.5686587
          ]
        ]
      },
      "id": "way/205078950"
    },
    {
      "type": "Feature",
      "properties": {
        "@id": "way/210587784",
        "alt_name": "Rash Behari Avenue Connector",
        "bridge": "yes",
        "highway": "primary",
        "lanes": "3",
        "layer": "1",
        "maxspeed": "40",
        "name": "Bijon Flyover",
        "name:etymology:wikidata": "Q7294817",
        "oneway": "yes"
      },
      "geometry": {
        "type": "LineString",
        "coordinates": [
          [
            88.3751127,
            22.5199104
          ],
          [
            88.373136,
            22.5207024
          ],
          [
            88.3727911,
            22.5207734
          ],
          [
            88.3724319,
            22.5208245
          ],
          [
            88.372046,
            22.5208774
          ],
          [
            88.371247,
            22.5209673
          ],
          [
            88.3706044,
            22.5210327
          ],
          [
            88.3695745,
            22.5211381
          ]
        ]
      },
      "id": "way/210587784"
    },
    {
      "type": "Feature",
      "properties": {
        "@id": "way/210587785",
        "alt_name": "Rash Behari Avenue Connector",
        "bridge": "yes",
        "highway": "primary",
        "lanes": "3",
        "layer": "1",
        "maxspeed": "40",
        "name": "Bijon Flyover",
        "name:etymology:wikidata": "Q7294817",
        "oneway": "yes"
      },
      "geometry": {
        "type": "LineString",
        "coordinates": [
          [
            88.3695808,
            22.5212193
          ],
          [
            88.3706125,
            22.5211
          ],
          [
            88.3712554,
            22.5210346
          ],
          [
            88.3720558,
            22.5209446
          ],
          [
            88.3724428,
            22.5208915
          ],
          [
            88.3728047,
            22.52084
          ],
          [
            88.3731586,
            22.5207672
          ],
          [
            88.3732699,
            22.5207233
          ],
          [
            88.3751462,
            22.5199836
          ]
        ]
      },
      "id": "way/210587785"
    },
    {
      "type": "Feature",
      "properties": {
        "@id": "way/210587786",
        "highway": "primary",
        "lanes": "3",
        "name": "Rash Behari Avenue Connector",
        "name:etymology:wikidata": "Q7294817",
        "oneway": "yes"
      },
      "geometry": {
        "type": "LineString",
        "coordinates": [
          [
            88.3752437,
            22.5198525
          ],
          [
            88.3751421,
            22.5198974
          ]
        ]
      },
      "id": "way/210587786"
    },
    {
      "type": "Feature",
      "properties": {
        "@id": "way/210595105",
        "highway": "primary",
        "maxspeed": "40",
        "name": "Gariahat Road",
        "name:etymology:wikidata": "Q5523285",
        "oneway": "yes"
      },
      "geometry": {
        "type": "LineString",
        "coordinates": [
          [
            88.3660752,
            22.5431028
          ],
          [
            88.3660859,
            22.5432059
          ],
          [
            88.3660871,
            22.5432962
          ]
        ]
      },
      "id": "way/210595105"
    },
    {
      "type": "Feature",
      "properties": {
        "@id": "way/210595109",
        "highway": "primary",
        "junction": "roundabout",
        "lanes": "3",
        "maxspeed": "40",
        "name": "Park Circus",
        "oneway": "yes",
        "surface": "asphalt"
      },
      "geometry": {
        "type": "LineString",
        "coordinates": [
          [
            88.3664801,
            22.5430875
          ],
          [
            88.3664772,
            22.5430825
          ],
          [
            88.3664674,
            22.5430652
          ],
          [
            88.366436,
            22.5430407
          ],
          [
            88.3663984,
            22.543013
          ],
          [
            88.3663568,
            22.5429865
          ],
          [
            88.3662836,
            22.5429564
          ],
          [
            88.3662054,
            22.5429404
          ],
          [
            88.3661252,
            22.5429392
          ]
        ]
      },
      "id": "way/210595109"
    },
    {
      "type": "Feature",
      "properties": {
        "@id": "way/210595114",
        "highway": "primary",
        "lanes": "4",
        "maxspeed": "40",
        "name": "Gariahat Road",
        "name:etymology:wikidata": "Q5523285",
        "oneway": "yes",
        "ref": "SH1",
        "surface": "asphalt"
      },
      "geometry": {
        "type": "LineString",
        "coordinates": [
          [
            88.3648798,
            22.5355219
          ],
          [
            88.3648905,
            22.5356259
          ],
          [
            88.3648999,
            22.5357696
          ],
          [
            88.3648959,
            22.5359133
          ],
          [
            88.3648811,
            22.5361289
          ],
          [
            88.3648489,
            22.5363729
          ],
          [
            88.364794,
            22.536664
          ],
          [
            88.3648074,
            22.5369092
          ],
          [
            88.36481,
            22.5371372
          ],
          [
            88.3648221,
            22.5373155
          ],
          [
            88.364853,
            22.5375583
          ],
          [
            88.3648959,
            22.5378184
          ],
          [
            88.3649428,
            22.5380618
          ]
        ]
      },
      "id": "way/210595114"
    },
    {
      "type": "Feature",
      "properties": {
        "@id": "way/211255728",
        "highway": "primary",
        "lanes": "3",
        "maxspeed": "40",
        "name": "Rash Behari Avenue",
        "name:etymology:wikidata": "Q7294817",
        "oneway": "yes"
      },
      "geometry": {
        "type": "LineString",
        "coordinates": [
          [
            88.3619769,
            22.5189721
          ],
          [
            88.3612874,
            22.5188483
          ],
          [
            88.3602254,
            22.5186886
          ],
          [
            88.3596271,
            22.5185708
          ],
          [
            88.3585226,
            22.5183748
          ],
          [
            88.3570149,
            22.5180803
          ]
        ]
      },
      "id": "way/211255728"
    },
    {
      "type": "Feature",
      "properties": {
        "@id": "way/211255729",
        "highway": "primary",
        "lanes": "3",
        "name": "Rash Behari Avenue",
        "name:bn": "রাসবিহারী এভেনিউ",
        "name:etymology:wikidata": "Q7294817",
        "oneway": "yes",
        "surface": "asphalt"
      },
      "geometry": {
        "type": "LineString",
        "coordinates": [
          [
            88.369072,
            22.5212114
          ],
          [
            88.3691342,
            22.5212177
          ],
          [
            88.3692321,
            22.5212275
          ],
          [
            88.3692601,
            22.5212276
          ],
          [
            88.3694051,
            22.5212284
          ],
          [
            88.3694508,
            22.521226
          ],
          [
            88.3694746,
            22.5212248
          ]
        ]
      },
      "id": "way/211255729"
    },
    {
      "type": "Feature",
      "properties": {
        "@id": "way/213852694",
        "highway": "primary",
        "lanes": "2",
        "lit": "yes",
        "maxspeed": "60",
        "name": "Eastern Metropolitan Bypass",
        "oneway": "yes",
        "ref": "SH3",
        "sidewalk": "left",
        "surface": "asphalt"
      },
      "geometry": {
        "type": "LineString",
        "coordinates": [
          [
            88.3988286,
            22.5856983
          ],
          [
            88.3988883,
            22.585584
          ],
          [
            88.3990905,
            22.5851669
          ],
          [
            88.3992658,
            22.5847776
          ],
          [
            88.3994268,
            22.5844364
          ],
          [
            88.3994895,
            22.5842938
          ]
        ]
      },
      "id": "way/213852694"
    },
    {
      "type": "Feature",
      "properties": {
        "@id": "way/213852699",
        "highway": "primary",
        "maxspeed": "40",
        "name": "Rash Behari Avenue Connector",
        "name:etymology:wikidata": "Q7294817",
        "oneway": "yes"
      },
      "geometry": {
        "type": "LineString",
        "coordinates": [
          [
            88.4016033,
            22.513318
          ],
          [
            88.4013174,
            22.5133156
          ],
          [
            88.4008999,
            22.513369
          ],
          [
            88.4007528,
            22.5133857
          ],
          [
            88.4002709,
            22.5134404
          ],
          [
            88.4001558,
            22.5134542
          ],
          [
            88.3999197,
            22.5134789
          ],
          [
            88.3981379,
            22.5136754
          ],
          [
            88.3980303,
            22.5136781
          ],
          [
            88.3972046,
            22.5137663
          ],
          [
            88.3969433,
            22.5138015
          ]
        ]
      },
      "id": "way/213852699"
    },
    {
      "type": "Feature",
      "properties": {
        "@id": "way/213852704",
        "highway": "primary",
        "maxspeed": "40",
        "name": "Eastern Metropolitan Bypass",
        "oneway": "yes"
      },
      "geometry": {
        "type": "LineString",
        "coordinates": [
          [
            88.4016152,
            22.513559
          ],
          [
            88.4016179,
            22.5136695
          ],
          [
            88.4016295,
            22.5137202
          ],
          [
            88.4016365,
            22.5138205
          ],
          [
            88.4016362,
            22.5138988
          ],
          [
            88.401584,
            22.5139833
          ]
        ]
      },
      "id": "way/213852704"
    },
    {
      "type": "Feature",
      "properties": {
        "@id": "way/213852710",
        "highway": "primary",
        "lanes": "2",
        "name": "CIT Road",
        "oneway": "yes",
        "surface": "asphalt"
      },
      "geometry": {
        "type": "LineString",
        "coordinates": [
          [
            88.3905805,
            22.5800323
          ],
          [
            88.3905646,
            22.5799309
          ],
          [
            88.3904767,
            22.5793704
          ],
          [
            88.390404,
            22.5788362
          ],
          [
            88.390372,
            22.5785834
          ],
          [
            88.3903129,
            22.5780775
          ],
          [
            88.3903029,
            22.5780048
          ],
          [
            88.3901615,
            22.5769817
          ],
          [
            88.3901381,
            22.5767858
          ],
          [
            88.3901338,
            22.5767502
          ],
          [
            88.3901275,
            22.5766922
          ],
          [
            88.3901046,
            22.5764832
          ],
          [
            88.3900759,
            22.5762209
          ],
          [
            88.3900658,
            22.5761281
          ],
          [
            88.3899836,
            22.5755896
          ]
        ]
      },
      "id": "way/213852710"
    },
    {
      "type": "Feature",
      "properties": {
        "@id": "way/213852713",
        "highway": "primary",
        "lanes": "2",
        "oneway": "yes"
      },
      "geometry": {
        "type": "LineString",
        "coordinates": [
          [
            88.3933294,
            22.5910405
          ],
          [
            88.3933358,
            22.5909003
          ],
          [
            88.3933435,
            22.5907687
          ],
          [
            88.3933427,
            22.5906247
          ],
          [
            88.3933388,
            22.5905315
          ],
          [
            88.3933326,
            22.5904425
          ],
          [
            88.3933255,
            22.5903574
          ],
          [
            88.3933112,
            22.590261
          ],
          [
            88.3932338,
            22.5899102
          ]
        ]
      },
      "id": "way/213852713"
    },
    {
      "type": "Feature",
      "properties": {
        "@id": "way/215506437",
        "highway": "primary",
        "lanes": "4",
        "maxspeed": "40",
        "name": "Deshapran Sashmal Road",
        "name:etymology:wikidata": "Q4916200",
        "oneway": "yes",
        "width": "12"
      },
      "geometry": {
        "type": "LineString",
        "coordinates": [
          [
            88.3450899,
            22.5033038
          ],
          [
            88.3450534,
            22.503739
          ],
          [
            88.3450887,
            22.5040825
          ],
          [
            88.3451204,
            22.5043896
          ],
          [
            88.3451499,
            22.5046756
          ],
          [
            88.3451676,
            22.5048458
          ],
          [
            88.3451921,
            22.5050807
          ],
          [
            88.3452189,
            22.5053825
          ],
          [
            88.3452261,
            22.5055465
          ],
          [
            88.3452382,
            22.5056911
          ],
          [
            88.3452771,
            22.5061388
          ],
          [
            88.3453057,
            22.5064199
          ],
          [
            88.3453332,
            22.5067545
          ],
          [
            88.3453249,
            22.506883
          ],
          [
            88.3453613,
            22.5071429
          ],
          [
            88.3453679,
            22.5072387
          ],
          [
            88.3453843,
            22.5075361
          ],
          [
            88.3453973,
            22.5079075
          ],
          [
            88.3454122,
            22.5080957
          ],
          [
            88.3454131,
            22.5081526
          ],
          [
            88.3454208,
            22.508565
          ]
        ]
      },
      "id": "way/215506437"
    },
    {
      "type": "Feature",
      "properties": {
        "@id": "way/215506438",
        "highway": "primary",
        "lanes": "4",
        "maxspeed": "40",
        "name": "Deshapran Sashmal Road",
        "name:etymology:wikidata": "Q4916200",
        "oneway": "yes",
        "width": "12"
      },
      "geometry": {
        "type": "LineString",
        "coordinates": [
          [
            88.3455694,
            22.5083751
          ],
          [
            88.3455451,
            22.5078322
          ],
          [
            88.345539,
            22.5074
          ],
          [
            88.3455259,
            22.5072476
          ],
          [
            88.3455098,
            22.5069585
          ],
          [
            88.3454621,
            22.5064709
          ],
          [
            88.3454373,
            22.5062014
          ],
          [
            88.3454309,
            22.50611
          ],
          [
            88.3454019,
            22.5056977
          ],
          [
            88.3453608,
            22.5053343
          ],
          [
            88.3453399,
            22.5049355
          ],
          [
            88.345349,
            22.5046407
          ],
          [
            88.3452875,
            22.5043597
          ],
          [
            88.3452296,
            22.5038575
          ],
          [
            88.3452264,
            22.5032909
          ]
        ]
      },
      "id": "way/215506438"
    },
    {
      "type": "Feature",
      "properties": {
        "@id": "way/215511963",
        "bridge": "yes",
        "highway": "primary",
        "layer": "1",
        "oneway": "yes"
      },
      "geometry": {
        "type": "LineString",
        "coordinates": [
          [
            88.4016309,
            22.5085268
          ],
          [
            88.4015964,
            22.5083125
          ]
        ]
      },
      "id": "way/215511963"
    },
    {
      "type": "Feature",
      "properties": {
        "@id": "way/215511965",
        "highway": "primary",
        "maxspeed": "60",
        "name": "Eastern Metropolitan Bypass",
        "oneway": "yes"
      },
      "geometry": {
        "type": "LineString",
        "coordinates": [
          [
            88.4008438,
            22.5036266
          ],
          [
            88.40084,
            22.5035473
          ],
          [
            88.400581,
            22.5024323
          ],
          [
            88.4004369,
            22.5016352
          ],
          [
            88.4002875,
            22.5008489
          ],
          [
            88.4000729,
            22.4999097
          ],
          [
            88.3997623,
            22.4988329
          ],
          [
            88.3997591,
            22.4988218
          ],
          [
            88.399322,
            22.4974912
          ],
          [
            88.399156,
            22.4970777
          ],
          [
            88.3990781,
            22.4968836
          ],
          [
            88.3990541,
            22.4968239
          ],
          [
            88.3990203,
            22.4967172
          ],
          [
            88.3989444,
            22.496555
          ],
          [
            88.3987588,
            22.4961233
          ],
          [
            88.3982222,
            22.4948816
          ],
          [
            88.3980238,
            22.4945363
          ],
          [
            88.3978869,
            22.494272
          ],
          [
            88.3971977,
            22.4930182
          ],
          [
            88.3970368,
            22.4926959
          ],
          [
            88.3968606,
            22.4923344
          ]
        ]
      },
      "id": "way/215511965"
    },
    {
      "type": "Feature",
      "properties": {
        "@id": "way/215511966",
        "highway": "primary",
        "maxspeed": "60",
        "name": "Eastern Metropolitan Bypass",
        "oneway": "yes"
      },
      "geometry": {
        "type": "LineString",
        "coordinates": [
          [
            88.3966948,
            22.4924246
          ],
          [
            88.3979457,
            22.4946994
          ],
          [
            88.3981834,
            22.4952062
          ],
          [
            88.3985861,
            22.496066
          ],
          [
            88.398769,
            22.4965313
          ],
          [
            88.3987917,
            22.4965943
          ],
          [
            88.3988879,
            22.4968608
          ],
          [
            88.3989104,
            22.4969232
          ],
          [
            88.3990252,
            22.497213
          ],
          [
            88.3990906,
            22.497371
          ],
          [
            88.3992161,
            22.4976746
          ],
          [
            88.3995923,
            22.4988913
          ],
          [
            88.3999249,
            22.5000649
          ],
          [
            88.4000604,
            22.5006672
          ],
          [
            88.4002594,
            22.5016831
          ],
          [
            88.4004223,
            22.502547
          ],
          [
            88.400488,
            22.5030407
          ],
          [
            88.4005227,
            22.5033009
          ],
          [
            88.4005386,
            22.5033606
          ],
          [
            88.4005576,
            22.503469
          ]
        ]
      },
      "id": "way/215511966"
    },
    {
      "type": "Feature",
      "properties": {
        "@id": "way/215511968",
        "bridge": "yes",
        "highway": "primary",
        "layer": "1",
        "oneway": "yes"
      },
      "geometry": {
        "type": "LineString",
        "coordinates": [
          [
            88.4014131,
            22.5083398
          ],
          [
            88.4014429,
            22.5085625
          ]
        ]
      },
      "id": "way/215511968"
    },
    {
      "type": "Feature",
      "properties": {
        "@id": "way/215511969",
        "highway": "primary",
        "maxspeed": "60",
        "name": "Eastern Metropolitan Bypass",
        "oneway": "yes"
      },
      "geometry": {
        "type": "LineString",
        "coordinates": [
          [
            88.4014429,
            22.5085625
          ],
          [
            88.4014508,
            22.5086454
          ],
          [
            88.401499,
            22.5089512
          ],
          [
            88.4015625,
            22.5093505
          ],
          [
            88.4015647,
            22.509371
          ],
          [
            88.4016531,
            22.5099043
          ],
          [
            88.4017764,
            22.5106477
          ],
          [
            88.4018365,
            22.511294
          ],
          [
            88.4018412,
            22.5113451
          ],
          [
            88.4018181,
            22.5119719
          ],
          [
            88.4018178,
            22.5121435
          ],
          [
            88.4018152,
            22.5122325
          ],
          [
            88.401791,
            22.5127692
          ],
          [
            88.4017634,
            22.5129873
          ],
          [
            88.4017432,
            22.5130727
          ],
          [
            88.4017201,
            22.5131467
          ],
          [
            88.4016908,
            22.5132051
          ],
          [
            88.401655,
            22.5132761
          ]
        ]
      },
      "id": "way/215511969"
    },
    {
      "type": "Feature",
      "properties": {
        "@id": "way/215511971",
        "highway": "primary",
        "maxspeed": "60",
        "name": "Eastern Metropolitan Bypass",
        "oneway": "yes"
      },
      "geometry": {
        "type": "LineString",
        "coordinates": [
          [
            88.4019093,
            22.5133126
          ],
          [
            88.4020026,
            22.5132389
          ],
          [
            88.402053,
            22.5131652
          ],
          [
            88.4020774,
            22.5127574
          ],
          [
            88.4020631,
            22.5123885
          ],
          [
            88.4020512,
            22.5120725
          ],
          [
            88.4020351,
            22.5118433
          ],
          [
            88.401988,
            22.5111447
          ],
          [
            88.4019371,
            22.5104806
          ],
          [
            88.4019129,
            22.5102006
          ],
          [
            88.4017708,
            22.5093259
          ],
          [
            88.4017532,
            22.5092254
          ],
          [
            88.4017351,
            22.5091222
          ],
          [
            88.4016558,
            22.5086692
          ],
          [
            88.4016309,
            22.5085268
          ]
        ]
      },
      "id": "way/215511971"
    },
    {
      "type": "Feature",
      "properties": {
        "@id": "way/216244069",
        "bridge": "yes",
        "highway": "primary",
        "layer": "1",
        "maxspeed": "40",
        "name": "Rash Behari Avenue Connector",
        "name:etymology:wikidata": "Q7294817",
        "oneway": "yes"
      },
      "geometry": {
        "type": "LineString",
        "coordinates": [
          [
            88.3966537,
            22.5139538
          ],
          [
            88.3969775,
            22.5139065
          ]
        ]
      },
      "id": "way/216244069"
    },
    {
      "type": "Feature",
      "properties": {
        "@id": "way/216244070",
        "bridge": "yes",
        "highway": "primary",
        "layer": "1",
        "maxspeed": "40",
        "name": "Rash Behari Avenue Connector",
        "name:etymology:wikidata": "Q7294817",
        "oneway": "yes"
      },
      "geometry": {
        "type": "LineString",
        "coordinates": [
          [
            88.3969433,
            22.5138015
          ],
          [
            88.3965876,
            22.5138432
          ]
        ]
      },
      "id": "way/216244070"
    },
    {
      "type": "Feature",
      "properties": {
        "@id": "way/216244071",
        "highway": "primary",
        "maxspeed": "40",
        "name": "Rash Behari Avenue Connector",
        "name:etymology:wikidata": "Q7294817",
        "oneway": "yes"
      },
      "geometry": {
        "type": "LineString",
        "coordinates": [
          [
            88.3902183,
            22.5147408
          ],
          [
            88.3901283,
            22.514807
          ],
          [
            88.3900392,
            22.5148871
          ],
          [
            88.3895631,
            22.5153499
          ],
          [
            88.3894415,
            22.5154631
          ],
          [
            88.3890938,
            22.5157653
          ],
          [
            88.3887717,
            22.5160935
          ],
          [
            88.388422,
            22.5164091
          ],
          [
            88.3883329,
            22.516498
          ],
          [
            88.3876685,
            22.5171382
          ],
          [
            88.3874543,
            22.5173373
          ],
          [
            88.3870524,
            22.5177059
          ],
          [
            88.3868311,
            22.5179109
          ],
          [
            88.3865721,
            22.5181495
          ],
          [
            88.3864469,
            22.5182697
          ],
          [
            88.3863805,
            22.5183335
          ],
          [
            88.3861331,
            22.5185907
          ],
          [
            88.3859363,
            22.5188008
          ],
          [
            88.3858395,
            22.518895
          ],
          [
            88.3857331,
            22.5189798
          ],
          [
            88.3855454,
            22.5191157
          ],
          [
            88.3853226,
            22.5192103
          ],
          [
            88.3852102,
            22.5192503
          ],
          [
            88.3850272,
            22.5193007
          ],
          [
            88.3845174,
            22.5194184
          ],
          [
            88.3841253,
            22.5194711
          ],
          [
            88.3840223,
            22.5194826
          ],
          [
            88.3835488,
            22.5195293
          ],
          [
            88.3834222,
            22.5195385
          ],
          [
            88.3832679,
            22.5195355
          ],
          [
            88.3830532,
            22.5195164
          ],
          [
            88.3828702,
            22.5194897
          ]
        ]
      },
      "id": "way/216244071"
    },
    {
      "type": "Feature",
      "properties": {
        "@id": "way/216244072",
        "highway": "primary",
        "maxspeed": "40",
        "name": "Rash Behari Avenue Connector",
        "name:etymology:wikidata": "Q7294817",
        "oneway": "yes"
      },
      "geometry": {
        "type": "LineString",
        "coordinates": [
          [
            88.3828144,
            22.5195703
          ],
          [
            88.3830435,
            22.519599
          ],
          [
            88.3832644,
            22.5196118
          ],
          [
            88.3834246,
            22.5196149
          ],
          [
            88.3835564,
            22.5196054
          ],
          [
            88.3840316,
            22.5195633
          ],
          [
            88.3841363,
            22.5195468
          ],
          [
            88.3845334,
            22.5194934
          ],
          [
            88.3849579,
            22.5193954
          ],
          [
            88.3850523,
            22.5193736
          ],
          [
            88.3850697,
            22.5193696
          ],
          [
            88.3852371,
            22.5193225
          ],
          [
            88.3853346,
            22.5192878
          ],
          [
            88.3853547,
            22.5192807
          ],
          [
            88.3855887,
            22.5191814
          ],
          [
            88.3857856,
            22.5190388
          ],
          [
            88.3858966,
            22.5189503
          ],
          [
            88.3859976,
            22.5188521
          ],
          [
            88.3861951,
            22.5186411
          ],
          [
            88.3864426,
            22.5183857
          ],
          [
            88.386509,
            22.5183213
          ],
          [
            88.3866312,
            22.5182029
          ],
          [
            88.3868914,
            22.5179671
          ],
          [
            88.3871124,
            22.5177599
          ],
          [
            88.3875154,
            22.5173903
          ],
          [
            88.3877243,
            22.517191
          ],
          [
            88.3882986,
            22.5166663
          ],
          [
            88.3884409,
            22.5165363
          ],
          [
            88.3885037,
            22.516479
          ],
          [
            88.3885956,
            22.5163876
          ],
          [
            88.3888336,
            22.5161448
          ],
          [
            88.3890762,
            22.5159206
          ],
          [
            88.389095,
            22.5159032
          ],
          [
            88.3891717,
            22.5158272
          ],
          [
            88.3895009,
            22.5155175
          ],
          [
            88.3895915,
            22.5154343
          ],
          [
            88.3898752,
            22.5151582
          ],
          [
            88.3898944,
            22.5151392
          ],
          [
            88.3900981,
            22.5149408
          ],
          [
            88.3901804,
            22.5148667
          ],
          [
            88.3902611,
            22.5148231
          ],
          [
            88.3904034,
            22.5147581
          ]
        ]
      },
      "id": "way/216244072"
    },
    {
      "type": "Feature",
      "properties": {
        "@id": "way/216244073",
        "highway": "primary",
        "maxspeed": "40",
        "name": "Rash Behari Avenue Connector",
        "name:etymology:wikidata": "Q7294817",
        "oneway": "yes"
      },
      "geometry": {
        "type": "LineString",
        "coordinates": [
          [
            88.3951104,
            22.5140538
          ],
          [
            88.3946235,
            22.5141112
          ],
          [
            88.3939393,
            22.5141919
          ],
          [
            88.3937949,
            22.5142089
          ],
          [
            88.3937505,
            22.5142141
          ],
          [
            88.3934921,
            22.5142446
          ],
          [
            88.3932019,
            22.5142789
          ]
        ]
      },
      "id": "way/216244073"
    },
    {
      "type": "Feature",
      "properties": {
        "@id": "way/216244074",
        "highway": "primary",
        "maxspeed": "40",
        "name": "Ruby Crossing",
        "name:etymology:wikidata": "Q7294817",
        "oneway": "yes"
      },
      "geometry": {
        "type": "LineString",
        "coordinates": [
          [
            88.3969775,
            22.5139065
          ],
          [
            88.3973515,
            22.513864
          ],
          [
            88.3974884,
            22.5138485
          ],
          [
            88.3976864,
            22.513826
          ],
          [
            88.3979581,
            22.5137952
          ],
          [
            88.398049,
            22.5137861
          ],
          [
            88.3984379,
            22.513738
          ],
          [
            88.3988361,
            22.5136901
          ],
          [
            88.3992808,
            22.5136365
          ],
          [
            88.3995475,
            22.5136044
          ],
          [
            88.3996793,
            22.5135885
          ],
          [
            88.3999785,
            22.5135525
          ],
          [
            88.4001669,
            22.5135298
          ],
          [
            88.400284,
            22.5135146
          ],
          [
            88.4007442,
            22.5134664
          ],
          [
            88.4009945,
            22.5134485
          ],
          [
            88.4011192,
            22.5134519
          ],
          [
            88.4012948,
            22.5134751
          ],
          [
            88.4015821,
            22.5135163
          ]
        ]
      },
      "id": "way/216244074"
    },
    {
      "type": "Feature",
      "properties": {
        "@id": "way/216465440",
        "highway": "primary",
        "lanes": "3",
        "maxspeed": "40",
        "name": "Rash Behari Avenue Connector",
        "name:etymology:wikidata": "Q7294817",
        "oneway": "yes"
      },
      "geometry": {
        "type": "LineString",
        "coordinates": [
          [
            88.3784819,
            22.519346
          ],
          [
            88.3787936,
            22.5193206
          ],
          [
            88.3798954,
            22.5192447
          ],
          [
            88.3802732,
            22.5192406
          ],
          [
            88.3803502,
            22.5192422
          ],
          [
            88.3804198,
            22.5192507
          ],
          [
            88.3806901,
            22.519286
          ],
          [
            88.3810425,
            22.5193285
          ],
          [
            88.3828144,
            22.5195703
          ]
        ]
      },
      "id": "way/216465440"
    },
    {
      "type": "Feature",
      "properties": {
        "@id": "way/216465441",
        "highway": "primary",
        "lanes": "3",
        "maxspeed": "40",
        "name": "Rash Behari Avenue Connector",
        "name:etymology:wikidata": "Q7294817",
        "oneway": "yes"
      },
      "geometry": {
        "type": "LineString",
        "coordinates": [
          [
            88.3828702,
            22.5194897
          ],
          [
            88.3810316,
            22.5192455
          ],
          [
            88.3806394,
            22.5191973
          ],
          [
            88.3804301,
            22.5191703
          ],
          [
            88.3803574,
            22.5191641
          ],
          [
            88.3802902,
            22.5191605
          ],
          [
            88.3798916,
            22.5191639
          ],
          [
            88.379634,
            22.5191801
          ],
          [
            88.3790399,
            22.5192221
          ],
          [
            88.3790021,
            22.5192248
          ],
          [
            88.3787868,
            22.51924
          ],
          [
            88.3785281,
            22.5192585
          ],
          [
            88.3784642,
            22.5192631
          ],
          [
            88.3779876,
            22.519306
          ],
          [
            88.3774298,
            22.5193389
          ],
          [
            88.3767949,
            22.519368
          ],
          [
            88.3763674,
            22.519457
          ]
        ]
      },
      "id": "way/216465441"
    },
    {
      "type": "Feature",
      "properties": {
        "@id": "way/217872402",
        "highway": "primary",
        "lanes": "2",
        "name": "Bidhannagar Road",
        "oneway": "yes"
      },
      "geometry": {
        "type": "LineString",
        "coordinates": [
          [
            88.3932005,
            22.591034
          ],
          [
            88.3931179,
            22.5910845
          ],
          [
            88.3930688,
            22.5911297
          ],
          [
            88.3930261,
            22.5911843
          ],
          [
            88.3929645,
            22.5912676
          ],
          [
            88.3929024,
            22.59136
          ],
          [
            88.3926914,
            22.5915864
          ],
          [
            88.3924994,
            22.5917541
          ],
          [
            88.3924269,
            22.5918053
          ],
          [
            88.3923589,
            22.5918413
          ],
          [
            88.392265,
            22.5918868
          ],
          [
            88.3921106,
            22.5919558
          ],
          [
            88.3917458,
            22.5921071
          ],
          [
            88.3915636,
            22.592175
          ],
          [
            88.3915126,
            22.5921864
          ]
        ]
      },
      "id": "way/217872402"
    },
    {
      "type": "Feature",
      "properties": {
        "@id": "way/217873237",
        "bridge": "yes",
        "highway": "primary",
        "lanes": "2",
        "layer": "1",
        "maxspeed": "40",
        "name": "Ultadanga Flyover",
        "oneway": "yes",
        "ref": "SH3",
        "surface": "asphalt"
      },
      "geometry": {
        "type": "LineString",
        "coordinates": [
          [
            88.3954123,
            22.5923179
          ],
          [
            88.3953829,
            22.5922502
          ],
          [
            88.3953738,
            22.5922202
          ],
          [
            88.395363,
            22.5921844
          ],
          [
            88.3953546,
            22.5921225
          ],
          [
            88.3953515,
            22.5920625
          ],
          [
            88.3953557,
            22.592018
          ],
          [
            88.3953661,
            22.5919667
          ],
          [
            88.3953819,
            22.5919222
          ],
          [
            88.3953981,
            22.5918851
          ]
        ]
      },
      "id": "way/217873237"
    },
    {
      "type": "Feature",
      "properties": {
        "@id": "way/217919601",
        "highway": "primary",
        "lanes": "3",
        "maxspeed": "40",
        "name": "Deshapran Sashmal Road",
        "name:etymology:wikidata": "Q4916200",
        "oneway": "yes"
      },
      "geometry": {
        "type": "LineString",
        "coordinates": [
          [
            88.34555,
            22.4960776
          ],
          [
            88.345569,
            22.4959482
          ],
          [
            88.3456048,
            22.4957048
          ],
          [
            88.3456334,
            22.4953501
          ],
          [
            88.3456348,
            22.4947792
          ]
        ]
      },
      "id": "way/217919601"
    },
    {
      "type": "Feature",
      "properties": {
        "@id": "way/217919602",
        "highway": "primary",
        "lanes": "3",
        "maxspeed": "40",
        "name": "Deshapran Sashmal Road",
        "name:etymology:wikidata": "Q4916200",
        "oneway": "yes"
      },
      "geometry": {
        "type": "LineString",
        "coordinates": [
          [
            88.3456348,
            22.4947792
          ],
          [
            88.3456351,
            22.494677
          ],
          [
            88.3456228,
            22.494528
          ],
          [
            88.3455884,
            22.4943002
          ],
          [
            88.3455031,
            22.493918
          ],
          [
            88.3453931,
            22.4933389
          ],
          [
            88.3453865,
            22.4933039
          ],
          [
            88.3453843,
            22.4932924
          ],
          [
            88.3453796,
            22.4931721
          ],
          [
            88.3453948,
            22.4931316
          ]
        ]
      },
      "id": "way/217919602"
    },
    {
      "type": "Feature",
      "properties": {
        "@id": "way/217919604",
        "highway": "primary",
        "lanes": "4",
        "maxspeed": "40",
        "name": "Shyama Prasad Mukherjee Road",
        "name:etymology:wikidata": "Q3344992",
        "oneway": "yes",
        "width": "12"
      },
      "geometry": {
        "type": "LineString",
        "coordinates": [
          [
            88.3458997,
            22.5169563
          ],
          [
            88.3458696,
            22.5167878
          ],
          [
            88.3458635,
            22.5166863
          ],
          [
            88.3458603,
            22.516632
          ],
          [
            88.3458875,
            22.5163839
          ],
          [
            88.3459132,
            22.5161944
          ],
          [
            88.3460615,
            22.5155107
          ],
          [
            88.3460695,
            22.5154163
          ],
          [
            88.3461017,
            22.5150709
          ],
          [
            88.3460833,
            22.5148769
          ],
          [
            88.3460654,
            22.514756
          ],
          [
            88.3460534,
            22.5144946
          ],
          [
            88.3460306,
            22.5141204
          ],
          [
            88.3460127,
            22.5134229
          ],
          [
            88.3460104,
            22.513335
          ],
          [
            88.3460021,
            22.5131871
          ],
          [
            88.3459809,
            22.512827
          ],
          [
            88.3459648,
            22.5123959
          ],
          [
            88.3459447,
            22.5120676
          ],
          [
            88.3459327,
            22.5118533
          ],
          [
            88.3459004,
            22.5115507
          ],
          [
            88.3457601,
            22.5101839
          ],
          [
            88.3457025,
            22.5096129
          ],
          [
            88.3456436,
            22.5091356
          ],
          [
            88.3455804,
            22.5087241
          ],
          [
            88.3455702,
            22.5085531
          ],
          [
            88.3455694,
            22.5083751
          ]
        ]
      },
      "id": "way/217919604"
    },
    {
      "type": "Feature",
      "properties": {
        "@id": "way/218969669",
        "bridge": "yes",
        "highway": "primary",
        "lane_markings": "no",
        "layer": "1",
        "name": "Chitpore Bridge",
        "surface": "asphalt",
        "year_of_construction": "1834"
      },
      "geometry": {
        "type": "LineString",
        "coordinates": [
          [
            88.3695586,
            22.6071241
          ],
          [
            88.3697956,
            22.6075556
          ]
        ]
      },
      "id": "way/218969669"
    },
    {
      "type": "Feature",
      "properties": {
        "@id": "way/218969672",
        "highway": "primary",
        "lanes": "2",
        "surface": "asphalt"
      },
      "geometry": {
        "type": "LineString",
        "coordinates": [
          [
            88.3697956,
            22.6075556
          ],
          [
            88.3698515,
            22.6076883
          ]
        ]
      },
      "id": "way/218969672"
    },
    {
      "type": "Feature",
      "properties": {
        "@id": "way/218973630",
        "bridge": "yes",
        "highway": "primary",
        "layer": "1",
        "name": "Radha Gobinda Kar Road",
        "name:etymology:wikidata": "Q7280172",
        "oneway": "yes",
        "source": "Yahoo hires"
      },
      "geometry": {
        "type": "LineString",
        "coordinates": [
          [
            88.3766681,
            22.6029511
          ],
          [
            88.3772339,
            22.6031342
          ]
        ]
      },
      "id": "way/218973630"
    },
    {
      "type": "Feature",
      "properties": {
        "@id": "way/218973631",
        "highway": "primary",
        "maxspeed": "40",
        "name": "Radha Gobinda Kar Road",
        "name:etymology:wikidata": "Q7280172",
        "oneway": "yes",
        "source": "Yahoo hires"
      },
      "geometry": {
        "type": "LineString",
        "coordinates": [
          [
            88.3736827,
            22.6019077
          ],
          [
            88.3755952,
            22.6026159
          ],
          [
            88.3765856,
            22.6029187
          ],
          [
            88.3766681,
            22.6029511
          ]
        ]
      },
      "id": "way/218973631"
    },
    {
      "type": "Feature",
      "properties": {
        "@id": "way/219177859",
        "alt_name": "Jawaharlal Nehru Road",
        "alt_name:etymology:wikidata": "Q1047",
        "highway": "primary",
        "name": "Park Street Flyover",
        "oneway": "yes"
      },
      "geometry": {
        "type": "LineString",
        "coordinates": [
          [
            88.3504884,
            22.559217
          ],
          [
            88.3505227,
            22.5596017
          ]
        ]
      },
      "id": "way/219177859"
    },
    {
      "type": "Feature",
      "properties": {
        "@id": "way/219177865",
        "alt_name": "Jawaharlal Nehru Road",
        "alt_name:etymology:wikidata": "Q1047",
        "bridge": "yes",
        "highway": "primary",
        "lanes": "4",
        "layer": "1",
        "maxspeed": "40",
        "name": "Park Street Flyover",
        "oneway": "yes"
      },
      "geometry": {
        "type": "LineString",
        "coordinates": [
          [
            88.3492371,
            22.5519311
          ],
          [
            88.3493746,
            22.5525143
          ],
          [
            88.3496513,
            22.5536127
          ],
          [
            88.349787,
            22.5541643
          ],
          [
            88.3500149,
            22.5550784
          ],
          [
            88.3500886,
            22.5554528
          ],
          [
            88.3501478,
            22.5559144
          ],
          [
            88.3502966,
            22.557268
          ],
          [
            88.3504884,
            22.559217
          ]
        ]
      },
      "id": "way/219177865"
    },
    {
      "type": "Feature",
      "properties": {
        "@id": "way/219243645",
        "highway": "primary",
        "maxspeed": "40",
        "name": "Barrackpore Trunk Road",
        "oneway": "yes",
        "ref": "SH1",
        "source": "Yahoo hires",
        "surface": "asphalt"
      },
      "geometry": {
        "type": "LineString",
        "coordinates": [
          [
            88.3792757,
            22.6187295
          ],
          [
            88.3793057,
            22.618319
          ],
          [
            88.3793771,
            22.6173431
          ],
          [
            88.379353,
            22.6170365
          ],
          [
            88.3793308,
            22.6168877
          ],
          [
            88.379302,
            22.6166948
          ],
          [
            88.3792458,
            22.6164689
          ],
          [
            88.3792269,
            22.6163928
          ],
          [
            88.3791544,
            22.6161958
          ],
          [
            88.3790872,
            22.6160134
          ],
          [
            88.3788575,
            22.615514
          ],
          [
            88.378488,
            22.6146977
          ],
          [
            88.3783844,
            22.6144855
          ],
          [
            88.3775101,
            22.6125876
          ]
        ]
      },
      "id": "way/219243645"
    },
    {
      "type": "Feature",
      "properties": {
        "@id": "way/219243648",
        "bridge": "yes",
        "highway": "primary",
        "layer": "1",
        "name": "Lock Gate Road Flyover"
      },
      "geometry": {
        "type": "LineString",
        "coordinates": [
          [
            88.377021,
            22.6145756
          ],
          [
            88.3767861,
            22.6143823
          ],
          [
            88.3752841,
            22.6131641
          ],
          [
            88.3738204,
            22.6119386
          ],
          [
            88.3728825,
            22.6111731
          ],
          [
            88.371992,
            22.6104402
          ],
          [
            88.3712867,
            22.6098099
          ],
          [
            88.3711621,
            22.6096706
          ]
        ]
      },
      "id": "way/219243648"
    },
    {
      "type": "Feature",
      "properties": {
        "@id": "way/221183292",
        "bridge": "yes",
        "highway": "primary",
        "layer": "1",
        "name": "Eastern Metropolitan Bypass",
        "oneway": "yes"
      },
      "geometry": {
        "type": "LineString",
        "coordinates": [
          [
            88.3949879,
            22.5271685
          ],
          [
            88.3949407,
            22.5274619
          ]
        ]
      },
      "id": "way/221183292"
    },
    {
      "type": "Feature",
      "properties": {
        "@id": "way/221183293",
        "bridge": "yes",
        "highway": "primary",
        "layer": "1",
        "name": "Eastern Metropolitan Bypass",
        "oneway": "yes"
      },
      "geometry": {
        "type": "LineString",
        "coordinates": [
          [
            88.399137,
            22.5197868
          ],
          [
            88.3982789,
            22.5212821
          ]
        ]
      },
      "id": "way/221183293"
    },
    {
      "type": "Feature",
      "properties": {
        "@id": "way/221183294",
        "highway": "primary",
        "maxspeed": "60",
        "name": "Eastern Metropolitan Bypass",
        "oneway": "yes"
      },
      "geometry": {
        "type": "LineString",
        "coordinates": [
          [
            88.3957601,
            22.5255148
          ],
          [
            88.3955112,
            22.5259693
          ],
          [
            88.3953243,
            22.52631
          ],
          [
            88.3952595,
            22.5264282
          ],
          [
            88.3951995,
            22.5265792
          ],
          [
            88.3951388,
            22.526732
          ],
          [
            88.3951012,
            22.5268193
          ],
          [
            88.3950171,
            22.5270144
          ],
          [
            88.3949879,
            22.5271685
          ]
        ]
      },
      "id": "way/221183294"
    },
    {
      "type": "Feature",
      "properties": {
        "@id": "way/221183295",
        "highway": "primary",
        "maxspeed": "60",
        "name": "Eastern Metropolitan Bypass",
        "oneway": "yes"
      },
      "geometry": {
        "type": "LineString",
        "coordinates": [
          [
            88.3949742,
            22.528324
          ],
          [
            88.3950377,
            22.5286329
          ],
          [
            88.395127,
            22.5290176
          ],
          [
            88.3953201,
            22.5297541
          ],
          [
            88.3953665,
            22.5299312
          ],
          [
            88.3956286,
            22.5309511
          ],
          [
            88.3957273,
            22.531337
          ],
          [
            88.3957687,
            22.5314971
          ],
          [
            88.3957979,
            22.5316099
          ]
        ]
      },
      "id": "way/221183295"
    },
    {
      "type": "Feature",
      "properties": {
        "@id": "way/221183298",
        "highway": "primary",
        "maxspeed": "60",
        "oneway": "yes"
      },
      "geometry": {
        "type": "LineString",
        "coordinates": [
          [
            88.3951483,
            22.5271438
          ],
          [
            88.3951994,
            22.5268731
          ],
          [
            88.3952879,
            22.5266055
          ],
          [
            88.3954167,
            22.5263429
          ],
          [
            88.3956554,
            22.5259019
          ],
          [
            88.3958531,
            22.5255554
          ],
          [
            88.3958646,
            22.5255352
          ],
          [
            88.3964761,
            22.5245145
          ],
          [
            88.3965538,
            22.5244081
          ],
          [
            88.3971919,
            22.5233349
          ],
          [
            88.3974625,
            22.5228684
          ],
          [
            88.3979751,
            22.5219846
          ],
          [
            88.3983516,
            22.5213771
          ],
          [
            88.3988039,
            22.5206553
          ],
          [
            88.3989299,
            22.5205098
          ]
        ]
      },
      "id": "way/221183298"
    },
    {
      "type": "Feature",
      "properties": {
        "@id": "way/221183299",
        "highway": "primary",
        "maxspeed": "60",
        "name": "Eastern Metropolitan Bypass",
        "oneway": "yes"
      },
      "geometry": {
        "type": "LineString",
        "coordinates": [
          [
            88.3992435,
            22.5199778
          ],
          [
            88.3994466,
            22.5196187
          ],
          [
            88.3996572,
            22.5191999
          ],
          [
            88.4001477,
            22.518335
          ],
          [
            88.4004695,
            22.5177923
          ],
          [
            88.4007328,
            22.5172054
          ],
          [
            88.4009014,
            22.5168161
          ],
          [
            88.4011539,
            22.5162143
          ]
        ]
      },
      "id": "way/221183299"
    },
    {
      "type": "Feature",
      "properties": {
        "@id": "way/221183304",
        "bridge": "yes",
        "highway": "primary",
        "layer": "1",
        "oneway": "yes"
      },
      "geometry": {
        "type": "LineString",
        "coordinates": [
          [
            88.3951075,
            22.5274147
          ],
          [
            88.3951483,
            22.5271438
          ]
        ]
      },
      "id": "way/221183304"
    },
    {
      "type": "Feature",
      "properties": {
        "@id": "way/221183308",
        "bridge": "yes",
        "highway": "primary",
        "layer": "1",
        "oneway": "yes"
      },
      "geometry": {
        "type": "LineString",
        "coordinates": [
          [
            88.3989299,
            22.5205098
          ],
          [
            88.3992435,
            22.5199778
          ]
        ]
      },
      "id": "way/221183308"
    },
    {
      "type": "Feature",
      "properties": {
        "@id": "way/224918733",
        "highway": "primary",
        "maxspeed": "40",
        "oneway": "yes",
        "ref": "SH3"
      },
      "geometry": {
        "type": "LineString",
        "coordinates": [
          [
            88.4003708,
            22.5481511
          ],
          [
            88.4001991,
            22.5479455
          ],
          [
            88.4000462,
            22.5477325
          ],
          [
            88.3999336,
            22.5475417
          ],
          [
            88.3997968,
            22.5472791
          ],
          [
            88.3996949,
            22.5470166
          ],
          [
            88.3996171,
            22.5467936
          ],
          [
            88.3995527,
            22.5465583
          ],
          [
            88.3993652,
            22.5458367
          ]
        ]
      },
      "id": "way/224918733"
    },
    {
      "type": "Feature",
      "properties": {
        "@id": "way/224929413",
        "highway": "primary",
        "maxspeed": "60",
        "name": "Eastern Metropolitan Bypass",
        "oneway": "yes"
      },
      "geometry": {
        "type": "LineString",
        "coordinates": [
          [
            88.3896285,
            22.4717909
          ],
          [
            88.389591,
            22.4718479
          ],
          [
            88.3893737,
            22.4722842
          ],
          [
            88.3891565,
            22.4726882
          ],
          [
            88.389025,
            22.4729484
          ],
          [
            88.3889499,
            22.4731219
          ],
          [
            88.3888614,
            22.4732979
          ],
          [
            88.3887354,
            22.473568
          ],
          [
            88.3886737,
            22.473739
          ],
          [
            88.3886012,
            22.4739646
          ],
          [
            88.3885744,
            22.4740736
          ],
          [
            88.3885369,
            22.474262
          ],
          [
            88.3884913,
            22.4744405
          ],
          [
            88.3884457,
            22.4746858
          ],
          [
            88.3884028,
            22.4749039
          ],
          [
            88.388384,
            22.4750527
          ],
          [
            88.3883706,
            22.4752336
          ],
          [
            88.3883652,
            22.4755384
          ],
          [
            88.388384,
            22.4760093
          ],
          [
            88.3883974,
            22.476106
          ],
          [
            88.3883974,
            22.4762151
          ],
          [
            88.3884162,
            22.476339
          ],
          [
            88.3884296,
            22.4764406
          ],
          [
            88.3885265,
            22.4769448
          ]
        ]
      },
      "id": "way/224929413"
    },
    {
      "type": "Feature",
      "properties": {
        "@id": "way/225198941",
        "bridge": "yes",
        "highway": "primary",
        "layer": "1",
        "maxspeed": "40",
        "name": "State Highway 1",
        "oneway": "yes",
        "ref": "SH1",
        "source": "Yahoo hires"
      },
      "geometry": {
        "type": "LineString",
        "coordinates": [
          [
            88.3741049,
            22.6055976
          ],
          [
            88.373956,
            22.605319
          ]
        ]
      },
      "id": "way/225198941"
    },
    {
      "type": "Feature",
      "properties": {
        "@id": "way/225198942",
        "alt_name": "Barrackpore Trunk Road",
        "bridge": "yes",
        "highway": "primary",
        "layer": "1",
        "maxspeed": "40",
        "name": "Tala Flyover",
        "oneway": "yes",
        "ref": "SH1",
        "source": "Yahoo hires"
      },
      "geometry": {
        "type": "LineString",
        "coordinates": [
          [
            88.3741881,
            22.6059293
          ],
          [
            88.3742833,
            22.6060982
          ],
          [
            88.374407,
            22.6063408
          ],
          [
            88.3745637,
            22.6066092
          ],
          [
            88.3746757,
            22.606827
          ]
        ]
      },
      "id": "way/225198942"
    },
    {
      "type": "Feature",
      "properties": {
        "@id": "way/238477569",
        "highway": "primary",
        "lanes": "2",
        "lit": "yes",
        "maxspeed": "40",
        "name": "Acharya Jagadish Chandra Bose Road",
        "name:etymology:wikidata": "Q314267",
        "oneway": "yes",
        "surface": "asphalt"
      },
      "geometry": {
        "type": "LineString",
        "coordinates": [
          [
            88.3498123,
            22.5415824
          ],
          [
            88.3504897,
            22.5415642
          ],
          [
            88.350756,
            22.5415515
          ],
          [
            88.35148,
            22.5415169
          ],
          [
            88.3515889,
            22.5415117
          ],
          [
            88.3524168,
            22.5414658
          ],
          [
            88.3525808,
            22.5414567
          ],
          [
            88.3526843,
            22.541451
          ],
          [
            88.3530968,
            22.5414155
          ],
          [
            88.3536115,
            22.5413906
          ],
          [
            88.3536951,
            22.5413866
          ],
          [
            88.3544271,
            22.5413511
          ],
          [
            88.3545599,
            22.5413388
          ],
          [
            88.3548842,
            22.541319
          ]
        ]
      },
      "id": "way/238477569"
    },
    {
      "type": "Feature",
      "properties": {
        "@id": "way/238477576",
        "highway": "primary",
        "lanes": "2",
        "maxspeed": "40",
        "name": "Jawaharlal Nehru Road",
        "name:etymology:wikidata": "Q1047",
        "oneway": "alternating",
        "surface": "asphalt"
      },
      "geometry": {
        "type": "LineString",
        "coordinates": [
          [
            88.3472222,
            22.5417422
          ],
          [
            88.3472564,
            22.5419545
          ],
          [
            88.3472931,
            22.5421752
          ]
        ]
      },
      "id": "way/238477576"
    },
    {
      "type": "Feature",
      "properties": {
        "@id": "way/239266478",
        "highway": "primary",
        "lanes": "2",
        "maxspeed": "60",
        "name": "Chittaranjan Avenue",
        "name:etymology:wikidata": "Q560182",
        "oneway": "yes",
        "surface": "asphalt"
      },
      "geometry": {
        "type": "LineString",
        "coordinates": [
          [
            88.3615219,
            22.5814284
          ],
          [
            88.361429,
            22.581007
          ],
          [
            88.3611877,
            22.579996
          ],
          [
            88.3609788,
            22.5793177
          ],
          [
            88.3609401,
            22.5792372
          ],
          [
            88.3607956,
            22.5787987
          ],
          [
            88.3607712,
            22.578714
          ]
        ]
      },
      "id": "way/239266478"
    },
    {
      "type": "Feature",
      "properties": {
        "@id": "way/239266479",
        "highway": "primary",
        "lanes": "2",
        "maxspeed": "60",
        "name": "Mahatma Gandhi Road",
        "name:etymology:wikidata": "Q1001",
        "name:hi": "महात्मा गांधी रोड",
        "oneway": "yes",
        "surface": "asphalt"
      },
      "geometry": {
        "type": "LineString",
        "coordinates": [
          [
            88.3640925,
            22.5770363
          ],
          [
            88.3639119,
            22.577143
          ],
          [
            88.3632453,
            22.5775367
          ],
          [
            88.3626805,
            22.5779005
          ],
          [
            88.3626489,
            22.5779219
          ],
          [
            88.3622726,
            22.5781437
          ],
          [
            88.3619177,
            22.5783012
          ],
          [
            88.3618435,
            22.5783223
          ],
          [
            88.3618181,
            22.5783295
          ],
          [
            88.3615205,
            22.5784106
          ],
          [
            88.3608694,
            22.5785935
          ],
          [
            88.3607462,
            22.5786281
          ]
        ]
      },
      "id": "way/239266479"
    },
    {
      "type": "Feature",
      "properties": {
        "@id": "way/241577665",
        "highway": "primary",
        "lanes": "2",
        "maxspeed": "60",
        "name": "Eastern Metropolitan Bypass",
        "oneway": "yes",
        "ref": "SH3",
        "surface": "asphalt"
      },
      "geometry": {
        "type": "LineString",
        "coordinates": [
          [
            88.4114756,
            22.5550052
          ],
          [
            88.4115662,
            22.555099
          ],
          [
            88.4116326,
            22.5551853
          ],
          [
            88.4116964,
            22.5552706
          ],
          [
            88.4117765,
            22.5554038
          ],
          [
            88.4118781,
            22.5555712
          ],
          [
            88.4119118,
            22.5556411
          ]
        ]
      },
      "id": "way/241577665"
    },
    {
      "type": "Feature",
      "properties": {
        "@id": "way/260231232",
        "highway": "primary",
        "lanes": "2",
        "lit": "yes",
        "maxspeed": "40",
        "name": "Acharya Jagadish Chandra Bose Road",
        "name:etymology:wikidata": "Q314267",
        "oneway": "yes",
        "surface": "asphalt"
      },
      "geometry": {
        "type": "LineString",
        "coordinates": [
          [
            88.3548689,
            22.5411386
          ],
          [
            88.3544776,
            22.5411591
          ],
          [
            88.353893,
            22.5411918
          ],
          [
            88.3535795,
            22.5412093
          ],
          [
            88.3534224,
            22.5412181
          ],
          [
            88.3530445,
            22.5412387
          ],
          [
            88.3525537,
            22.5412655
          ],
          [
            88.3523988,
            22.541274
          ],
          [
            88.351974,
            22.5412942
          ],
          [
            88.351664,
            22.5413154
          ],
          [
            88.3515627,
            22.5413223
          ],
          [
            88.3508921,
            22.5413491
          ],
          [
            88.3497255,
            22.5414115
          ],
          [
            88.349207,
            22.5414366
          ],
          [
            88.3485927,
            22.5414658
          ],
          [
            88.3483927,
            22.5414753
          ],
          [
            88.3478879,
            22.5415047
          ],
          [
            88.3473223,
            22.5415533
          ]
        ]
      },
      "id": "way/260231232"
    },
    {
      "type": "Feature",
      "properties": {
        "@id": "way/260231235",
        "highway": "primary",
        "lanes": "3",
        "maxspeed": "40",
        "name": "Deshapran Sashmal Road",
        "name:etymology:wikidata": "Q4916200",
        "oneway": "yes"
      },
      "geometry": {
        "type": "LineString",
        "coordinates": [
          [
            88.3452088,
            22.5013475
          ],
          [
            88.3452493,
            22.501194
          ],
          [
            88.3452512,
            22.5010022
          ],
          [
            88.3452613,
            22.5008066
          ],
          [
            88.3452679,
            22.5006778
          ],
          [
            88.3452629,
            22.5005871
          ],
          [
            88.3452521,
            22.5004113
          ],
          [
            88.3452595,
            22.5000301
          ],
          [
            88.3452791,
            22.4996843
          ],
          [
            88.3453064,
            22.4993765
          ],
          [
            88.3453108,
            22.4993156
          ],
          [
            88.3453513,
            22.4987615
          ],
          [
            88.3454156,
            22.4978103
          ],
          [
            88.3454585,
            22.4972135
          ],
          [
            88.3454702,
            22.4970506
          ]
        ]
      },
      "id": "way/260231235"
    },
    {
      "type": "Feature",
      "properties": {
        "@id": "way/260231236",
        "highway": "primary",
        "maxspeed": "40",
        "name": "Raja Subodh Chandra Mullick Road",
        "name:etymology:wikidata": "Q21176797",
        "oneway": "no",
        "ref": "SH1"
      },
      "geometry": {
        "type": "LineString",
        "coordinates": [
          [
            88.3773186,
            22.471248
          ],
          [
            88.377328,
            22.4712083
          ],
          [
            88.3773679,
            22.4710407
          ],
          [
            88.3773975,
            22.470916
          ],
          [
            88.3774187,
            22.4708332
          ],
          [
            88.3774673,
            22.4706434
          ],
          [
            88.3776361,
            22.4699657
          ],
          [
            88.3776587,
            22.469897
          ],
          [
            88.3777087,
            22.4696842
          ],
          [
            88.377728,
            22.4695937
          ],
          [
            88.3777624,
            22.4694536
          ],
          [
            88.3777837,
            22.4693248
          ],
          [
            88.3777972,
            22.4691043
          ],
          [
            88.3778004,
            22.4689181
          ],
          [
            88.3777945,
            22.4686308
          ],
          [
            88.3777887,
            22.4684273
          ],
          [
            88.3777818,
            22.4681873
          ],
          [
            88.3777767,
            22.4678925
          ],
          [
            88.3777612,
            22.4674276
          ],
          [
            88.3777542,
            22.4672081
          ],
          [
            88.3777477,
            22.4668601
          ],
          [
            88.3777435,
            22.4666702
          ],
          [
            88.3777503,
            22.4662727
          ],
          [
            88.3777571,
            22.4661038
          ],
          [
            88.3777799,
            22.4659749
          ],
          [
            88.377814,
            22.4657973
          ]
        ]
      },
      "id": "way/260231236"
    },
    {
      "type": "Feature",
      "properties": {
        "@id": "way/260231237",
        "highway": "primary",
        "name": "Garia Main Road",
        "oneway": "no",
        "ref": "SH1"
      },
      "geometry": {
        "type": "LineString",
        "coordinates": [
          [
            88.3773066,
            22.4713111
          ],
          [
            88.3773186,
            22.471248
          ]
        ]
      },
      "id": "way/260231237"
    },
    {
      "type": "Feature",
      "properties": {
        "@id": "way/260231238",
        "highway": "primary",
        "name": "Garia Main Road",
        "oneway": "yes",
        "ref": "SH1",
        "source": "GPS"
      },
      "geometry": {
        "type": "LineString",
        "coordinates": [
          [
            88.3798569,
            22.4627158
          ],
          [
            88.3797373,
            22.4630515
          ],
          [
            88.3795635,
            22.4634998
          ],
          [
            88.3795431,
            22.4635518
          ],
          [
            88.3795063,
            22.4636453
          ],
          [
            88.3794355,
            22.4638075
          ]
        ]
      },
      "id": "way/260231238"
    },
    {
      "type": "Feature",
      "properties": {
        "@id": "way/260231245",
        "highway": "primary",
        "lanes": "3",
        "maxspeed": "40",
        "name": "Rash Behari Avenue",
        "name:etymology:wikidata": "Q7294817",
        "oneway": "yes"
      },
      "geometry": {
        "type": "LineString",
        "coordinates": [
          [
            88.3569777,
            22.5182223
          ],
          [
            88.3578616,
            22.5183842
          ],
          [
            88.3584948,
            22.5185118
          ],
          [
            88.3595871,
            22.5187139
          ],
          [
            88.3602195,
            22.5188257
          ],
          [
            88.360994,
            22.5189351
          ],
          [
            88.3613432,
            22.5189872
          ],
          [
            88.361987,
            22.5190834
          ],
          [
            88.362373,
            22.5191391
          ],
          [
            88.3625153,
            22.5191597
          ],
          [
            88.3628978,
            22.5192319
          ]
        ]
      },
      "id": "way/260231245"
    },
    {
      "type": "Feature",
      "properties": {
        "@id": "way/260231246",
        "highway": "primary",
        "lanes": "3",
        "maxspeed": "40",
        "name": "Rash Behari Avenue",
        "name:etymology:wikidata": "Q7294817",
        "oneway": "yes",
        "surface": "asphalt"
      },
      "geometry": {
        "type": "LineString",
        "coordinates": [
          [
            88.3523405,
            22.517292
          ],
          [
            88.3519616,
            22.517232
          ]
        ]
      },
      "id": "way/260231246"
    },
    {
      "type": "Feature",
      "properties": {
        "@id": "way/260320285",
        "highway": "primary",
        "lane_markings": "no",
        "maxspeed": "60",
        "name": "Ultadanga Flyover",
        "name:etymology:wikidata": "Q7880078",
        "oneway": "yes",
        "ref": "SH3",
        "surface": "asphalt"
      },
      "geometry": {
        "type": "LineString",
        "coordinates": [
          [
            88.3986499,
            22.5857633
          ],
          [
            88.3985898,
            22.5858683
          ],
          [
            88.3985204,
            22.585985
          ],
          [
            88.3984027,
            22.5861852
          ]
        ]
      },
      "id": "way/260320285"
    },
    {
      "type": "Feature",
      "properties": {
        "@id": "way/260320288",
        "highway": "primary",
        "lanes": "2",
        "oneway": "yes"
      },
      "geometry": {
        "type": "LineString",
        "coordinates": [
          [
            88.3930941,
            22.5899426
          ],
          [
            88.393135,
            22.5901487
          ],
          [
            88.3931543,
            22.5902454
          ],
          [
            88.3931708,
            22.5903478
          ],
          [
            88.3931825,
            22.5904319
          ],
          [
            88.3931861,
            22.5905121
          ],
          [
            88.3931873,
            22.5905997
          ],
          [
            88.3931864,
            22.5906956
          ],
          [
            88.3932005,
            22.591034
          ]
        ]
      },
      "id": "way/260320288"
    },
    {
      "type": "Feature",
      "properties": {
        "@id": "way/272803188",
        "highway": "primary",
        "oneway": "yes",
        "ref": "SH3"
      },
      "geometry": {
        "type": "LineString",
        "coordinates": [
          [
            88.3973841,
            22.5376271
          ],
          [
            88.397413,
            22.5374289
          ],
          [
            88.3974163,
            22.5373403
          ],
          [
            88.3974083,
            22.5372647
          ],
          [
            88.3972005,
            22.5363791
          ],
          [
            88.3970101,
            22.5356408
          ],
          [
            88.3969563,
            22.5354092
          ]
        ]
      },
      "id": "way/272803188"
    },
    {
      "type": "Feature",
      "properties": {
        "@id": "way/275625087",
        "highway": "primary",
        "name": "Basanti Highway",
        "ref": "SH3",
        "surface": "asphalt"
      },
      "geometry": {
        "type": "LineString",
        "coordinates": [
          [
            88.4412169,
            22.5253858
          ],
          [
            88.4412449,
            22.525351
          ],
          [
            88.4412744,
            22.5253216
          ],
          [
            88.441315,
            22.5253033
          ],
          [
            88.4413543,
            22.525293
          ],
          [
            88.4414196,
            22.5252958
          ],
          [
            88.4415021,
            22.5253165
          ],
          [
            88.4420029,
            22.5255134
          ],
          [
            88.4431923,
            22.5259584
          ],
          [
            88.4437998,
            22.5261855
          ],
          [
            88.4439822,
            22.5262499
          ],
          [
            88.4440921,
            22.5262846
          ],
          [
            88.444237,
            22.526323
          ],
          [
            88.4443617,
            22.5263527
          ],
          [
            88.4444261,
            22.5263643
          ],
          [
            88.4445749,
            22.5263911
          ],
          [
            88.4447774,
            22.5264134
          ],
          [
            88.4449799,
            22.5264159
          ],
          [
            88.4451932,
            22.5264134
          ],
          [
            88.4455486,
            22.5263948
          ],
          [
            88.4457698,
            22.526375
          ],
          [
            88.4460273,
            22.5263366
          ],
          [
            88.4462231,
            22.5262945
          ],
          [
            88.4467314,
            22.5261421
          ],
          [
            88.4475496,
            22.5258831
          ],
          [
            88.4487725,
            22.5254917
          ],
          [
            88.4493837,
            22.5252855
          ],
          [
            88.4509331,
            22.5247733
          ],
          [
            88.4518385,
            22.5244946
          ],
          [
            88.4529367,
            22.524144
          ],
          [
            88.454538,
            22.5236546
          ],
          [
            88.4554821,
            22.5233513
          ],
          [
            88.4555867,
            22.5233177
          ],
          [
            88.4569683,
            22.5228729
          ],
          [
            88.4576654,
            22.5226586
          ],
          [
            88.4582254,
            22.5224828
          ],
          [
            88.4595913,
            22.5220541
          ],
          [
            88.4610558,
            22.5215993
          ],
          [
            88.4617692,
            22.5213777
          ],
          [
            88.4628472,
            22.5210399
          ],
          [
            88.4631291,
            22.5209515
          ],
          [
            88.4636521,
            22.5207905
          ],
          [
            88.4642342,
            22.5205923
          ],
          [
            88.4650066,
            22.5203371
          ],
          [
            88.4653768,
            22.5202058
          ],
          [
            88.4656745,
            22.5200918
          ],
          [
            88.465877,
            22.5200051
          ],
          [
            88.4660473,
            22.5199221
          ],
          [
            88.4662834,
            22.5198118
          ],
          [
            88.466443,
            22.5197523
          ]
        ]
      },
      "id": "way/275625087"
    },
    {
      "type": "Feature",
      "properties": {
        "@id": "way/306818765",
        "highway": "primary",
        "maxspeed": "60",
        "name": "EM Bypass",
        "oneway": "yes"
      },
      "geometry": {
        "type": "LineString",
        "coordinates": [
          [
            88.3886914,
            22.4769782
          ],
          [
            88.3886155,
            22.4764682
          ],
          [
            88.3885664,
            22.4762136
          ],
          [
            88.3885322,
            22.4758175
          ],
          [
            88.3885263,
            22.475609
          ],
          [
            88.3885293,
            22.4754232
          ],
          [
            88.3885351,
            22.4752535
          ],
          [
            88.3885555,
            22.4750623
          ],
          [
            88.3885612,
            22.475025
          ],
          [
            88.3885934,
            22.4748145
          ],
          [
            88.3886429,
            22.4745532
          ],
          [
            88.3887041,
            22.4742973
          ],
          [
            88.3887916,
            22.4739822
          ],
          [
            88.3888499,
            22.473826
          ],
          [
            88.3889373,
            22.4736132
          ],
          [
            88.3890364,
            22.4734031
          ],
          [
            88.3891705,
            22.4731149
          ],
          [
            88.3893046,
            22.4728536
          ],
          [
            88.3897296,
            22.4720363
          ],
          [
            88.3897841,
            22.4719477
          ]
        ]
      },
      "id": "way/306818765"
    },
    {
      "type": "Feature",
      "properties": {
        "@id": "way/310317397",
        "highway": "primary",
        "lanes": "3",
        "maxspeed": "40",
        "name": "Deshapran Sashmal Road",
        "name:etymology:wikidata": "Q4916200",
        "oneway": "yes"
      },
      "geometry": {
        "type": "LineString",
        "coordinates": [
          [
            88.3449451,
            22.5014348
          ],
          [
            88.3449482,
            22.5014833
          ],
          [
            88.3449606,
            22.5016183
          ]
        ]
      },
      "id": "way/310317397"
    },
    {
      "type": "Feature",
      "properties": {
        "@id": "way/310317399",
        "highway": "primary",
        "maxspeed": "40",
        "name": "Raja Subodh Chandra Mullick Road",
        "name:etymology:wikidata": "Q21176797",
        "oneway": "yes",
        "ref": "SH1"
      },
      "geometry": {
        "type": "LineString",
        "coordinates": [
          [
            88.367854,
            22.5029895
          ],
          [
            88.3679534,
            22.5027754
          ],
          [
            88.368021,
            22.5026305
          ],
          [
            88.3681274,
            22.5024168
          ],
          [
            88.3683747,
            22.50184
          ],
          [
            88.3685169,
            22.5015377
          ],
          [
            88.3686751,
            22.501218
          ],
          [
            88.3687558,
            22.5010525
          ],
          [
            88.3688092,
            22.500943
          ],
          [
            88.3689309,
            22.5007144
          ],
          [
            88.3689526,
            22.5006737
          ],
          [
            88.3689728,
            22.5006357
          ],
          [
            88.3690495,
            22.5004957
          ],
          [
            88.3691995,
            22.5002216
          ],
          [
            88.3692723,
            22.5000887
          ],
          [
            88.3693704,
            22.4999096
          ],
          [
            88.3694151,
            22.4998382
          ],
          [
            88.3694644,
            22.4997491
          ],
          [
            88.3695804,
            22.4995392
          ],
          [
            88.3697493,
            22.4991811
          ],
          [
            88.3697821,
            22.499111
          ],
          [
            88.3698727,
            22.4988998
          ],
          [
            88.3700095,
            22.4985925
          ],
          [
            88.3702282,
            22.498099
          ],
          [
            88.3703086,
            22.4978689
          ],
          [
            88.3703703,
            22.4977116
          ],
          [
            88.3704588,
            22.4974923
          ],
          [
            88.3705392,
            22.4972184
          ],
          [
            88.3705789,
            22.4970164
          ],
          [
            88.3705835,
            22.4969929
          ],
          [
            88.3706063,
            22.496869
          ],
          [
            88.3706385,
            22.4967142
          ],
          [
            88.3706868,
            22.4964601
          ],
          [
            88.3707243,
            22.4962359
          ],
          [
            88.3707699,
            22.495998
          ],
          [
            88.3707821,
            22.4959572
          ],
          [
            88.3708383,
            22.4957688
          ],
          [
            88.3709469,
            22.4955036
          ],
          [
            88.3709681,
            22.4954591
          ],
          [
            88.3710153,
            22.4953599
          ],
          [
            88.3711414,
            22.4950749
          ],
          [
            88.3712795,
            22.4947478
          ],
          [
            88.3713533,
            22.4945805
          ],
          [
            88.3714123,
            22.4944579
          ],
          [
            88.3715437,
            22.4941357
          ],
          [
            88.3716577,
            22.4938024
          ],
          [
            88.3717208,
            22.4936115
          ],
          [
            88.3718146,
            22.4932943
          ],
          [
            88.3718911,
            22.493044
          ],
          [
            88.3719689,
            22.4928198
          ],
          [
            88.3720949,
            22.4924852
          ],
          [
            88.3721687,
            22.4922634
          ],
          [
            88.3722308,
            22.4920649
          ],
          [
            88.3722699,
            22.4919533
          ],
          [
            88.3723112,
            22.491827
          ]
        ]
      },
      "id": "way/310317399"
    },
    {
      "type": "Feature",
      "properties": {
        "@id": "way/310317401",
        "highway": "primary",
        "maxspeed": "60",
        "oneway": "yes"
      },
      "geometry": {
        "type": "LineString",
        "coordinates": [
          [
            88.4007291,
            22.504399
          ],
          [
            88.4007323,
            22.50442
          ],
          [
            88.4009457,
            22.5057231
          ],
          [
            88.4009517,
            22.5057565
          ],
          [
            88.4009552,
            22.5057762
          ],
          [
            88.4009842,
            22.5059189
          ],
          [
            88.4014131,
            22.5083398
          ]
        ]
      },
      "id": "way/310317401"
    },
    {
      "type": "Feature",
      "properties": {
        "@id": "way/325363389",
        "bridge": "yes",
        "highway": "primary",
        "layer": "1",
        "maxspeed": "40",
        "name": "Dhakuria Flyover",
        "name:etymology:wikidata": "Q1263851",
        "oneway": "yes",
        "ref": "SH1"
      },
      "geometry": {
        "type": "LineString",
        "coordinates": [
          [
            88.3672924,
            22.5086271
          ],
          [
            88.3673488,
            22.5088712
          ],
          [
            88.3673984,
            22.5091115
          ],
          [
            88.3674386,
            22.5093432
          ],
          [
            88.3674574,
            22.5095377
          ],
          [
            88.3674721,
            22.5097384
          ],
          [
            88.3674695,
            22.5100927
          ],
          [
            88.3674547,
            22.5103579
          ],
          [
            88.3674185,
            22.5107816
          ],
          [
            88.3673491,
            22.511602
          ],
          [
            88.3671953,
            22.513147
          ]
        ]
      },
      "id": "way/325363389"
    },
    {
      "type": "Feature",
      "properties": {
        "@id": "way/325486007",
        "highway": "primary",
        "maxspeed": "40",
        "name": "Basanti Highway",
        "name:bn": "বাসন্তী হাইওয়ে",
        "ref": "SH3"
      },
      "geometry": {
        "type": "LineString",
        "coordinates": [
          [
            88.3969563,
            22.5354092
          ],
          [
            88.3971602,
            22.5353497
          ],
          [
            88.3974571,
            22.535259
          ],
          [
            88.3976752,
            22.5351924
          ],
          [
            88.3978951,
            22.5351342
          ],
          [
            88.3982277,
            22.5350599
          ],
          [
            88.3985147,
            22.5350004
          ],
          [
            88.3992416,
            22.534848
          ],
          [
            88.3994572,
            22.5348053
          ],
          [
            88.399643,
            22.5347685
          ],
          [
            88.3999224,
            22.5347131
          ],
          [
            88.400273,
            22.5346352
          ],
          [
            88.4013645,
            22.5343872
          ],
          [
            88.4022886,
            22.5341779
          ],
          [
            88.4025474,
            22.5341184
          ],
          [
            88.4026882,
            22.5340776
          ],
          [
            88.4027714,
            22.5340379
          ],
          [
            88.4028532,
            22.5339822
          ],
          [
            88.4029363,
            22.5339091
          ],
          [
            88.4029967,
            22.5338224
          ],
          [
            88.4030248,
            22.5337369
          ],
          [
            88.4030437,
            22.5336741
          ]
        ]
      },
      "id": "way/325486007"
    },
    {
      "type": "Feature",
      "properties": {
        "@id": "way/327103922",
        "highway": "primary",
        "maxspeed": "60",
        "name": "Eastern Metropolitan Bypass",
        "oneway": "yes",
        "ref": "SH3"
      },
      "geometry": {
        "type": "LineString",
        "coordinates": [
          [
            88.397936,
            22.5403907
          ],
          [
            88.3980373,
            22.5407565
          ],
          [
            88.3981365,
            22.5411554
          ],
          [
            88.3982787,
            22.5418044
          ],
          [
            88.3983072,
            22.5420107
          ],
          [
            88.3983256,
            22.5422079
          ],
          [
            88.3983294,
            22.542331
          ],
          [
            88.3983109,
            22.5424499
          ],
          [
            88.3982811,
            22.5425118
          ]
        ]
      },
      "id": "way/327103922"
    },
    {
      "type": "Feature",
      "properties": {
        "@id": "way/327103934",
        "highway": "primary",
        "maxspeed": "40",
        "oneway": "yes",
        "ref": "SH3"
      },
      "geometry": {
        "type": "LineString",
        "coordinates": [
          [
            88.3976135,
            22.5385889
          ],
          [
            88.3974362,
            22.5378646
          ],
          [
            88.3973841,
            22.5376271
          ]
        ]
      },
      "id": "way/327103934"
    },
    {
      "type": "Feature",
      "properties": {
        "@id": "way/344282123",
        "highway": "primary",
        "maxspeed": "40",
        "name": "Netaji Subhash Chandra Bose Road",
        "name:etymology:wikidata": "Q2153"
      },
      "geometry": {
        "type": "LineString",
        "coordinates": [
          [
            88.3772284,
            22.4657012
          ],
          [
            88.3769349,
            22.4656634
          ],
          [
            88.3765898,
            22.4656862
          ],
          [
            88.3764515,
            22.4657125
          ],
          [
            88.3763649,
            22.4657289
          ],
          [
            88.3763144,
            22.4657625
          ],
          [
            88.3761892,
            22.4658456
          ],
          [
            88.3760414,
            22.4660022
          ],
          [
            88.375788,
            22.4662614
          ],
          [
            88.3755917,
            22.466446
          ],
          [
            88.3753928,
            22.4666344
          ],
          [
            88.3751137,
            22.4668775
          ],
          [
            88.3745226,
            22.4673564
          ],
          [
            88.374168,
            22.4676415
          ],
          [
            88.3741349,
            22.4676682
          ],
          [
            88.3740077,
            22.4677705
          ],
          [
            88.3736649,
            22.4680682
          ],
          [
            88.3735945,
            22.4681294
          ],
          [
            88.3732818,
            22.4684113
          ],
          [
            88.373143,
            22.4685206
          ],
          [
            88.373082,
            22.4685587
          ],
          [
            88.3729117,
            22.4686651
          ],
          [
            88.3725926,
            22.4688221
          ],
          [
            88.3724343,
            22.4688971
          ],
          [
            88.3720806,
            22.4690577
          ],
          [
            88.3716045,
            22.4693179
          ],
          [
            88.3713788,
            22.4694413
          ],
          [
            88.3711891,
            22.4695395
          ],
          [
            88.3708144,
            22.4697264
          ],
          [
            88.3707005,
            22.4697847
          ],
          [
            88.3705922,
            22.4698443
          ],
          [
            88.3702413,
            22.4700374
          ],
          [
            88.3701664,
            22.4700786
          ],
          [
            88.3699514,
            22.4701969
          ],
          [
            88.3698107,
            22.4702743
          ],
          [
            88.3697078,
            22.4703556
          ],
          [
            88.3693765,
            22.4705584
          ],
          [
            88.3693121,
            22.4706005
          ],
          [
            88.3692758,
            22.4706243
          ],
          [
            88.3690696,
            22.4707592
          ],
          [
            88.3690262,
            22.4707801
          ],
          [
            88.3689676,
            22.4708084
          ],
          [
            88.3687338,
            22.4709212
          ],
          [
            88.3684833,
            22.4710486
          ],
          [
            88.3681482,
            22.47121
          ],
          [
            88.3679719,
            22.4713058
          ],
          [
            88.3679063,
            22.4713415
          ],
          [
            88.367466,
            22.4715808
          ],
          [
            88.3674137,
            22.4716105
          ],
          [
            88.3670401,
            22.4717455
          ],
          [
            88.3666351,
            22.471949
          ],
          [
            88.3663197,
            22.4720624
          ],
          [
            88.3662209,
            22.472098
          ],
          [
            88.365871,
            22.4722357
          ],
          [
            88.3654763,
            22.4723922
          ],
          [
            88.3651841,
            22.4724887
          ],
          [
            88.3647697,
            22.4726284
          ],
          [
            88.364483,
            22.4727524
          ],
          [
            88.364374,
            22.4727939
          ],
          [
            88.3643536,
            22.4728027
          ],
          [
            88.3640793,
            22.4729204
          ],
          [
            88.3639202,
            22.4729887
          ],
          [
            88.3636818,
            22.4730911
          ],
          [
            88.3635702,
            22.4731397
          ],
          [
            88.3632999,
            22.4732572
          ],
          [
            88.3632141,
            22.473293
          ],
          [
            88.3629656,
            22.4733966
          ],
          [
            88.3627846,
            22.4734768
          ],
          [
            88.3619833,
            22.4738319
          ],
          [
            88.361953,
            22.4738493
          ],
          [
            88.3614638,
            22.47412
          ],
          [
            88.3611311,
            22.474304
          ]
        ]
      },
      "id": "way/344282123"
    },
    {
      "type": "Feature",
      "properties": {
        "@id": "way/344282124",
        "highway": "primary",
        "maxspeed": "40",
        "name": "Netaji Subhash Chandra Bose Road",
        "name:etymology:wikidata": "Q2153"
      },
      "geometry": {
        "type": "LineString",
        "coordinates": [
          [
            88.3455843,
            22.4926095
          ],
          [
            88.3460467,
            22.492272
          ],
          [
            88.3461741,
            22.4921861
          ],
          [
            88.3462591,
            22.4921288
          ],
          [
            88.3463465,
            22.4920699
          ],
          [
            88.3466755,
            22.491809
          ],
          [
            88.346957,
            22.4915512
          ],
          [
            88.3471259,
            22.4913951
          ],
          [
            88.3473901,
            22.4911509
          ],
          [
            88.3474273,
            22.4911166
          ],
          [
            88.3475319,
            22.4910199
          ],
          [
            88.3476623,
            22.4908994
          ],
          [
            88.3479017,
            22.4906784
          ],
          [
            88.3481504,
            22.4904245
          ],
          [
            88.3482921,
            22.4902493
          ],
          [
            88.3484457,
            22.4900673
          ],
          [
            88.3485028,
            22.4900008
          ],
          [
            88.3487652,
            22.4896953
          ],
          [
            88.3491854,
            22.4892059
          ],
          [
            88.3494418,
            22.4889068
          ],
          [
            88.3494834,
            22.4888583
          ],
          [
            88.3496346,
            22.4886819
          ],
          [
            88.3496517,
            22.4886619
          ],
          [
            88.3497523,
            22.4885445
          ],
          [
            88.349937,
            22.488329
          ],
          [
            88.3500228,
            22.4882289
          ],
          [
            88.350117,
            22.488119
          ],
          [
            88.3502748,
            22.4879349
          ],
          [
            88.3504451,
            22.4877286
          ],
          [
            88.350693,
            22.4873316
          ],
          [
            88.3509591,
            22.486924
          ],
          [
            88.3510108,
            22.4868391
          ],
          [
            88.3513449,
            22.4862598
          ],
          [
            88.3514769,
            22.486026
          ],
          [
            88.3516666,
            22.4856897
          ],
          [
            88.3519293,
            22.4852082
          ],
          [
            88.352049,
            22.4850115
          ],
          [
            88.3522977,
            22.4845886
          ],
          [
            88.3523523,
            22.4844978
          ],
          [
            88.3524724,
            22.48429
          ],
          [
            88.3526039,
            22.4840681
          ],
          [
            88.352699,
            22.4839065
          ],
          [
            88.3527248,
            22.4838626
          ],
          [
            88.3527994,
            22.4837358
          ],
          [
            88.3528491,
            22.4836512
          ],
          [
            88.3529224,
            22.4835266
          ],
          [
            88.3529625,
            22.4834585
          ],
          [
            88.3530474,
            22.4833215
          ],
          [
            88.3531597,
            22.483157
          ],
          [
            88.3531835,
            22.4831222
          ]
        ]
      },
      "id": "way/344282124"
    },
    {
      "type": "Feature",
      "properties": {
        "@id": "way/361033194",
        "highway": "primary",
        "lanes": "2",
        "name": "Bidhannagar Road",
        "oneway": "yes"
      },
      "geometry": {
        "type": "LineString",
        "coordinates": [
          [
            88.3917208,
            22.5922483
          ],
          [
            88.391985,
            22.5921562
          ],
          [
            88.3923183,
            22.5920395
          ],
          [
            88.3924444,
            22.5919933
          ],
          [
            88.3925541,
            22.5919382
          ],
          [
            88.3926677,
            22.591851
          ],
          [
            88.3929102,
            22.5916927
          ],
          [
            88.3933089,
            22.591483
          ],
          [
            88.3933666,
            22.5914451
          ]
        ]
      },
      "id": "way/361033194"
    },
    {
      "type": "Feature",
      "properties": {
        "@id": "way/384068774",
        "bridge": "yes",
        "highway": "primary",
        "layer": "1",
        "maxspeed": "60",
        "name": "Eastern Metropolitan Bypass Flyover",
        "oneway": "yes"
      },
      "geometry": {
        "type": "LineString",
        "coordinates": [
          [
            88.3913239,
            22.4823474
          ],
          [
            88.3912573,
            22.4822548
          ],
          [
            88.3911828,
            22.4821098
          ],
          [
            88.3910075,
            22.4817732
          ],
          [
            88.3909142,
            22.4815857
          ],
          [
            88.3904906,
            22.4807779
          ],
          [
            88.3902307,
            22.4803017
          ],
          [
            88.3899701,
            22.479782
          ],
          [
            88.3896695,
            22.4792091
          ],
          [
            88.389433,
            22.4787672
          ],
          [
            88.3891406,
            22.47821
          ],
          [
            88.3888587,
            22.4775956
          ],
          [
            88.3887508,
            22.47724
          ]
        ]
      },
      "id": "way/384068774"
    },
    {
      "type": "Feature",
      "properties": {
        "@id": "way/397757891",
        "bridge": "yes",
        "highway": "primary",
        "layer": "1",
        "name": "bantala road",
        "ref": "SH3",
        "surface": "asphalt"
      },
      "geometry": {
        "type": "LineString",
        "coordinates": [
          [
            88.4409518,
            22.5260448
          ],
          [
            88.4412169,
            22.5253858
          ]
        ]
      },
      "id": "way/397757891"
    },
    {
      "type": "Feature",
      "properties": {
        "@id": "way/419251108",
        "highway": "primary",
        "maxspeed": "40",
        "name": "Ruby Crossing",
        "oneway": "yes"
      },
      "geometry": {
        "type": "LineString",
        "coordinates": [
          [
            88.4016152,
            22.513559
          ],
          [
            88.4016601,
            22.5135912
          ],
          [
            88.401713,
            22.5136103
          ],
          [
            88.4017697,
            22.5136147
          ],
          [
            88.4018253,
            22.5136041
          ],
          [
            88.4018754,
            22.5135792
          ],
          [
            88.4019158,
            22.5135423
          ]
        ]
      },
      "id": "way/419251108"
    },
    {
      "type": "Feature",
      "properties": {
        "@id": "way/430755532",
        "highway": "primary",
        "lane_markings": "no",
        "maxspeed": "40",
        "name": "JBS Haldane Avenue",
        "name:etymology:wikidata": "Q156333",
        "oneway": "yes",
        "surface": "asphalt"
      },
      "geometry": {
        "type": "LineString",
        "coordinates": [
          [
            88.37194,
            22.5393534
          ],
          [
            88.3716542,
            22.5394445
          ],
          [
            88.3714511,
            22.5395094
          ],
          [
            88.3708248,
            22.5396953
          ],
          [
            88.3707776,
            22.5397236
          ],
          [
            88.3707548,
            22.539754
          ]
        ]
      },
      "id": "way/430755532"
    },
    {
      "type": "Feature",
      "properties": {
        "@id": "way/430755533",
        "bridge": "yes",
        "highway": "primary",
        "layer": "1",
        "maxspeed": "40",
        "name": "JBS Haldane Avenue",
        "name:etymology:wikidata": "Q156333",
        "oneway": "yes"
      },
      "geometry": {
        "type": "LineString",
        "coordinates": [
          [
            88.3757755,
            22.5390668
          ],
          [
            88.3752965,
            22.5389466
          ],
          [
            88.3751417,
            22.5389184
          ],
          [
            88.3750642,
            22.5389165
          ],
          [
            88.3748596,
            22.5389249
          ],
          [
            88.3738524,
            22.5390089
          ],
          [
            88.3731119,
            22.5390707
          ],
          [
            88.3728075,
            22.5391176
          ],
          [
            88.3725285,
            22.5391758
          ],
          [
            88.37194,
            22.5393534
          ]
        ]
      },
      "id": "way/430755533"
    },
    {
      "type": "Feature",
      "properties": {
        "@id": "way/430755534",
        "highway": "primary",
        "maxspeed": "40",
        "name": "JBS Haldane Avenue",
        "name:etymology:wikidata": "Q156333",
        "oneway": "yes"
      },
      "geometry": {
        "type": "LineString",
        "coordinates": [
          [
            88.39824,
            22.5425677
          ],
          [
            88.3981983,
            22.5426289
          ],
          [
            88.3981329,
            22.5426764
          ],
          [
            88.3980535,
            22.5427173
          ],
          [
            88.3979554,
            22.5427583
          ],
          [
            88.397848,
            22.5427928
          ],
          [
            88.3976962,
            22.5428338
          ],
          [
            88.3975351,
            22.5428705
          ],
          [
            88.3972619,
            22.5429308
          ],
          [
            88.3969495,
            22.5429943
          ],
          [
            88.3966548,
            22.5430344
          ],
          [
            88.3964587,
            22.5430408
          ],
          [
            88.3962555,
            22.5430344
          ],
          [
            88.3960501,
            22.5430193
          ],
          [
            88.3958516,
            22.5429955
          ],
          [
            88.3955107,
            22.5429438
          ],
          [
            88.395088,
            22.542851
          ],
          [
            88.3947261,
            22.5427712
          ],
          [
            88.3945722,
            22.5427328
          ],
          [
            88.3938552,
            22.5425534
          ],
          [
            88.3933835,
            22.5424434
          ],
          [
            88.392293,
            22.5422062
          ],
          [
            88.3920361,
            22.542149
          ],
          [
            88.3917793,
            22.5420919
          ],
          [
            88.390766,
            22.5418439
          ],
          [
            88.3902196,
            22.5417102
          ],
          [
            88.3898522,
            22.5416233
          ],
          [
            88.3896452,
            22.5415743
          ],
          [
            88.3894233,
            22.5415208
          ],
          [
            88.389351,
            22.5415032
          ],
          [
            88.3890556,
            22.5414547
          ],
          [
            88.3887135,
            22.5414147
          ],
          [
            88.3886501,
            22.5414138
          ],
          [
            88.3884146,
            22.5413932
          ],
          [
            88.3881694,
            22.541391
          ],
          [
            88.3879476,
            22.5413997
          ],
          [
            88.3876678,
            22.5414033
          ],
          [
            88.3873407,
            22.5414385
          ],
          [
            88.3871456,
            22.5414733
          ],
          [
            88.3870893,
            22.5414827
          ]
        ]
      },
      "id": "way/430755534"
    },
    {
      "type": "Feature",
      "properties": {
        "@id": "way/432555774",
        "alt_name": "Gariahat Road",
        "bridge": "yes",
        "highway": "primary",
        "layer": "1",
        "maxspeed": "40",
        "name": "Gariahat Flyover",
        "name:etymology:wikidata": "Q5523285",
        "oneway": "yes",
        "ref": "SH1"
      },
      "geometry": {
        "type": "LineString",
        "coordinates": [
          [
            88.3660568,
            22.5172175
          ],
          [
            88.3660009,
            22.5174233
          ],
          [
            88.3659527,
            22.517562
          ],
          [
            88.3658977,
            22.5177305
          ],
          [
            88.3658347,
            22.5178916
          ],
          [
            88.365726,
            22.5181939
          ],
          [
            88.3656335,
            22.5184615
          ],
          [
            88.3655718,
            22.5186423
          ],
          [
            88.3655155,
            22.5188071
          ],
          [
            88.3654672,
            22.5189582
          ],
          [
            88.3653975,
            22.5191664
          ],
          [
            88.3653344,
            22.5193621
          ],
          [
            88.3652593,
            22.5195913
          ],
          [
            88.365211,
            22.5197387
          ],
          [
            88.3651601,
            22.5199047
          ],
          [
            88.3651279,
            22.5200038
          ],
          [
            88.3651051,
            22.5200775
          ],
          [
            88.3650783,
            22.5201673
          ],
          [
            88.3650514,
            22.5202726
          ],
          [
            88.3650375,
            22.5203565
          ],
          [
            88.3650202,
            22.5204927
          ],
          [
            88.3650096,
            22.5206023
          ],
          [
            88.3650096,
            22.5207069
          ],
          [
            88.3650114,
            22.5208262
          ],
          [
            88.3650184,
            22.5209602
          ],
          [
            88.3650397,
            22.5212022
          ],
          [
            88.3650822,
            22.5215978
          ],
          [
            88.3651193,
            22.5218805
          ],
          [
            88.3651582,
            22.5222058
          ],
          [
            88.3651866,
            22.5224118
          ],
          [
            88.3652284,
            22.5226457
          ]
        ]
      },
      "id": "way/432555774"
    },
    {
      "type": "Feature",
      "properties": {
        "@id": "way/432555775",
        "alt_name": "Gariahat Road",
        "bridge": "yes",
        "highway": "primary",
        "layer": "1",
        "maxspeed": "40",
        "name": "Gariahat Flyover",
        "name:etymology:wikidata": "Q5523285",
        "oneway": "yes",
        "ref": "SH1"
      },
      "geometry": {
        "type": "LineString",
        "coordinates": [
          [
            88.3652828,
            22.5226165
          ],
          [
            88.3652255,
            22.522232
          ],
          [
            88.3651919,
            22.5219606
          ],
          [
            88.3651512,
            22.5216206
          ],
          [
            88.3651299,
            22.5214359
          ],
          [
            88.3650957,
            22.5210692
          ],
          [
            88.3650877,
            22.5209391
          ],
          [
            88.3650768,
            22.5207772
          ],
          [
            88.3650768,
            22.5206595
          ],
          [
            88.365081,
            22.520565
          ],
          [
            88.3650957,
            22.5204523
          ],
          [
            88.3651064,
            22.5203656
          ],
          [
            88.3651319,
            22.5202429
          ],
          [
            88.3651668,
            22.5201153
          ],
          [
            88.3652164,
            22.5199444
          ],
          [
            88.3652888,
            22.5197226
          ],
          [
            88.3654001,
            22.5193943
          ],
          [
            88.3654793,
            22.5191403
          ],
          [
            88.365612,
            22.5187476
          ],
          [
            88.3657314,
            22.5183933
          ],
          [
            88.3658567,
            22.5180361
          ],
          [
            88.3659138,
            22.5178891
          ],
          [
            88.3659701,
            22.5177231
          ],
          [
            88.3660117,
            22.5176005
          ],
          [
            88.3660465,
            22.5175026
          ],
          [
            88.3660854,
            22.51737
          ],
          [
            88.3661176,
            22.5172276
          ]
        ]
      },
      "id": "way/432555775"
    },
    {
      "type": "Feature",
      "properties": {
        "@id": "way/432555879",
        "highway": "primary",
        "lane_markings": "no",
        "maxspeed": "40",
        "name": "Gariahat Road",
        "name:etymology:wikidata": "Q5523285",
        "oneway": "yes",
        "ref": "SH1",
        "surface": "asphalt"
      },
      "geometry": {
        "type": "LineString",
        "coordinates": [
          [
            88.3652882,
            22.5229172
          ],
          [
            88.3653218,
            22.5230702
          ],
          [
            88.3653626,
            22.5232537
          ],
          [
            88.365494,
            22.5237476
          ],
          [
            88.3656737,
            22.5244599
          ],
          [
            88.3658762,
            22.5253171
          ],
          [
            88.365899,
            22.5254427
          ],
          [
            88.3659637,
            22.5257984
          ]
        ]
      },
      "id": "way/432555879"
    },
    {
      "type": "Feature",
      "properties": {
        "@id": "way/432555880",
        "alt_name": "Gariahat Road",
        "highway": "primary",
        "lane_markings": "no",
        "maxspeed": "40",
        "name": "Gariahat Flyover",
        "name:etymology:wikidata": "Q5523285",
        "oneway": "yes",
        "ref": "SH1",
        "surface": "asphalt"
      },
      "geometry": {
        "type": "LineString",
        "coordinates": [
          [
            88.3653686,
            22.5229417
          ],
          [
            88.3653305,
            22.5228095
          ],
          [
            88.3653029,
            22.5227025
          ],
          [
            88.3652828,
            22.5226165
          ]
        ]
      },
      "id": "way/432555880"
    },
    {
      "type": "Feature",
      "properties": {
        "@id": "way/434847448",
        "highway": "primary",
        "maxspeed": "40",
        "name": "Acharya Jagadish Chandra Bose Road",
        "name:etymology:wikidata": "Q314267",
        "oneway": "yes"
      },
      "geometry": {
        "type": "LineString",
        "coordinates": [
          [
            88.3605382,
            22.5440866
          ],
          [
            88.3603981,
            22.5437384
          ],
          [
            88.3603318,
            22.5435786
          ],
          [
            88.3602865,
            22.5434692
          ],
          [
            88.360216,
            22.5432898
          ],
          [
            88.3601606,
            22.5431397
          ],
          [
            88.3600432,
            22.5428218
          ],
          [
            88.3599311,
            22.5425542
          ],
          [
            88.3598504,
            22.5423581
          ],
          [
            88.3598167,
            22.5422762
          ],
          [
            88.3597447,
            22.5420807
          ],
          [
            88.3596963,
            22.5419491
          ],
          [
            88.3596558,
            22.5418466
          ],
          [
            88.3595785,
            22.5416508
          ],
          [
            88.3595295,
            22.5415602
          ],
          [
            88.359519,
            22.5415424
          ],
          [
            88.3594777,
            22.5414727
          ],
          [
            88.3594618,
            22.5414459
          ],
          [
            88.3593684,
            22.541323
          ],
          [
            88.3592886,
            22.5412463
          ],
          [
            88.359254,
            22.541213
          ],
          [
            88.3591629,
            22.5411268
          ],
          [
            88.3591432,
            22.541112
          ],
          [
            88.3591298,
            22.5411046
          ],
          [
            88.3590911,
            22.5410898
          ],
          [
            88.359108,
            22.5409435
          ]
        ]
      },
      "id": "way/434847448"
    },
    {
      "type": "Feature",
      "properties": {
        "@id": "way/434847449",
        "highway": "primary",
        "maxspeed": "40",
        "name": "Acharya Jagadish Chandra Bose Road",
        "name:etymology:wikidata": "Q314267",
        "oneway": "yes"
      },
      "geometry": {
        "type": "LineString",
        "coordinates": [
          [
            88.3548842,
            22.541319
          ],
          [
            88.3550115,
            22.5413117
          ]
        ]
      },
      "id": "way/434847449"
    },
    {
      "type": "Feature",
      "properties": {
        "@id": "way/434847450",
        "highway": "primary",
        "maxspeed": "40",
        "name": "Circus Avenue",
        "oneway": "yes"
      },
      "geometry": {
        "type": "LineString",
        "coordinates": [
          [
            88.362616,
            22.5417004
          ],
          [
            88.3627787,
            22.5417668
          ]
        ]
      },
      "id": "way/434847450"
    },
    {
      "type": "Feature",
      "properties": {
        "@id": "way/439895482",
        "highway": "primary",
        "lanes": "4",
        "maxspeed": "40",
        "name": "AJC Bose Road",
        "name:bn": "আচার্য জগদীশচন্দ্র বসু রোড",
        "name:etymology:wikidata": "Q314267",
        "oneway": "yes",
        "ref": "SH1",
        "source": "Mapbox Satellite",
        "surface": "asphalt"
      },
      "geometry": {
        "type": "LineString",
        "coordinates": [
          [
            88.3643619,
            22.5541888
          ],
          [
            88.3642304,
            22.5538428
          ],
          [
            88.3639506,
            22.5530954
          ],
          [
            88.3639372,
            22.5530595
          ],
          [
            88.3638699,
            22.5528858
          ],
          [
            88.3636505,
            22.5523091
          ],
          [
            88.3635949,
            22.5521568
          ],
          [
            88.3632668,
            22.5513049
          ],
          [
            88.3630437,
            22.5508031
          ],
          [
            88.3629814,
            22.5506434
          ],
          [
            88.3629435,
            22.5505464
          ],
          [
            88.3629112,
            22.5504686
          ],
          [
            88.3628657,
            22.5503478
          ],
          [
            88.3625634,
            22.5495448
          ],
          [
            88.3625262,
            22.5494459
          ],
          [
            88.3620024,
            22.5480697
          ],
          [
            88.361713,
            22.5472853
          ],
          [
            88.3615818,
            22.5469794
          ],
          [
            88.3615524,
            22.5469046
          ],
          [
            88.3615162,
            22.5468122
          ],
          [
            88.3614972,
            22.5467451
          ],
          [
            88.3614936,
            22.5466964
          ]
        ]
      },
      "id": "way/439895482"
    },
    {
      "type": "Feature",
      "properties": {
        "@id": "way/449248199",
        "bridge": "yes",
        "highway": "primary",
        "layer": "1",
        "name": "Eastern Metropolitan Bypass",
        "oneway": "yes"
      },
      "geometry": {
        "type": "LineString",
        "coordinates": [
          [
            88.4005576,
            22.503469
          ],
          [
            88.4006262,
            22.5038909
          ]
        ]
      },
      "id": "way/449248199"
    },
    {
      "type": "Feature",
      "properties": {
        "@id": "way/449248200",
        "bridge": "yes",
        "highway": "primary",
        "layer": "1",
        "name": "Eastern Metropolitan Bypass",
        "oneway": "yes"
      },
      "geometry": {
        "type": "LineString",
        "coordinates": [
          [
            88.400932,
            22.5041439
          ],
          [
            88.4008438,
            22.5036266
          ]
        ]
      },
      "id": "way/449248200"
    },
    {
      "type": "Feature",
      "properties": {
        "@id": "way/449248201",
        "highway": "primary",
        "name": "Eastern Metropolitan Bypass",
        "oneway": "yes"
      },
      "geometry": {
        "type": "LineString",
        "coordinates": [
          [
            88.4006262,
            22.5038909
          ],
          [
            88.4007084,
            22.5042961
          ]
        ]
      },
      "id": "way/449248201"
    },
    {
      "type": "Feature",
      "properties": {
        "@id": "way/449248202",
        "highway": "primary",
        "maxspeed": "60",
        "name": "Eastern Metropolitan Bypass",
        "oneway": "yes"
      },
      "geometry": {
        "type": "LineString",
        "coordinates": [
          [
            88.4015964,
            22.5083125
          ],
          [
            88.4015919,
            22.5082872
          ],
          [
            88.401449,
            22.5073262
          ],
          [
            88.4013525,
            22.5066336
          ],
          [
            88.4013471,
            22.5065122
          ],
          [
            88.4013458,
            22.5063846
          ],
          [
            88.4012733,
            22.5058791
          ],
          [
            88.4011218,
            22.5049833
          ],
          [
            88.401026,
            22.5045617
          ],
          [
            88.4010187,
            22.5045294
          ],
          [
            88.4009796,
            22.5043576
          ]
        ]
      },
      "id": "way/449248202"
    },
    {
      "type": "Feature",
      "properties": {
        "@id": "way/492627988",
        "highway": "primary",
        "lane_markings": "no",
        "maxspeed": "40",
        "name": "Maa Flyover",
        "oneway": "yes",
        "surface": "asphalt"
      },
      "geometry": {
        "type": "LineString",
        "coordinates": [
          [
            88.3665428,
            22.5431648
          ],
          [
            88.3666283,
            22.5430925
          ],
          [
            88.36671,
            22.5430196
          ],
          [
            88.3671569,
            22.5426304
          ],
          [
            88.3673028,
            22.5425154
          ],
          [
            88.3675041,
            22.5422606
          ],
          [
            88.3676363,
            22.5420892
          ],
          [
            88.3676831,
            22.5420308
          ],
          [
            88.3678221,
            22.5417768
          ],
          [
            88.3678976,
            22.5416016
          ],
          [
            88.3680422,
            22.541284
          ],
          [
            88.3680784,
            22.5412218
          ],
          [
            88.3681404,
            22.5411153
          ],
          [
            88.3683637,
            22.5409261
          ],
          [
            88.3684334,
            22.5408818
          ],
          [
            88.3687593,
            22.540746
          ],
          [
            88.3696061,
            22.5403881
          ],
          [
            88.3698729,
            22.5402889
          ],
          [
            88.3702879,
            22.5401573
          ]
        ]
      },
      "id": "way/492627988"
    },
    {
      "type": "Feature",
      "properties": {
        "@id": "way/498975716",
        "highway": "primary",
        "maxspeed": "40",
        "name": "Raja Subodh Chandra Mullick Road",
        "name:etymology:wikidata": "Q21176797",
        "oneway": "yes",
        "ref": "SH1"
      },
      "geometry": {
        "type": "LineString",
        "coordinates": [
          [
            88.3768988,
            22.4718863
          ],
          [
            88.3767606,
            22.4719421
          ],
          [
            88.3766292,
            22.4720041
          ],
          [
            88.376534,
            22.4720648
          ],
          [
            88.3764884,
            22.4721144
          ],
          [
            88.3764656,
            22.4721751
          ],
          [
            88.3764535,
            22.4722507
          ],
          [
            88.3764455,
            22.4723597
          ],
          [
            88.376448,
            22.4725042
          ],
          [
            88.3764623,
            22.4726592
          ],
          [
            88.3764748,
            22.4728699
          ],
          [
            88.3764771,
            22.4730393
          ],
          [
            88.3764771,
            22.4732076
          ],
          [
            88.376476,
            22.4734816
          ],
          [
            88.3764713,
            22.4736779
          ],
          [
            88.3764643,
            22.4738754
          ],
          [
            88.3764623,
            22.4739433
          ],
          [
            88.3764573,
            22.4741149
          ],
          [
            88.3764488,
            22.4742814
          ],
          [
            88.3764445,
            22.4743651
          ],
          [
            88.3764363,
            22.4745183
          ],
          [
            88.3764226,
            22.4746491
          ],
          [
            88.376405,
            22.4748183
          ],
          [
            88.3763962,
            22.4749183
          ],
          [
            88.376388,
            22.4750954
          ],
          [
            88.3763734,
            22.4753017
          ],
          [
            88.3763679,
            22.475416
          ],
          [
            88.376356,
            22.4755395
          ],
          [
            88.3763368,
            22.4757511
          ],
          [
            88.3763119,
            22.4760878
          ],
          [
            88.3762996,
            22.4762717
          ],
          [
            88.3762898,
            22.4764603
          ],
          [
            88.3762745,
            22.4766357
          ],
          [
            88.3762559,
            22.476933
          ],
          [
            88.3762469,
            22.477191
          ],
          [
            88.3762381,
            22.4773901
          ],
          [
            88.3762389,
            22.4774202
          ],
          [
            88.3762373,
            22.4774655
          ],
          [
            88.3762285,
            22.4776751
          ],
          [
            88.3762147,
            22.4779046
          ],
          [
            88.376184,
            22.478283
          ],
          [
            88.3761694,
            22.4784307
          ],
          [
            88.3761466,
            22.4785767
          ],
          [
            88.3761268,
            22.4787876
          ],
          [
            88.3761167,
            22.4790353
          ],
          [
            88.3761074,
            22.4791988
          ],
          [
            88.3761008,
            22.4792982
          ],
          [
            88.3760968,
            22.4793627
          ],
          [
            88.3760817,
            22.4794465
          ],
          [
            88.3760507,
            22.4795426
          ],
          [
            88.3760027,
            22.47962
          ],
          [
            88.3758715,
            22.4799154
          ],
          [
            88.375838,
            22.4799959
          ],
          [
            88.3758165,
            22.4800703
          ],
          [
            88.3758044,
            22.4801483
          ],
          [
            88.3757977,
            22.4802574
          ],
          [
            88.3757989,
            22.4802953
          ],
          [
            88.3758034,
            22.4804425
          ],
          [
            88.3758196,
            22.4805547
          ],
          [
            88.3758317,
            22.4806215
          ],
          [
            88.3758594,
            22.4807419
          ]
        ]
      },
      "id": "way/498975716"
    },
    {
      "type": "Feature",
      "properties": {
        "@id": "way/499209384",
        "highway": "primary"
      },
      "geometry": {
        "type": "LineString",
        "coordinates": [
          [
            88.3967438,
            22.4921258
          ],
          [
            88.3965753,
            22.4922092
          ]
        ]
      },
      "id": "way/499209384"
    },
    {
      "type": "Feature",
      "properties": {
        "@id": "way/549861283",
        "highway": "primary",
        "maxspeed": "60",
        "name": "Eastern Metropolitan Bypass",
        "oneway": "yes",
        "ref": "SH3"
      },
      "geometry": {
        "type": "LineString",
        "coordinates": [
          [
            88.4029476,
            22.5505213
          ],
          [
            88.403222,
            22.5507397
          ],
          [
            88.4034687,
            22.550928
          ],
          [
            88.4036323,
            22.5510469
          ],
          [
            88.4039502,
            22.5512498
          ],
          [
            88.4041356,
            22.5513787
          ],
          [
            88.4043636,
            22.5515281
          ],
          [
            88.4045281,
            22.5516315
          ]
        ]
      },
      "id": "way/549861283"
    },
    {
      "type": "Feature",
      "properties": {
        "@id": "way/549861284",
        "highway": "primary",
        "maxspeed": "40",
        "name": "Eastern Metropolitan Bypass",
        "oneway": "yes",
        "ref": "SH3"
      },
      "geometry": {
        "type": "LineString",
        "coordinates": [
          [
            88.4030691,
            22.5503657
          ],
          [
            88.402925,
            22.5502404
          ],
          [
            88.4027928,
            22.5501254
          ],
          [
            88.4023234,
            22.5497464
          ],
          [
            88.401382,
            22.5489896
          ],
          [
            88.4009555,
            22.5486478
          ],
          [
            88.4006605,
            22.5484063
          ],
          [
            88.4004995,
            22.5482824
          ],
          [
            88.4003708,
            22.5481511
          ]
        ]
      },
      "id": "way/549861284"
    },
    {
      "type": "Feature",
      "properties": {
        "@id": "way/549866520",
        "highway": "primary",
        "maxspeed": "60",
        "name": "Eastern Metropolitan Bypass",
        "oneway": "yes",
        "ref": "SH3"
      },
      "geometry": {
        "type": "LineString",
        "coordinates": [
          [
            88.3974973,
            22.5386469
          ],
          [
            88.3976074,
            22.5391223
          ],
          [
            88.397809,
            22.5399231
          ],
          [
            88.3978487,
            22.5400808
          ],
          [
            88.3978682,
            22.540157
          ]
        ]
      },
      "id": "way/549866520"
    },
    {
      "type": "Feature",
      "properties": {
        "@id": "way/549866521",
        "highway": "primary",
        "maxspeed": "60",
        "oneway": "yes"
      },
      "geometry": {
        "type": "LineString",
        "coordinates": [
          [
            88.3958833,
            22.5314717
          ],
          [
            88.3957144,
            22.5308272
          ],
          [
            88.3956675,
            22.5306364
          ],
          [
            88.3955806,
            22.5303093
          ],
          [
            88.3952235,
            22.5288329
          ],
          [
            88.3951483,
            22.5284782
          ],
          [
            88.3951431,
            22.5284538
          ],
          [
            88.395122,
            22.528309
          ]
        ]
      },
      "id": "way/549866521"
    },
    {
      "type": "Feature",
      "properties": {
        "@id": "way/549866522",
        "highway": "primary",
        "maxspeed": "40",
        "name": "Eastern Metropolitan Bypass",
        "oneway": "yes"
      },
      "geometry": {
        "type": "LineString",
        "coordinates": [
          [
            88.3957979,
            22.5316099
          ],
          [
            88.3958684,
            22.5318828
          ],
          [
            88.396099,
            22.5328448
          ]
        ]
      },
      "id": "way/549866522"
    },
    {
      "type": "Feature",
      "properties": {
        "@id": "way/562621091",
        "highway": "primary",
        "maxspeed": "40",
        "name": "JBS Haldane Avenue",
        "name:etymology:wikidata": "Q156333",
        "oneway": "yes"
      },
      "geometry": {
        "type": "LineString",
        "coordinates": [
          [
            88.3682119,
            22.5407609
          ],
          [
            88.3681251,
            22.5408193
          ],
          [
            88.3680304,
            22.5409273
          ],
          [
            88.3679816,
            22.5409957
          ],
          [
            88.3678598,
            22.5411665
          ],
          [
            88.3677473,
            22.5413699
          ]
        ]
      },
      "id": "way/562621091"
    },
    {
      "type": "Feature",
      "properties": {
        "@id": "way/562941475",
        "highway": "primary",
        "maxspeed": "60",
        "name": "Eastern Metropolitan Bypass",
        "oneway": "yes"
      },
      "geometry": {
        "type": "LineString",
        "coordinates": [
          [
            88.4011539,
            22.5162143
          ],
          [
            88.4011746,
            22.5161536
          ],
          [
            88.4013819,
            22.5155453
          ],
          [
            88.4014865,
            22.5151389
          ],
          [
            88.4016548,
            22.5144953
          ],
          [
            88.4017114,
            22.5142396
          ],
          [
            88.401744,
            22.5140859
          ]
        ]
      },
      "id": "way/562941475"
    },
    {
      "type": "Feature",
      "properties": {
        "@id": "way/562946628",
        "highway": "primary",
        "lit": "yes",
        "maxspeed": "60",
        "name": "Eastern Metropolitan Bypass",
        "oneway": "yes",
        "ref": "SH3",
        "surface": "asphalt"
      },
      "geometry": {
        "type": "LineString",
        "coordinates": [
          [
            88.4012823,
            22.580426
          ],
          [
            88.4013936,
            22.5800431
          ],
          [
            88.4014624,
            22.5797933
          ],
          [
            88.4015821,
            22.5793702
          ],
          [
            88.4016509,
            22.5791272
          ],
          [
            88.4016852,
            22.5789909
          ],
          [
            88.4018701,
            22.5782553
          ],
          [
            88.4018903,
            22.5781851
          ],
          [
            88.4020095,
            22.5777699
          ],
          [
            88.40209,
            22.5774281
          ],
          [
            88.4021242,
            22.5772734
          ],
          [
            88.4021559,
            22.5771301
          ],
          [
            88.4021833,
            22.5770059
          ],
          [
            88.4022241,
            22.5768214
          ],
          [
            88.4022411,
            22.5767633
          ],
          [
            88.4024172,
            22.5761626
          ],
          [
            88.4024672,
            22.5759444
          ],
          [
            88.4025082,
            22.5757658
          ],
          [
            88.4025695,
            22.5754983
          ],
          [
            88.4026023,
            22.5753552
          ],
          [
            88.4026135,
            22.5753134
          ],
          [
            88.4026836,
            22.575051
          ],
          [
            88.4028008,
            22.5746122
          ],
          [
            88.4028847,
            22.5742943
          ],
          [
            88.4029882,
            22.5739021
          ],
          [
            88.4030028,
            22.573847
          ],
          [
            88.4030656,
            22.573611
          ],
          [
            88.403153,
            22.5732823
          ],
          [
            88.4033549,
            22.5725409
          ],
          [
            88.4034273,
            22.5723586
          ],
          [
            88.4036304,
            22.5718829
          ],
          [
            88.4036547,
            22.5718347
          ],
          [
            88.403904,
            22.5713405
          ],
          [
            88.4039625,
            22.5712001
          ],
          [
            88.4040113,
            22.571083
          ]
        ]
      },
      "id": "way/562946628"
    },
    {
      "type": "Feature",
      "properties": {
        "@id": "way/562968523",
        "alt_name": "Jawaharlal Nehru Road",
        "alt_name:etymology:wikidata": "Q1047",
        "highway": "primary",
        "lit": "yes",
        "maxspeed": "40",
        "name": "Chowringhee Road",
        "oneway": "yes",
        "wikidata": "Q9384706",
        "wikipedia": "en:Chowringhee Road"
      },
      "geometry": {
        "type": "LineString",
        "coordinates": [
          [
            88.3482847,
            22.5481462
          ],
          [
            88.3483937,
            22.5484912
          ],
          [
            88.3487129,
            22.5496507
          ],
          [
            88.3487411,
            22.5497639
          ],
          [
            88.3487503,
            22.549801
          ],
          [
            88.3489432,
            22.5505828
          ],
          [
            88.3490451,
            22.551054
          ],
          [
            88.3491871,
            22.5517278
          ]
        ]
      },
      "id": "way/562968523"
    },
    {
      "type": "Feature",
      "properties": {
        "@id": "way/563019882",
        "highway": "primary",
        "maxspeed": "40",
        "name": "Acharya Jagadish Chandra Bose Road",
        "name:etymology:wikidata": "Q314267",
        "oneway": "yes"
      },
      "geometry": {
        "type": "LineString",
        "coordinates": [
          [
            88.3581737,
            22.540958
          ],
          [
            88.3580009,
            22.5409672
          ],
          [
            88.357881,
            22.5409736
          ],
          [
            88.3572902,
            22.5410081
          ]
        ]
      },
      "id": "way/563019882"
    },
    {
      "type": "Feature",
      "properties": {
        "@id": "way/563179860",
        "highway": "primary",
        "maxspeed": "40",
        "name": "Mahatma Gandhi Road",
        "name:etymology:wikidata": "Q1001",
        "name:hi": "महात्मा गांधी रोड",
        "oneway": "yes"
      },
      "geometry": {
        "type": "LineString",
        "coordinates": [
          [
            88.3605312,
            22.5787195
          ],
          [
            88.3598367,
            22.578903
          ],
          [
            88.3594678,
            22.5790036
          ],
          [
            88.3592313,
            22.5790641
          ],
          [
            88.358746,
            22.5791986
          ],
          [
            88.3581873,
            22.5792919
          ],
          [
            88.3577263,
            22.5794349
          ],
          [
            88.3574436,
            22.5795242
          ],
          [
            88.3568478,
            22.5797106
          ],
          [
            88.3568359,
            22.5797141
          ],
          [
            88.3568242,
            22.5797177
          ],
          [
            88.3568195,
            22.5797196
          ],
          [
            88.3568114,
            22.5797234
          ],
          [
            88.3565234,
            22.579865
          ],
          [
            88.3560763,
            22.5800712
          ],
          [
            88.3558813,
            22.5801656
          ],
          [
            88.3557162,
            22.5802394
          ],
          [
            88.3553223,
            22.5803924
          ],
          [
            88.3551301,
            22.5804624
          ],
          [
            88.3549809,
            22.5805062
          ],
          [
            88.3544822,
            22.5806814
          ],
          [
            88.3540823,
            22.5809151
          ]
        ]
      },
      "id": "way/563179860"
    },
    {
      "type": "Feature",
      "properties": {
        "@id": "way/563179861",
        "highway": "primary",
        "maxspeed": "40",
        "name": "Strand Road",
        "oneway": "yes"
      },
      "geometry": {
        "type": "LineString",
        "coordinates": [
          [
            88.3497878,
            22.5823046
          ],
          [
            88.349521,
            22.5818021
          ],
          [
            88.3494312,
            22.581577
          ],
          [
            88.3493712,
            22.5814571
          ],
          [
            88.3493726,
            22.5813697
          ],
          [
            88.3494275,
            22.5813174
          ],
          [
            88.34954,
            22.5812627
          ],
          [
            88.3498014,
            22.5811531
          ],
          [
            88.3500627,
            22.5810392
          ],
          [
            88.3502958,
            22.5809415
          ],
          [
            88.3506328,
            22.5807804
          ],
          [
            88.3509658,
            22.58061
          ],
          [
            88.3509766,
            22.580597
          ],
          [
            88.3509916,
            22.5805456
          ]
        ]
      },
      "id": "way/563179861"
    },
    {
      "type": "Feature",
      "properties": {
        "@id": "way/563179863",
        "highway": "primary",
        "maxspeed": "40",
        "name": "Strand Road",
        "oneway": "yes"
      },
      "geometry": {
        "type": "LineString",
        "coordinates": [
          [
            88.3499261,
            22.5825718
          ],
          [
            88.3498208,
            22.5823684
          ],
          [
            88.349798,
            22.5823243
          ],
          [
            88.3497878,
            22.5823046
          ]
        ]
      },
      "id": "way/563179863"
    },
    {
      "type": "Feature",
      "properties": {
        "@id": "way/563197308",
        "highway": "primary",
        "maxspeed": "40",
        "oneway": "yes",
        "ref": "SH3"
      },
      "geometry": {
        "type": "LineString",
        "coordinates": [
          [
            88.3993652,
            22.5458367
          ],
          [
            88.3992085,
            22.5451568
          ],
          [
            88.3988714,
            22.543694
          ],
          [
            88.3987534,
            22.5432574
          ],
          [
            88.3987118,
            22.543074
          ],
          [
            88.3986957,
            22.5429551
          ],
          [
            88.3986838,
            22.5428295
          ],
          [
            88.3986824,
            22.5428141
          ],
          [
            88.3986713,
            22.5426857
          ]
        ]
      },
      "id": "way/563197308"
    },
    {
      "type": "Feature",
      "properties": {
        "@id": "way/563328649",
        "highway": "primary",
        "maxspeed": "40",
        "name": "Acharya Jagadish Chandra Bose Road",
        "name:etymology:wikidata": "Q314267",
        "oneway": "yes"
      },
      "geometry": {
        "type": "LineString",
        "coordinates": [
          [
            88.36246,
            22.5496584
          ],
          [
            88.3627477,
            22.5503947
          ],
          [
            88.3627858,
            22.5504867
          ],
          [
            88.3628597,
            22.5506788
          ],
          [
            88.3630071,
            22.5510311
          ],
          [
            88.3632793,
            22.5517069
          ],
          [
            88.3635488,
            22.5523634
          ],
          [
            88.3637665,
            22.552908
          ],
          [
            88.3641235,
            22.55385
          ],
          [
            88.3642474,
            22.554205
          ]
        ]
      },
      "id": "way/563328649"
    },
    {
      "type": "Feature",
      "properties": {
        "@id": "way/563355787",
        "highway": "primary",
        "junction": "roundabout",
        "lanes": "3",
        "maxspeed": "40",
        "name": "Park Circus",
        "oneway": "yes",
        "surface": "asphalt"
      },
      "geometry": {
        "type": "LineString",
        "coordinates": [
          [
            88.3658401,
            22.5435217
          ],
          [
            88.3658519,
            22.543534
          ],
          [
            88.3659165,
            22.543595
          ],
          [
            88.3660121,
            22.5436453
          ],
          [
            88.3661189,
            22.5436695
          ],
          [
            88.3662288,
            22.5436657
          ],
          [
            88.3663395,
            22.5436314
          ],
          [
            88.3664345,
            22.5435689
          ],
          [
            88.3665058,
            22.5434835
          ],
          [
            88.3665452,
            22.5433905
          ]
        ]
      },
      "id": "way/563355787"
    },
    {
      "type": "Feature",
      "properties": {
        "@id": "way/563355788",
        "highway": "primary",
        "junction": "roundabout",
        "lanes": "3",
        "maxspeed": "40",
        "name": "Park Circus",
        "oneway": "yes"
      },
      "geometry": {
        "type": "LineString",
        "coordinates": [
          [
            88.3658485,
            22.5430761
          ],
          [
            88.3658012,
            22.5431445
          ],
          [
            88.3657661,
            22.5432527
          ]
        ]
      },
      "id": "way/563355788"
    },
    {
      "type": "Feature",
      "properties": {
        "@id": "way/563355789",
        "highway": "primary",
        "maxspeed": "40",
        "name": "Circus Avenue",
        "oneway": "yes"
      },
      "geometry": {
        "type": "LineString",
        "coordinates": [
          [
            88.3627924,
            22.5415748
          ],
          [
            88.3626176,
            22.5414854
          ],
          [
            88.36226,
            22.5413133
          ],
          [
            88.3619765,
            22.5411762
          ],
          [
            88.3617951,
            22.54109
          ],
          [
            88.3616468,
            22.5410462
          ],
          [
            88.3615456,
            22.5410241
          ],
          [
            88.3614007,
            22.5409807
          ],
          [
            88.3612178,
            22.5409382
          ],
          [
            88.3610618,
            22.5409022
          ],
          [
            88.3608534,
            22.5408825
          ],
          [
            88.3606565,
            22.5408642
          ],
          [
            88.3603098,
            22.5408571
          ],
          [
            88.3601006,
            22.540872
          ],
          [
            88.3599712,
            22.5408848
          ],
          [
            88.3597006,
            22.5409106
          ],
          [
            88.3594395,
            22.5409407
          ],
          [
            88.3593562,
            22.540948
          ],
          [
            88.3592215,
            22.5409469
          ],
          [
            88.359108,
            22.5409435
          ]
        ]
      },
      "id": "way/563355789"
    },
    {
      "type": "Feature",
      "properties": {
        "@id": "way/563515054",
        "alt_name": "Jawaharlal Nehru Road",
        "alt_name:etymology:wikidata": "Q1047",
        "bridge": "yes",
        "highway": "primary",
        "layer": "1",
        "name": "Park Street Flyover",
        "oneway": "yes"
      },
      "geometry": {
        "type": "LineString",
        "coordinates": [
          [
            88.3505871,
            22.559217
          ],
          [
            88.3504897,
            22.5583852
          ],
          [
            88.3504001,
            22.5575188
          ],
          [
            88.3503744,
            22.5572705
          ],
          [
            88.3502242,
            22.5559119
          ],
          [
            88.3501585,
            22.5554437
          ],
          [
            88.3500855,
            22.5550682
          ],
          [
            88.3498594,
            22.5541395
          ],
          [
            88.3497148,
            22.5535705
          ],
          [
            88.349486,
            22.5526503
          ],
          [
            88.3493138,
            22.5519128
          ]
        ]
      },
      "id": "way/563515054"
    },
    {
      "type": "Feature",
      "properties": {
        "@id": "way/581959797",
        "highway": "primary",
        "junction": "roundabout",
        "maxspeed": "40",
        "name": "Parama Circle",
        "oneway": "yes",
        "ref": "SH3"
      },
      "geometry": {
        "type": "LineString",
        "coordinates": [
          [
            88.3986364,
            22.5425411
          ],
          [
            88.3985801,
            22.5424865
          ],
          [
            88.3985067,
            22.5424538
          ],
          [
            88.3984254,
            22.5424471
          ],
          [
            88.3983469,
            22.5424673
          ],
          [
            88.3982811,
            22.5425118
          ]
        ]
      },
      "id": "way/581959797"
    },
    {
      "type": "Feature",
      "properties": {
        "@id": "way/581959801",
        "highway": "primary",
        "maxspeed": "40",
        "name": "Ruby Crossing",
        "oneway": "yes"
      },
      "geometry": {
        "type": "LineString",
        "coordinates": [
          [
            88.4019158,
            22.5135423
          ],
          [
            88.4019404,
            22.5135026
          ],
          [
            88.4019536,
            22.5134584
          ],
          [
            88.4019545,
            22.5134126
          ]
        ]
      },
      "id": "way/581959801"
    },
    {
      "type": "Feature",
      "properties": {
        "@id": "way/581959802",
        "highway": "primary",
        "maxspeed": "40",
        "name": "Parama Circle",
        "oneway": "yes",
        "ref": "SH3"
      },
      "geometry": {
        "type": "LineString",
        "coordinates": [
          [
            88.3986364,
            22.5425411
          ],
          [
            88.3985585,
            22.5423839
          ]
        ]
      },
      "id": "way/581959802"
    },
    {
      "type": "Feature",
      "properties": {
        "@id": "way/581959803",
        "highway": "primary",
        "maxspeed": "40",
        "name": "Eastern Metropolitan Bypass",
        "oneway": "yes",
        "ref": "SH3"
      },
      "geometry": {
        "type": "LineString",
        "coordinates": [
          [
            88.4025916,
            22.5502765
          ],
          [
            88.4029476,
            22.5505213
          ]
        ]
      },
      "id": "way/581959803"
    },
    {
      "type": "Feature",
      "properties": {
        "@id": "way/581959804",
        "highway": "primary",
        "maxspeed": "40",
        "name": "Acharya Jagadish Chandra Bose Road",
        "name:etymology:wikidata": "Q314267",
        "oneway": "yes"
      },
      "geometry": {
        "type": "LineString",
        "coordinates": [
          [
            88.3572908,
            22.5411481
          ],
          [
            88.3575734,
            22.54113
          ],
          [
            88.3581659,
            22.5411064
          ],
          [
            88.3581705,
            22.5411062
          ]
        ]
      },
      "id": "way/581959804"
    },
    {
      "type": "Feature",
      "properties": {
        "@id": "way/647944441",
        "alt_name": "Jawaharlal Nehru Road",
        "highway": "primary",
        "name": "Chowringhee Road",
        "name:etymology:wikidata": "Q5105573",
        "oneway": "yes",
        "wikidata": "Q9384706",
        "wikipedia": "en:Chowringhee Road"
      },
      "geometry": {
        "type": "LineString",
        "coordinates": [
          [
            88.3511948,
            22.5634779
          ],
          [
            88.3511248,
            22.5630869
          ],
          [
            88.3509729,
            22.5622378
          ],
          [
            88.3508247,
            22.5609572
          ]
        ]
      },
      "id": "way/647944441"
    },
    {
      "type": "Feature",
      "properties": {
        "@id": "way/647944443",
        "alt_name": "Jawaharlal Nehru Road",
        "alt_name:etymology:wikidata": "Q1047",
        "highway": "primary",
        "name": "Chowringhee Road",
        "oneway": "yes",
        "wikidata": "Q9384706",
        "wikipedia": "en:Chowringhee Road"
      },
      "geometry": {
        "type": "LineString",
        "coordinates": [
          [
            88.3492693,
            22.5517044
          ],
          [
            88.3490581,
            22.5505688
          ],
          [
            88.3488458,
            22.5497783
          ],
          [
            88.3488377,
            22.5497483
          ],
          [
            88.3488047,
            22.5496262
          ],
          [
            88.3487792,
            22.5495179
          ],
          [
            88.3486675,
            22.5491069
          ],
          [
            88.3485639,
            22.5487282
          ],
          [
            88.3485365,
            22.5486319
          ],
          [
            88.3484432,
            22.5483047
          ],
          [
            88.3484074,
            22.548156
          ]
        ]
      },
      "id": "way/647944443"
    },
    {
      "type": "Feature",
      "properties": {
        "@id": "way/647951896",
        "highway": "primary",
        "lit": "yes",
        "maxspeed": "40",
        "name": "Jawaharlal Nehru Road",
        "name:etymology:wikidata": "Q1047",
        "oneway": "alternating",
        "sidewalk": "both",
        "surface": "asphalt"
      },
      "geometry": {
        "type": "LineString",
        "coordinates": [
          [
            88.3479411,
            22.5460253
          ],
          [
            88.3482318,
            22.5476594
          ]
        ]
      },
      "id": "way/647951896"
    },
    {
      "type": "Feature",
      "properties": {
        "@id": "way/647951897",
        "highway": "primary",
        "maxspeed": "40",
        "name": "Ashutosh Mukhejee Road",
        "name:etymology:wikidata": "Q4806139",
        "oneway": "yes",
        "surface": "asphalt"
      },
      "geometry": {
        "type": "LineString",
        "coordinates": [
          [
            88.3466543,
            22.5377965
          ],
          [
            88.3466493,
            22.5377628
          ],
          [
            88.3466362,
            22.5376734
          ],
          [
            88.3466327,
            22.53765
          ],
          [
            88.3466147,
            22.5375303
          ],
          [
            88.3465576,
            22.537152
          ],
          [
            88.346504,
            22.5368671
          ],
          [
            88.3464508,
            22.5365931
          ],
          [
            88.346429,
            22.5364911
          ],
          [
            88.3463002,
            22.5358878
          ],
          [
            88.3461958,
            22.535388
          ],
          [
            88.3461714,
            22.5351998
          ],
          [
            88.3461406,
            22.5349186
          ],
          [
            88.3461338,
            22.5348072
          ],
          [
            88.3461191,
            22.5345545
          ],
          [
            88.3460844,
            22.5341422
          ],
          [
            88.3460507,
            22.5336527
          ],
          [
            88.3460146,
            22.5332446
          ],
          [
            88.3459353,
            22.5324821
          ],
          [
            88.3458984,
            22.5320471
          ],
          [
            88.3458817,
            22.5318231
          ],
          [
            88.3458421,
            22.5314639
          ],
          [
            88.3458343,
            22.5314163
          ],
          [
            88.3457825,
            22.5310997
          ],
          [
            88.3456886,
            22.5304382
          ],
          [
            88.3456141,
            22.5300898
          ],
          [
            88.3455632,
            22.529864
          ],
          [
            88.3454968,
            22.5295128
          ],
          [
            88.3454767,
            22.5293567
          ],
          [
            88.34547,
            22.5291908
          ],
          [
            88.3454736,
            22.5291089
          ]
        ]
      },
      "id": "way/647951897"
    },
    {
      "type": "Feature",
      "properties": {
        "@id": "way/647951898",
        "highway": "primary",
        "name": "Jawaharlal Nehru Road",
        "name:etymology:wikidata": "Q1047",
        "surface": "asphalt"
      },
      "geometry": {
        "type": "LineString",
        "coordinates": [
          [
            88.3482998,
            22.547994
          ],
          [
            88.3482318,
            22.5476594
          ]
        ]
      },
      "id": "way/647951898"
    },
    {
      "type": "Feature",
      "properties": {
        "@id": "way/647951899",
        "highway": "primary",
        "lanes": "2",
        "lit": "yes",
        "maxspeed": "40",
        "name": "Jawaharlal Nehru Road",
        "name:etymology:wikidata": "Q1047",
        "oneway": "alternating",
        "sidewalk": "right",
        "sidewalk:right:surface": "paving_stones",
        "smoothness": "good",
        "surface": "asphalt"
      },
      "geometry": {
        "type": "LineString",
        "coordinates": [
          [
            88.3473826,
            22.5420212
          ],
          [
            88.3474376,
            22.5423932
          ],
          [
            88.3475205,
            22.5429533
          ],
          [
            88.3476792,
            22.5440262
          ],
          [
            88.3477464,
            22.5444472
          ],
          [
            88.3477928,
            22.5447385
          ],
          [
            88.3478578,
            22.5451458
          ],
          [
            88.3479432,
            22.5457099
          ],
          [
            88.3479693,
            22.5458821
          ]
        ]
      },
      "id": "way/647951899"
    },
    {
      "type": "Feature",
      "properties": {
        "@id": "way/647955521",
        "highway": "primary",
        "maxspeed": "40",
        "name": "Ashutosh Mukhejee Road",
        "name:etymology:wikidata": "Q4806139",
        "oneway": "yes",
        "surface": "asphalt"
      },
      "geometry": {
        "type": "LineString",
        "coordinates": [
          [
            88.346807,
            22.5393339
          ],
          [
            88.3468601,
            22.5395909
          ],
          [
            88.3469836,
            22.5401889
          ],
          [
            88.3470513,
            22.5406499
          ],
          [
            88.3471398,
            22.5412604
          ],
          [
            88.3471892,
            22.5415639
          ]
        ]
      },
      "id": "way/647955521"
    },
    {
      "type": "Feature",
      "properties": {
        "@id": "way/647958534",
        "highway": "primary",
        "maxspeed": "40",
        "name": "Ashutosh Mukhejee Road",
        "name:etymology:wikidata": "Q4806139",
        "oneway": "yes"
      },
      "geometry": {
        "type": "LineString",
        "coordinates": [
          [
            88.3461325,
            22.5355847
          ],
          [
            88.3461748,
            22.5357999
          ],
          [
            88.3462245,
            22.5360399
          ],
          [
            88.3463384,
            22.5365087
          ],
          [
            88.3463637,
            22.5366146
          ],
          [
            88.3463972,
            22.536769
          ],
          [
            88.3464398,
            22.5369719
          ],
          [
            88.3464795,
            22.5372048
          ],
          [
            88.3465576,
            22.5377614
          ]
        ]
      },
      "id": "way/647958534"
    },
    {
      "type": "Feature",
      "properties": {
        "@id": "way/647958535",
        "highway": "primary",
        "maxspeed": "40",
        "name": "Ashutosh Mukhejee Road",
        "name:etymology:wikidata": "Q4806139",
        "oneway": "yes"
      },
      "geometry": {
        "type": "LineString",
        "coordinates": [
          [
            88.3466488,
            22.5385146
          ],
          [
            88.346807,
            22.5393339
          ]
        ]
      },
      "id": "way/647958535"
    },
    {
      "type": "Feature",
      "properties": {
        "@id": "way/647976450",
        "highway": "primary",
        "maxspeed": "40",
        "name": "Ashutosh Mukhejee Road",
        "name:etymology:wikidata": "Q4806139",
        "oneway": "yes",
        "surface": "asphalt"
      },
      "geometry": {
        "type": "LineString",
        "coordinates": [
          [
            88.3455364,
            22.5300969
          ],
          [
            88.3456041,
            22.5304921
          ],
          [
            88.3456526,
            22.5308443
          ],
          [
            88.3457138,
            22.5312518
          ],
          [
            88.3457228,
            22.5312928
          ],
          [
            88.3457442,
            22.531425
          ],
          [
            88.3457509,
            22.5314663
          ],
          [
            88.345795,
            22.5318276
          ],
          [
            88.3458112,
            22.5320397
          ],
          [
            88.3458328,
            22.5322413
          ],
          [
            88.3459321,
            22.5332577
          ],
          [
            88.345985,
            22.5339253
          ],
          [
            88.3459873,
            22.5339539
          ],
          [
            88.3459999,
            22.5341608
          ],
          [
            88.3460266,
            22.5344989
          ],
          [
            88.3460422,
            22.5346723
          ],
          [
            88.3460464,
            22.5348157
          ],
          [
            88.3460594,
            22.5349676
          ],
          [
            88.3460826,
            22.5352079
          ],
          [
            88.3460966,
            22.5353818
          ],
          [
            88.3460989,
            22.5353946
          ],
          [
            88.3461325,
            22.5355847
          ]
        ]
      },
      "id": "way/647976450"
    },
    {
      "type": "Feature",
      "properties": {
        "@id": "way/647978335",
        "highway": "primary",
        "maxspeed": "40",
        "name": "Ashutosh Mukhejee Road",
        "name:etymology:wikidata": "Q4806139",
        "oneway": "yes",
        "surface": "asphalt"
      },
      "geometry": {
        "type": "LineString",
        "coordinates": [
          [
            88.3453761,
            22.5291065
          ],
          [
            88.3453909,
            22.5293605
          ],
          [
            88.345411,
            22.5295178
          ],
          [
            88.3454579,
            22.5296986
          ],
          [
            88.3454901,
            22.5298795
          ],
          [
            88.3455364,
            22.5300969
          ]
        ]
      },
      "id": "way/647978335"
    },
    {
      "type": "Feature",
      "properties": {
        "@id": "way/647978919",
        "highway": "primary",
        "name": "Shyama Prasad Mukherjee Road",
        "name:etymology:wikidata": "Q3344992",
        "oneway": "yes",
        "surface": "asphalt"
      },
      "geometry": {
        "type": "LineString",
        "coordinates": [
          [
            88.3454736,
            22.5291089
          ],
          [
            88.3454968,
            22.5290235
          ],
          [
            88.3456014,
            22.5287076
          ],
          [
            88.3457763,
            22.5281234
          ],
          [
            88.3458763,
            22.5278132
          ],
          [
            88.3459446,
            22.5276227
          ],
          [
            88.3461015,
            22.5270954
          ],
          [
            88.3461969,
            22.5267764
          ],
          [
            88.346272,
            22.5265274
          ],
          [
            88.3462891,
            22.5264499
          ],
          [
            88.3463189,
            22.5263292
          ],
          [
            88.3463484,
            22.5262078
          ],
          [
            88.3463994,
            22.525965
          ],
          [
            88.3464672,
            22.5255893
          ],
          [
            88.3464806,
            22.5254819
          ],
          [
            88.3464946,
            22.5252737
          ],
          [
            88.3465174,
            22.5249554
          ],
          [
            88.3465319,
            22.5247388
          ],
          [
            88.3465439,
            22.524504
          ],
          [
            88.3465477,
            22.5242436
          ],
          [
            88.3465618,
            22.5239883
          ]
        ]
      },
      "id": "way/647978919"
    },
    {
      "type": "Feature",
      "properties": {
        "@id": "way/651868665",
        "highway": "primary",
        "lanes": "3",
        "name": "Rash Behari Avenue",
        "name:etymology:wikidata": "Q7294817",
        "oneway": "yes"
      },
      "geometry": {
        "type": "LineString",
        "coordinates": [
          [
            88.3457099,
            22.5170587
          ],
          [
            88.3457684,
            22.5170603
          ],
          [
            88.3457969,
            22.5170611
          ],
          [
            88.345921,
            22.5170645
          ]
        ]
      },
      "id": "way/651868665"
    },
    {
      "type": "Feature",
      "properties": {
        "@id": "way/651871791",
        "highway": "primary",
        "lanes": "4",
        "maxheight": "default",
        "maxspeed": "40",
        "name": "Syed Amir Ali Avenue",
        "name:etymology:wikidata": "Q2525731",
        "oneway": "yes",
        "ref": "SH1",
        "surface": "asphalt"
      },
      "geometry": {
        "type": "LineString",
        "coordinates": [
          [
            88.3661252,
            22.5429392
          ],
          [
            88.3660923,
            22.5428043
          ],
          [
            88.365941,
            22.5421835
          ]
        ]
      },
      "id": "way/651871791"
    },
    {
      "type": "Feature",
      "properties": {
        "@id": "way/651871792",
        "highway": "primary",
        "lanes": "4",
        "maxspeed": "40",
        "name": "Syed Amir Ali Avenue",
        "name:etymology:wikidata": "Q2525731",
        "oneway": "yes",
        "ref": "SH1",
        "surface": "asphalt"
      },
      "geometry": {
        "type": "LineString",
        "coordinates": [
          [
            88.365087,
            22.5387883
          ],
          [
            88.3652432,
            22.5395637
          ],
          [
            88.3653082,
            22.5398525
          ],
          [
            88.3653479,
            22.5400455
          ],
          [
            88.3655429,
            22.5409371
          ],
          [
            88.3655882,
            22.5411561
          ]
        ]
      },
      "id": "way/651871792"
    },
    {
      "type": "Feature",
      "properties": {
        "@id": "way/657624170",
        "alt_name": "Gariahat Road",
        "highway": "primary",
        "maxspeed": "40",
        "name": "Gariahat Flyover",
        "name:etymology:wikidata": "Q5523285",
        "oneway": "yes",
        "ref": "SH1",
        "surface": "asphalt"
      },
      "geometry": {
        "type": "LineString",
        "coordinates": [
          [
            88.3661176,
            22.5172276
          ],
          [
            88.3661496,
            22.5170551
          ],
          [
            88.3661655,
            22.5169786
          ]
        ]
      },
      "id": "way/657624170"
    },
    {
      "type": "Feature",
      "properties": {
        "@id": "way/682276700",
        "highway": "primary",
        "maxspeed": "40",
        "name": "JBS Haldane Avenue",
        "name:etymology:wikidata": "Q156333",
        "oneway": "yes"
      },
      "geometry": {
        "type": "LineString",
        "coordinates": [
          [
            88.3677473,
            22.5413699
          ],
          [
            88.3675961,
            22.5416981
          ],
          [
            88.3674537,
            22.5420192
          ],
          [
            88.3672823,
            22.542252
          ],
          [
            88.367026,
            22.5425429
          ],
          [
            88.3669909,
            22.5425692
          ],
          [
            88.3666445,
            22.5428347
          ],
          [
            88.3665208,
            22.5429243
          ],
          [
            88.3663984,
            22.543013
          ]
        ]
      },
      "id": "way/682276700"
    },
    {
      "type": "Feature",
      "properties": {
        "@id": "way/689667974",
        "highway": "primary",
        "name": "Jessore Road",
        "name:etymology:wikidata": "Q1688300",
        "oneway": "yes",
        "source": "Yahoo hires"
      },
      "geometry": {
        "type": "LineString",
        "coordinates": [
          [
            88.3931395,
            22.6078826
          ],
          [
            88.3947688,
            22.6081979
          ],
          [
            88.3948828,
            22.6082198
          ],
          [
            88.395346,
            22.6083077
          ]
        ]
      },
      "id": "way/689667974"
    },
    {
      "type": "Feature",
      "properties": {
        "@id": "way/696897745",
        "highway": "primary"
      },
      "geometry": {
        "type": "LineString",
        "coordinates": [
          [
            88.3509916,
            22.5805456
          ],
          [
            88.3509525,
            22.5804676
          ]
        ]
      },
      "id": "way/696897745"
    },
    {
      "type": "Feature",
      "properties": {
        "@id": "way/806406564",
        "highway": "primary",
        "maxspeed": "40",
        "name": "Netaji Subhash Chandra Bose Road",
        "name:etymology:wikidata": "Q2153",
        "oneway": "yes"
      },
      "geometry": {
        "type": "LineString",
        "coordinates": [
          [
            88.3455843,
            22.4926095
          ],
          [
            88.345381,
            22.4927856
          ],
          [
            88.3452611,
            22.4928801
          ]
        ]
      },
      "id": "way/806406564"
    },
    {
      "type": "Feature",
      "properties": {
        "@id": "way/822908607",
        "highway": "primary",
        "maxspeed": "40",
        "name": "Ruby Crossing",
        "oneway": "yes"
      },
      "geometry": {
        "type": "LineString",
        "coordinates": [
          [
            88.401655,
            22.5132761
          ],
          [
            88.4016033,
            22.513318
          ]
        ]
      },
      "id": "way/822908607"
    },
    {
      "type": "Feature",
      "properties": {
        "@id": "way/822908608",
        "highway": "primary",
        "maxspeed": "40",
        "oneway": "yes"
      },
      "geometry": {
        "type": "LineString",
        "coordinates": [
          [
            88.3973841,
            22.5376271
          ],
          [
            88.3972245,
            22.5369204
          ]
        ]
      },
      "id": "way/822908608"
    },
    {
      "type": "Feature",
      "properties": {
        "@id": "way/822908609",
        "highway": "primary",
        "maxspeed": "40",
        "ref": "SH3"
      },
      "geometry": {
        "type": "LineString",
        "coordinates": [
          [
            88.3965541,
            22.5355058
          ],
          [
            88.3969563,
            22.5354092
          ]
        ]
      },
      "id": "way/822908609"
    },
    {
      "type": "Feature",
      "properties": {
        "@id": "way/842816590",
        "highway": "primary",
        "lane_markings": "no",
        "maxspeed": "40",
        "name": "J.B.S. Haldane Avenue",
        "name:etymology:wikidata": "Q156333",
        "oneway": "yes",
        "surface": "asphalt"
      },
      "geometry": {
        "type": "LineString",
        "coordinates": [
          [
            88.378657,
            22.5390607
          ],
          [
            88.3785425,
            22.5390537
          ],
          [
            88.3782742,
            22.5390161
          ],
          [
            88.3780222,
            22.5389917
          ],
          [
            88.377766,
            22.5389804
          ],
          [
            88.3775485,
            22.5389823
          ],
          [
            88.3773125,
            22.539006
          ],
          [
            88.3769389,
            22.5390426
          ],
          [
            88.3769166,
            22.5390453
          ],
          [
            88.376668,
            22.539075
          ]
        ]
      },
      "id": "way/842816590"
    },
    {
      "type": "Feature",
      "properties": {
        "@id": "way/842816592",
        "highway": "primary",
        "maxspeed": "40",
        "name": "J.B.S. Haldane Avenue",
        "name:etymology:wikidata": "Q156333",
        "oneway": "yes",
        "surface": "asphalt"
      },
      "geometry": {
        "type": "LineString",
        "coordinates": [
          [
            88.3869649,
            22.5415067
          ],
          [
            88.3868655,
            22.5415286
          ],
          [
            88.3867123,
            22.5415663
          ],
          [
            88.3864165,
            22.5416232
          ],
          [
            88.3864031,
            22.541625
          ],
          [
            88.3862039,
            22.5416516
          ],
          [
            88.3860068,
            22.5416602
          ],
          [
            88.3858034,
            22.5416659
          ],
          [
            88.3856093,
            22.5416659
          ],
          [
            88.3855202,
            22.5416596
          ],
          [
            88.3854841,
            22.5416558
          ],
          [
            88.3854491,
            22.5416545
          ],
          [
            88.3851225,
            22.5416061
          ],
          [
            88.3849561,
            22.541572
          ],
          [
            88.3848236,
            22.541535
          ],
          [
            88.3846634,
            22.5414951
          ],
          [
            88.3845371,
            22.5414581
          ],
          [
            88.3843738,
            22.5414098
          ],
          [
            88.3841951,
            22.5413529
          ],
          [
            88.3840256,
            22.5412931
          ],
          [
            88.3839346,
            22.5412603
          ],
          [
            88.3838439,
            22.5412276
          ],
          [
            88.383659,
            22.541148
          ],
          [
            88.3825344,
            22.5406386
          ],
          [
            88.3804227,
            22.5396903
          ],
          [
            88.3796746,
            22.5393561
          ],
          [
            88.379453,
            22.5392622
          ],
          [
            88.3791868,
            22.5391702
          ],
          [
            88.3789449,
            22.5391045
          ],
          [
            88.378657,
            22.5390607
          ]
        ]
      },
      "id": "way/842816592"
    },
    {
      "type": "Feature",
      "properties": {
        "@id": "way/875641793",
        "bridge": "yes",
        "highway": "primary",
        "layer": "1",
        "maxspeed": "40",
        "oneway": "yes"
      },
      "geometry": {
        "type": "LineString",
        "coordinates": [
          [
            88.349294,
            22.5844844
          ],
          [
            88.3495172,
            22.5844307
          ],
          [
            88.3496332,
            22.5843563
          ]
        ]
      },
      "id": "way/875641793"
    },
    {
      "type": "Feature",
      "properties": {
        "@id": "way/875641794",
        "bridge": "yes",
        "highway": "primary",
        "layer": "1",
        "maxspeed": "40",
        "oneway": "yes"
      },
      "geometry": {
        "type": "LineString",
        "coordinates": [
          [
            88.3495563,
            22.5841671
          ],
          [
            88.3495172,
            22.5843044
          ],
          [
            88.349294,
            22.5844844
          ]
        ]
      },
      "id": "way/875641794"
    },
    {
      "type": "Feature",
      "properties": {
        "@id": "way/992291721",
        "highway": "primary",
        "name": "Jatinda Mohan Avenue",
        "name:etymology:wikidata": "Q6164591",
        "oneway": "yes"
      },
      "geometry": {
        "type": "LineString",
        "coordinates": [
          [
            88.3650897,
            22.5958063
          ],
          [
            88.3650857,
            22.595795
          ],
          [
            88.36506,
            22.5956901
          ],
          [
            88.3649994,
            22.5954292
          ],
          [
            88.3649382,
            22.5951598
          ],
          [
            88.3648275,
            22.5947082
          ]
        ]
      },
      "id": "way/992291721"
    },
    {
      "type": "Feature",
      "properties": {
        "@id": "way/992291722",
        "highway": "primary",
        "lanes": "2",
        "name": "Girish Avenue",
        "name:etymology:wikidata": "Q5564293",
        "oneway": "yes",
        "surface": "asphalt"
      },
      "geometry": {
        "type": "LineString",
        "coordinates": [
          [
            88.3680389,
            22.603819
          ],
          [
            88.3678135,
            22.6031942
          ],
          [
            88.3677445,
            22.6030061
          ]
        ]
      },
      "id": "way/992291722"
    },
    {
      "type": "Feature",
      "properties": {
        "@id": "way/1010648330",
        "highway": "primary",
        "maxspeed": "40",
        "name": "Raja Subodh Chandra Mullick Road",
        "name:etymology:wikidata": "Q21176797",
        "oneway": "yes",
        "ref": "SH1"
      },
      "geometry": {
        "type": "LineString",
        "coordinates": [
          [
            88.3722827,
            22.4916575
          ],
          [
            88.3721575,
            22.4920425
          ],
          [
            88.3720792,
            22.4922795
          ],
          [
            88.3719783,
            22.4925707
          ],
          [
            88.3718964,
            22.4927776
          ],
          [
            88.3717328,
            22.4932795
          ],
          [
            88.3716068,
            22.4936698
          ],
          [
            88.3714445,
            22.4941282
          ]
        ]
      },
      "id": "way/1010648330"
    },
    {
      "type": "Feature",
      "properties": {
        "@id": "way/1010648331",
        "highway": "primary",
        "maxspeed": "40",
        "name": "Raja Subodh Chandra Mullick Road",
        "name:etymology:wikidata": "Q21176797",
        "oneway": "yes",
        "ref": "SH1"
      },
      "geometry": {
        "type": "LineString",
        "coordinates": [
          [
            88.372354,
            22.4894232
          ],
          [
            88.3722932,
            22.4894831
          ],
          [
            88.3721764,
            22.489679
          ],
          [
            88.3721466,
            22.4897411
          ],
          [
            88.3721015,
            22.4898511
          ],
          [
            88.3721058,
            22.4899255
          ],
          [
            88.3721506,
            22.4902334
          ],
          [
            88.3721771,
            22.4903738
          ],
          [
            88.3721889,
            22.4904539
          ],
          [
            88.3722129,
            22.4906171
          ],
          [
            88.3722692,
            22.491
          ],
          [
            88.3722921,
            22.491147
          ],
          [
            88.3723129,
            22.4912963
          ],
          [
            88.3723216,
            22.4914035
          ]
        ]
      },
      "id": "way/1010648331"
    },
    {
      "type": "Feature",
      "properties": {
        "@id": "way/1010648333",
        "highway": "primary",
        "maxspeed": "40",
        "name": "Raja Subodh Chandra Mullick Road",
        "name:etymology:wikidata": "Q21176797",
        "oneway": "yes",
        "ref": "SH1"
      },
      "geometry": {
        "type": "LineString",
        "coordinates": [
          [
            88.3714445,
            22.4941282
          ],
          [
            88.3712138,
            22.4946784
          ],
          [
            88.3710623,
            22.4950228
          ],
          [
            88.3709209,
            22.495332
          ],
          [
            88.3708827,
            22.4954216
          ],
          [
            88.3708419,
            22.4955171
          ],
          [
            88.3707753,
            22.4956733
          ],
          [
            88.3707216,
            22.4958307
          ],
          [
            88.3707042,
            22.4959005
          ],
          [
            88.3706931,
            22.495945
          ],
          [
            88.3706827,
            22.4959868
          ],
          [
            88.3706358,
            22.496273
          ],
          [
            88.3705969,
            22.496506
          ],
          [
            88.3705406,
            22.4967922
          ],
          [
            88.3704963,
            22.4970028
          ],
          [
            88.3704588,
            22.4971751
          ],
          [
            88.3704266,
            22.4973064
          ],
          [
            88.3703676,
            22.497496
          ],
          [
            88.3703595,
            22.4975169
          ],
          [
            88.3702777,
            22.4977277
          ],
          [
            88.3702045,
            22.4978977
          ],
          [
            88.3701865,
            22.4979396
          ],
          [
            88.3701249,
            22.498075
          ],
          [
            88.3698426,
            22.4986954
          ],
          [
            88.3696189,
            22.4991805
          ],
          [
            88.3694318,
            22.4995863
          ],
          [
            88.3693065,
            22.4998584
          ],
          [
            88.3688422,
            22.500666
          ],
          [
            88.3684143,
            22.5014571
          ],
          [
            88.3683485,
            22.5015848
          ],
          [
            88.3682783,
            22.5017211
          ],
          [
            88.3681204,
            22.5020975
          ],
          [
            88.3679837,
            22.5024232
          ],
          [
            88.3679212,
            22.5025704
          ],
          [
            88.3677672,
            22.5028866
          ]
        ]
      },
      "id": "way/1010648333"
    },
    {
      "type": "Feature",
      "properties": {
        "@id": "way/1029043441",
        "highway": "primary",
        "maxspeed": "40",
        "name": "Raja Subodh Chandra Mullick Road",
        "name:etymology:wikidata": "Q21176797",
        "oneway": "yes",
        "ref": "SH1"
      },
      "geometry": {
        "type": "LineString",
        "coordinates": [
          [
            88.375496,
            22.4838659
          ],
          [
            88.3755282,
            22.4835672
          ],
          [
            88.3755429,
            22.4833925
          ],
          [
            88.3755764,
            22.4831818
          ],
          [
            88.3756341,
            22.4828696
          ],
          [
            88.3756971,
            22.4825214
          ],
          [
            88.3757374,
            22.4822487
          ],
          [
            88.375787,
            22.4819204
          ],
          [
            88.3758929,
            22.4813317
          ],
          [
            88.3759037,
            22.4812004
          ],
          [
            88.3759104,
            22.4810839
          ],
          [
            88.3759211,
            22.4809414
          ],
          [
            88.3759224,
            22.4808138
          ],
          [
            88.375924,
            22.4807362
          ]
        ]
      },
      "id": "way/1029043441"
    },
    {
      "type": "Feature",
      "properties": {
        "@id": "way/1029043442",
        "highway": "primary",
        "maxspeed": "40",
        "name": "Garia Main Road",
        "oneway": "no",
        "ref": "SH1"
      },
      "geometry": {
        "type": "LineString",
        "coordinates": [
          [
            88.3771363,
            22.4717881
          ],
          [
            88.3771884,
            22.4717054
          ],
          [
            88.377226,
            22.4716137
          ],
          [
            88.3773066,
            22.4713111
          ]
        ]
      },
      "id": "way/1029043442"
    },
    {
      "type": "Feature",
      "properties": {
        "@id": "way/1029043443",
        "highway": "primary",
        "maxspeed": "40",
        "name": "Garia Main Road",
        "oneway": "yes",
        "ref": "SH1",
        "source": "GPS"
      },
      "geometry": {
        "type": "LineString",
        "coordinates": [
          [
            88.3799337,
            22.4626324
          ],
          [
            88.3798569,
            22.4627158
          ]
        ]
      },
      "id": "way/1029043443"
    },
    {
      "type": "Feature",
      "properties": {
        "@id": "way/1029043444",
        "highway": "primary",
        "maxspeed": "40",
        "name": "Garia Main Road",
        "oneway": "yes",
        "ref": "SH1",
        "source": "maxar"
      },
      "geometry": {
        "type": "LineString",
        "coordinates": [
          [
            88.3799336,
            22.4627319
          ],
          [
            88.3799337,
            22.4626324
          ]
        ]
      },
      "id": "way/1029043444"
    },
    {
      "type": "Feature",
      "properties": {
        "@id": "way/1029043445",
        "highway": "primary",
        "name": "Garia Main Road",
        "oneway": "yes",
        "ref": "SH1",
        "source": "maxar"
      },
      "geometry": {
        "type": "LineString",
        "coordinates": [
          [
            88.3783651,
            22.4655849
          ],
          [
            88.378543,
            22.4654705
          ],
          [
            88.3787103,
            22.4653468
          ],
          [
            88.3788393,
            22.4652214
          ],
          [
            88.3789359,
            22.4651185
          ],
          [
            88.3790135,
            22.465026
          ],
          [
            88.3790888,
            22.4648967
          ],
          [
            88.3791532,
            22.464769
          ],
          [
            88.3791907,
            22.4646773
          ],
          [
            88.3792175,
            22.4645955
          ],
          [
            88.3793208,
            22.4643477
          ],
          [
            88.3793704,
            22.4642151
          ]
        ]
      },
      "id": "way/1029043445"
    },
    {
      "type": "Feature",
      "properties": {
        "@id": "way/1029043446",
        "highway": "primary",
        "maxspeed": "40",
        "name": "Netaji Subhash Chandra Bose Road",
        "name:etymology:wikidata": "Q2153",
        "oneway": "yes",
        "source": "maxar"
      },
      "geometry": {
        "type": "LineString",
        "coordinates": [
          [
            88.3778295,
            22.4657287
          ],
          [
            88.3776766,
            22.4657047
          ],
          [
            88.3775264,
            22.4656899
          ],
          [
            88.3773347,
            22.4656798
          ],
          [
            88.3772284,
            22.4657012
          ]
        ]
      },
      "id": "way/1029043446"
    },
    {
      "type": "Feature",
      "properties": {
        "@id": "way/1029350239",
        "highway": "primary",
        "maxspeed": "40",
        "name": "Raja Subodh Chandra Mullick Road",
        "name:etymology:wikidata": "Q21176797",
        "oneway": "no",
        "ref": "SH1",
        "source": "maxar"
      },
      "geometry": {
        "type": "LineString",
        "coordinates": [
          [
            88.3754313,
            22.4841204
          ],
          [
            88.375382,
            22.4842884
          ],
          [
            88.375355,
            22.4844266
          ],
          [
            88.3752519,
            22.4847878
          ],
          [
            88.3751945,
            22.485008
          ],
          [
            88.3751406,
            22.4851633
          ],
          [
            88.3750842,
            22.4853231
          ],
          [
            88.3750132,
            22.4854792
          ],
          [
            88.375015,
            22.4854978
          ],
          [
            88.3749724,
            22.4855688
          ],
          [
            88.3748905,
            22.4857442
          ],
          [
            88.3747823,
            22.485968
          ],
          [
            88.3747096,
            22.4861157
          ],
          [
            88.3746414,
            22.4862541
          ],
          [
            88.3745433,
            22.4864254
          ],
          [
            88.3744962,
            22.4864916
          ],
          [
            88.3744318,
            22.4865697
          ],
          [
            88.3743795,
            22.486631
          ],
          [
            88.3742988,
            22.4867174
          ],
          [
            88.3742257,
            22.4868055
          ],
          [
            88.3740472,
            22.4870207
          ],
          [
            88.3737576,
            22.4874116
          ],
          [
            88.373668,
            22.4875325
          ],
          [
            88.3734201,
            22.4878703
          ],
          [
            88.3730338,
            22.4884336
          ],
          [
            88.3727641,
            22.4888063
          ],
          [
            88.3725965,
            22.4890331
          ],
          [
            88.372374,
            22.4893817
          ],
          [
            88.372354,
            22.4894232
          ]
        ]
      },
      "id": "way/1029350239"
    },
    {
      "type": "Feature",
      "properties": {
        "@id": "way/1029372197",
        "bridge": "yes",
        "highway": "primary",
        "layer": "1",
        "maxspeed": "40",
        "name": "Dhakuria Flyover",
        "name:etymology:wikidata": "Q21176797",
        "oneway": "yes",
        "ref": "SH1"
      },
      "geometry": {
        "type": "LineString",
        "coordinates": [
          [
            88.3672737,
            22.5131492
          ],
          [
            88.3673233,
            22.5125669
          ],
          [
            88.367385,
            22.511878
          ],
          [
            88.367452,
            22.5112388
          ],
          [
            88.3674949,
            22.5107234
          ],
          [
            88.3675298,
            22.5103269
          ],
          [
            88.3675405,
            22.5099651
          ],
          [
            88.3675325,
            22.509705
          ],
          [
            88.3675097,
            22.5094175
          ],
          [
            88.3674815,
            22.5091648
          ],
          [
            88.3673595,
            22.5085949
          ]
        ]
      },
      "id": "way/1029372197"
    },
    {
      "type": "Feature",
      "properties": {
        "@id": "way/1029372198",
        "highway": "primary",
        "lane_markings": "no",
        "maxspeed": "40",
        "name": "Raja Subodh Chandra Mullick Road",
        "name:etymology:wikidata": "Q21176797",
        "oneway": "yes",
        "ref": "SH1",
        "surface": "asphalt"
      },
      "geometry": {
        "type": "LineString",
        "coordinates": [
          [
            88.367163,
            22.5076757
          ],
          [
            88.3671348,
            22.5075678
          ],
          [
            88.3671181,
            22.5074612
          ],
          [
            88.3671055,
            22.5073404
          ],
          [
            88.3671087,
            22.5071911
          ],
          [
            88.3671194,
            22.5070635
          ],
          [
            88.3671436,
            22.5069124
          ],
          [
            88.3671731,
            22.5066918
          ],
          [
            88.3671923,
            22.5064295
          ],
          [
            88.3672027,
            22.5062865
          ],
          [
            88.3672053,
            22.5060666
          ],
          [
            88.3672266,
            22.5057273
          ],
          [
            88.3672242,
            22.5055184
          ],
          [
            88.3672101,
            22.5052
          ],
          [
            88.3671985,
            22.5050159
          ],
          [
            88.3671972,
            22.5049945
          ],
          [
            88.3671909,
            22.5048365
          ]
        ]
      },
      "id": "way/1029372198"
    },
    {
      "type": "Feature",
      "properties": {
        "@id": "way/1029372200",
        "highway": "primary",
        "maxspeed": "40",
        "name": "Raja Subodh Chandra Mullick Road",
        "name:etymology:wikidata": "Q21176797",
        "oneway": "yes",
        "ref": "SH1"
      },
      "geometry": {
        "type": "LineString",
        "coordinates": [
          [
            88.3665142,
            22.5163044
          ],
          [
            88.3666071,
            22.5162005
          ],
          [
            88.3666876,
            22.5161002
          ],
          [
            88.3667426,
            22.5160234
          ],
          [
            88.3667815,
            22.5159552
          ],
          [
            88.3668311,
            22.5158252
          ],
          [
            88.3668673,
            22.515674
          ],
          [
            88.366902,
            22.5154743
          ],
          [
            88.3669641,
            22.5151061
          ],
          [
            88.3670386,
            22.5146972
          ],
          [
            88.3670654,
            22.5145501
          ],
          [
            88.3670681,
            22.5145355
          ],
          [
            88.3671033,
            22.5142481
          ],
          [
            88.3671253,
            22.5140201
          ],
          [
            88.3671556,
            22.5138045
          ],
          [
            88.3671851,
            22.5136153
          ],
          [
            88.3672026,
            22.5135344
          ],
          [
            88.3672199,
            22.513446
          ],
          [
            88.3672359,
            22.5133663
          ]
        ]
      },
      "id": "way/1029372200"
    },
    {
      "type": "Feature",
      "properties": {
        "@id": "way/1029381530",
        "highway": "primary",
        "maxspeed": "40",
        "name": "Acharya Prafulla Chandra Road",
        "name:etymology:wikidata": "Q3351086",
        "oneway": "yes",
        "ref": "SH1",
        "source": "Yahoo hires"
      },
      "geometry": {
        "type": "LineString",
        "coordinates": [
          [
            88.3735301,
            22.5766342
          ],
          [
            88.3735005,
            22.5764158
          ],
          [
            88.3734252,
            22.5759798
          ],
          [
            88.3733835,
            22.5757078
          ],
          [
            88.3733509,
            22.5754953
          ],
          [
            88.3733288,
            22.5754132
          ],
          [
            88.3732268,
            22.5750333
          ],
          [
            88.3732122,
            22.5749788
          ],
          [
            88.3731859,
            22.5749223
          ],
          [
            88.3731625,
            22.5748722
          ],
          [
            88.3729614,
            22.5744406
          ],
          [
            88.3729109,
            22.5743322
          ],
          [
            88.3728874,
            22.5742817
          ],
          [
            88.3725339,
            22.573523
          ],
          [
            88.3723323,
            22.5730978
          ]
        ]
      },
      "id": "way/1029381530"
    },
    {
      "type": "Feature",
      "properties": {
        "@id": "way/1029381531",
        "highway": "primary",
        "maxspeed": "40",
        "name": "Acharya Prafulla Chandra Bose Road",
        "name:etymology:wikidata": "Q3351086",
        "oneway": "yes",
        "ref": "SH1"
      },
      "geometry": {
        "type": "LineString",
        "coordinates": [
          [
            88.3747007,
            22.5855085
          ],
          [
            88.3747195,
            22.5857049
          ],
          [
            88.374749,
            22.5860132
          ],
          [
            88.3747655,
            22.5861896
          ],
          [
            88.3747757,
            22.5862985
          ],
          [
            88.374816,
            22.5867279
          ],
          [
            88.3748442,
            22.5869729
          ],
          [
            88.3748622,
            22.5872727
          ],
          [
            88.37487,
            22.5873987
          ],
          [
            88.3749119,
            22.588105
          ],
          [
            88.3749337,
            22.5884401
          ],
          [
            88.3749608,
            22.5888112
          ],
          [
            88.3749781,
            22.5891193
          ],
          [
            88.3749996,
            22.5895474
          ],
          [
            88.3750388,
            22.5901104
          ],
          [
            88.3750515,
            22.5902924
          ],
          [
            88.3750693,
            22.5906628
          ],
          [
            88.3750986,
            22.5912084
          ],
          [
            88.3751178,
            22.5915665
          ],
          [
            88.3751439,
            22.5919277
          ],
          [
            88.3751718,
            22.5923441
          ],
          [
            88.3752154,
            22.5930418
          ],
          [
            88.3752653,
            22.5938177
          ],
          [
            88.3753116,
            22.5941297
          ]
        ]
      },
      "id": "way/1029381531"
    },
    {
      "type": "Feature",
      "properties": {
        "@id": "way/1029504348",
        "alt_name": "Barrackpore Trunk Road",
        "bridge": "yes",
        "highway": "primary",
        "layer": "1",
        "maxspeed": "40",
        "name": "Tala Flyover",
        "oneway": "yes",
        "ref": "SH1",
        "source": "Yahoo hires"
      },
      "geometry": {
        "type": "LineString",
        "coordinates": [
          [
            88.3771877,
            22.6119042
          ],
          [
            88.3761204,
            22.609527
          ],
          [
            88.3755714,
            22.6084481
          ],
          [
            88.3755417,
            22.6083907
          ],
          [
            88.3743539,
            22.6060503
          ],
          [
            88.3742739,
            22.6058992
          ]
        ]
      },
      "id": "way/1029504348"
    },
    {
      "type": "Feature",
      "properties": {
        "@id": "way/1029504349",
        "highway": "primary",
        "lanes": "2",
        "maxspeed": "40",
        "name": "State Highway 1",
        "oneway": "yes",
        "ref": "SH1",
        "surface": "asphalt"
      },
      "geometry": {
        "type": "LineString",
        "coordinates": [
          [
            88.374014,
            22.6056368
          ],
          [
            88.3741452,
            22.6058539
          ]
        ]
      },
      "id": "way/1029504349"
    },
    {
      "type": "Feature",
      "properties": {
        "@id": "way/1029504350",
        "bridge": "yes",
        "highway": "primary",
        "layer": "1",
        "maxspeed": "40",
        "name": "State Highway 1",
        "oneway": "yes",
        "ref": "SH1"
      },
      "geometry": {
        "type": "LineString",
        "coordinates": [
          [
            88.3738638,
            22.6053409
          ],
          [
            88.374014,
            22.6056368
          ]
        ]
      },
      "id": "way/1029504350"
    },
    {
      "type": "Feature",
      "properties": {
        "@id": "way/1029504351",
        "highway": "primary",
        "lane_markings": "no",
        "maxspeed": "40",
        "name": "Bidhan Sarani",
        "name:etymology:wikidata": "Q2901773",
        "oneway": "yes",
        "ref": "SH1",
        "surface": "asphalt"
      },
      "geometry": {
        "type": "LineString",
        "coordinates": [
          [
            88.3735952,
            22.6019388
          ],
          [
            88.3735612,
            22.6021833
          ],
          [
            88.3734184,
            22.60286
          ],
          [
            88.3733676,
            22.6031248
          ],
          [
            88.3733482,
            22.6032716
          ],
          [
            88.3733072,
            22.6035812
          ],
          [
            88.3732962,
            22.603714
          ],
          [
            88.3732899,
            22.6037908
          ],
          [
            88.3732952,
            22.6039023
          ],
          [
            88.373318,
            22.6040075
          ],
          [
            88.3733932,
            22.6042581
          ],
          [
            88.3735071,
            22.6045188
          ],
          [
            88.3737831,
            22.6051573
          ],
          [
            88.3738638,
            22.6053409
          ]
        ]
      },
      "id": "way/1029504351"
    },
    {
      "type": "Feature",
      "properties": {
        "@id": "way/1029504352",
        "highway": "primary",
        "junction": "roundabout",
        "name": "State Highway 1",
        "ref": "SH1"
      },
      "geometry": {
        "type": "LineString",
        "coordinates": [
          [
            88.373686,
            22.6018203
          ],
          [
            88.3736678,
            22.6018025
          ],
          [
            88.3736445,
            22.6017908
          ],
          [
            88.3736184,
            22.6017864
          ]
        ]
      },
      "id": "way/1029504352"
    },
    {
      "type": "Feature",
      "properties": {
        "@id": "way/1030310492",
        "highway": "primary",
        "maxspeed": "40",
        "name": "Eastern Metropolitan Bypass",
        "oneway": "yes",
        "ref": "SH3"
      },
      "geometry": {
        "type": "LineString",
        "coordinates": [
          [
            88.3972083,
            22.5373867
          ],
          [
            88.3973142,
            22.5378179
          ],
          [
            88.3974973,
            22.5386469
          ]
        ]
      },
      "id": "way/1030310492"
    },
    {
      "type": "Feature",
      "properties": {
        "@id": "way/1030316161",
        "highway": "primary",
        "maxspeed": "40",
        "name": "Basanti Highway",
        "name:bn": "বাসন্তী হাইওয়ে",
        "ref": "SH3"
      },
      "geometry": {
        "type": "LineString",
        "coordinates": [
          [
            88.4390764,
            22.5262846
          ],
          [
            88.4392937,
            22.5262289
          ],
          [
            88.4394425,
            22.5261966
          ],
          [
            88.4395485,
            22.5261855
          ],
          [
            88.4396477,
            22.526188
          ],
          [
            88.4397241,
            22.5261991
          ],
          [
            88.439814,
            22.5262301
          ],
          [
            88.4399937,
            22.5262995
          ],
          [
            88.4402579,
            22.5264159
          ],
          [
            88.4404088,
            22.5264704
          ],
          [
            88.4404792,
            22.5264909
          ],
          [
            88.4405348,
            22.526502
          ],
          [
            88.4406013,
            22.5265066
          ],
          [
            88.4406614,
            22.5264851
          ],
          [
            88.4407073,
            22.526459
          ],
          [
            88.4407607,
            22.526414
          ],
          [
            88.4408248,
            22.5263042
          ],
          [
            88.4409518,
            22.5260448
          ]
        ]
      },
      "id": "way/1030316161"
    },
    {
      "type": "Feature",
      "properties": {
        "@id": "way/1030316162",
        "bridge": "yes",
        "highway": "primary",
        "layer": "1",
        "maxspeed": "40",
        "name": "Basanti Highway",
        "name:bn": "বাসন্তী হাইওয়ে",
        "ref": "SH3"
      },
      "geometry": {
        "type": "LineString",
        "coordinates": [
          [
            88.4389168,
            22.5263255
          ],
          [
            88.4390764,
            22.5262846
          ]
        ]
      },
      "id": "way/1030316162"
    },
    {
      "type": "Feature",
      "properties": {
        "@id": "way/1031970661",
        "highway": "primary",
        "lanes": "2",
        "name": "Jatinda Mohan Avenue",
        "oneway": "yes",
        "surface": "asphalt"
      },
      "geometry": {
        "type": "LineString",
        "coordinates": [
          [
            88.3665316,
            22.5998499
          ],
          [
            88.3664979,
            22.5997641
          ]
        ]
      },
      "id": "way/1031970661"
    },
    {
      "type": "Feature",
      "properties": {
        "@id": "way/1031970662",
        "highway": "primary",
        "maxspeed": "40",
        "name": "Bupendra Bose Avenue",
        "name:etymology:wikidata": "Q4902176",
        "oneway": "yes"
      },
      "geometry": {
        "type": "LineString",
        "coordinates": [
          [
            88.3665316,
            22.5998499
          ],
          [
            88.3666315,
            22.5998715
          ],
          [
            88.3669436,
            22.5999425
          ]
        ]
      },
      "id": "way/1031970662"
    },
    {
      "type": "Feature",
      "properties": {
        "@id": "way/1031992819",
        "alt_name": "Bidhannagar Road",
        "highway": "primary",
        "lanes": "2",
        "name": "Bidhannagar Road",
        "oneway": "yes",
        "surface": "asphalt"
      },
      "geometry": {
        "type": "LineString",
        "coordinates": [
          [
            88.390758,
            22.5924249
          ],
          [
            88.3907266,
            22.5924385
          ],
          [
            88.3904584,
            22.5925409
          ],
          [
            88.3902722,
            22.5926224
          ],
          [
            88.3902146,
            22.5926482
          ],
          [
            88.3900242,
            22.5927448
          ],
          [
            88.3898588,
            22.5928132
          ]
        ]
      },
      "id": "way/1031992819"
    },
    {
      "type": "Feature",
      "properties": {
        "@id": "way/1031992820",
        "alt_name": "Bidhannagar Road",
        "highway": "primary",
        "lanes": "2",
        "layer": "-1",
        "name": "Ultadanga Underpass",
        "oneway": "yes",
        "tunnel": "yes"
      },
      "geometry": {
        "type": "LineString",
        "coordinates": [
          [
            88.3912142,
            22.592254
          ],
          [
            88.3908753,
            22.5923741
          ]
        ]
      },
      "id": "way/1031992820"
    },
    {
      "type": "Feature",
      "properties": {
        "@id": "way/1032031703",
        "bridge": "yes",
        "highway": "primary",
        "layer": "1",
        "name": "Bidhan Nagar Road",
        "name:etymology:wikidata": "Q115503441",
        "oneway": "yes"
      },
      "geometry": {
        "type": "LineString",
        "coordinates": [
          [
            88.3782776,
            22.5943214
          ],
          [
            88.3797792,
            22.594385
          ],
          [
            88.3807342,
            22.5943951
          ],
          [
            88.3820956,
            22.5944131
          ]
        ]
      },
      "id": "way/1032031703"
    },
    {
      "type": "Feature",
      "properties": {
        "@id": "way/1032031704",
        "highway": "primary",
        "name": "Bidhan Nagar Road",
        "name:etymology:wikidata": "Q115503441",
        "oneway": "yes"
      },
      "geometry": {
        "type": "LineString",
        "coordinates": [
          [
            88.3754,
            22.5941842
          ],
          [
            88.3754583,
            22.5941855
          ],
          [
            88.3754834,
            22.5941838
          ],
          [
            88.3757524,
            22.5941946
          ],
          [
            88.3760677,
            22.5942125
          ],
          [
            88.3764971,
            22.5942357
          ],
          [
            88.3772748,
            22.5942703
          ],
          [
            88.377725,
            22.5942912
          ],
          [
            88.3780612,
            22.5943029
          ]
        ]
      },
      "id": "way/1032031704"
    },
    {
      "type": "Feature",
      "properties": {
        "@id": "way/1032031705",
        "bridge": "yes",
        "highway": "primary",
        "layer": "1",
        "name": "Bidhan Nagar Road",
        "name:etymology:wikidata": "Q115503441",
        "oneway": "yes",
        "surface": "asphalt"
      },
      "geometry": {
        "type": "LineString",
        "coordinates": [
          [
            88.3821009,
            22.5943533
          ],
          [
            88.3810907,
            22.5943378
          ]
        ]
      },
      "id": "way/1032031705"
    },
    {
      "type": "Feature",
      "properties": {
        "@id": "way/1032031706",
        "highway": "primary",
        "name": "Bidhan Nagar Road",
        "name:etymology:wikidata": "Q115503441",
        "oneway": "yes"
      },
      "geometry": {
        "type": "LineString",
        "coordinates": [
          [
            88.3830381,
            22.59447
          ],
          [
            88.3835423,
            22.5944818
          ],
          [
            88.3839731,
            22.5945162
          ],
          [
            88.384084,
            22.5945214
          ],
          [
            88.3843899,
            22.5945212
          ],
          [
            88.3846205,
            22.5945113
          ],
          [
            88.3848866,
            22.5944775
          ],
          [
            88.3850036,
            22.5944671
          ],
          [
            88.3851679,
            22.5944352
          ],
          [
            88.3853406,
            22.5944016
          ],
          [
            88.3855606,
            22.5943312
          ],
          [
            88.3857719,
            22.594275
          ],
          [
            88.3861406,
            22.5941838
          ],
          [
            88.386578,
            22.5940555
          ],
          [
            88.3871657,
            22.5938344
          ],
          [
            88.3874045,
            22.5937394
          ],
          [
            88.3882214,
            22.5934181
          ],
          [
            88.3886443,
            22.5932714
          ],
          [
            88.3888476,
            22.5932009
          ],
          [
            88.3892226,
            22.5930831
          ]
        ]
      },
      "id": "way/1032031706"
    },
    {
      "type": "Feature",
      "properties": {
        "@id": "way/1032032666",
        "highway": "primary",
        "maxspeed": "40",
        "name": "Vivekananda Road",
        "name:etymology:wikidata": "Q47478",
        "name:zh": "辩喜路",
        "oneway": "yes"
      },
      "geometry": {
        "type": "LineString",
        "coordinates": [
          [
            88.374942,
            22.5852897
          ],
          [
            88.3751819,
            22.585213
          ],
          [
            88.3756682,
            22.5850557
          ],
          [
            88.3758569,
            22.5849947
          ],
          [
            88.3763148,
            22.5848337
          ],
          [
            88.3766338,
            22.5847109
          ],
          [
            88.3767614,
            22.5846495
          ]
        ]
      },
      "id": "way/1032032666"
    },
    {
      "type": "Feature",
      "properties": {
        "@id": "way/1032034246",
        "highway": "primary",
        "maxspeed": "40",
        "name": "Vivekananda Road",
        "name:etymology:wikidata": "Q47478",
        "name:zh": "辩喜路"
      },
      "geometry": {
        "type": "LineString",
        "coordinates": [
          [
            88.3789764,
            22.5837985
          ],
          [
            88.3784042,
            22.5840193
          ],
          [
            88.3781531,
            22.5841146
          ],
          [
            88.3779643,
            22.5841825
          ],
          [
            88.3779128,
            22.5842015
          ],
          [
            88.3774593,
            22.584391
          ],
          [
            88.3773977,
            22.5844181
          ],
          [
            88.3771946,
            22.5844913
          ],
          [
            88.376963,
            22.5845755
          ],
          [
            88.3767614,
            22.5846495
          ]
        ]
      },
      "id": "way/1032034246"
    },
    {
      "type": "Feature",
      "properties": {
        "@id": "way/1032034247",
        "highway": "primary",
        "maxspeed": "40",
        "name": "Vivekananda Road",
        "name:etymology:wikidata": "Q47478",
        "name:zh": "辩喜路",
        "oneway": "yes"
      },
      "geometry": {
        "type": "LineString",
        "coordinates": [
          [
            88.3767614,
            22.5846495
          ],
          [
            88.3766658,
            22.5846587
          ],
          [
            88.3766206,
            22.5846666
          ],
          [
            88.3765258,
            22.5846839
          ],
          [
            88.3763853,
            22.5847098
          ],
          [
            88.3763381,
            22.5847187
          ],
          [
            88.3762919,
            22.5847318
          ],
          [
            88.375816,
            22.5849073
          ],
          [
            88.3755798,
            22.5849851
          ],
          [
            88.3751442,
            22.5851283
          ],
          [
            88.3749494,
            22.5851913
          ]
        ]
      },
      "id": "way/1032034247"
    },
    {
      "type": "Feature",
      "properties": {
        "@id": "way/1032036237",
        "highway": "primary",
        "junction": "roundabout",
        "name": "Satin Sen Sarani",
        "name:etymology:wikidata": "Q118115344"
      },
      "geometry": {
        "type": "LineString",
        "coordinates": [
          [
            88.3904584,
            22.5803002
          ],
          [
            88.3904858,
            22.5803138
          ],
          [
            88.3905156,
            22.5803222
          ],
          [
            88.3905491,
            22.5803251
          ],
          [
            88.3905825,
            22.5803216
          ],
          [
            88.3906086,
            22.580314
          ],
          [
            88.3906329,
            22.5803024
          ],
          [
            88.3906547,
            22.5802872
          ]
        ]
      },
      "id": "way/1032036237"
    },
    {
      "type": "Feature",
      "properties": {
        "@id": "way/1032036239",
        "highway": "primary",
        "lanes": "2",
        "name": "CIT Road",
        "oneway": "yes"
      },
      "geometry": {
        "type": "LineString",
        "coordinates": [
          [
            88.3932115,
            22.5898078
          ],
          [
            88.3931797,
            22.5896723
          ],
          [
            88.3929732,
            22.5889418
          ],
          [
            88.3928786,
            22.5885623
          ],
          [
            88.39278,
            22.5881666
          ],
          [
            88.392603,
            22.5875104
          ],
          [
            88.3923831,
            22.5867352
          ],
          [
            88.3922581,
            22.5862824
          ],
          [
            88.3921792,
            22.5859452
          ],
          [
            88.3921507,
            22.5858399
          ],
          [
            88.3921008,
            22.5856554
          ],
          [
            88.3920382,
            22.5854239
          ],
          [
            88.3920095,
            22.5853179
          ],
          [
            88.3918474,
            22.5846914
          ],
          [
            88.391798,
            22.5845208
          ]
        ]
      },
      "id": "way/1032036239"
    },
    {
      "type": "Feature",
      "properties": {
        "@id": "way/1032449333",
        "highway": "primary",
        "junction": "roundabout"
      },
      "geometry": {
        "type": "LineString",
        "coordinates": [
          [
            88.3909253,
            22.6073761
          ],
          [
            88.3909159,
            22.6073678
          ],
          [
            88.3908922,
            22.6073576
          ],
          [
            88.390866,
            22.6073583
          ],
          [
            88.3908492,
            22.6073657
          ]
        ]
      },
      "id": "way/1032449333"
    },
    {
      "type": "Feature",
      "properties": {
        "@id": "way/1032449334",
        "highway": "primary",
        "maxspeed": "40",
        "name": "Radha Gobinda Kar Road",
        "name:etymology:wikidata": "Q7280172",
        "oneway": "yes"
      },
      "geometry": {
        "type": "LineString",
        "coordinates": [
          [
            88.3908327,
            22.6073807
          ],
          [
            88.390409,
            22.6072488
          ],
          [
            88.3901191,
            22.6071639
          ],
          [
            88.3897009,
            22.6070235
          ],
          [
            88.3891551,
            22.606839
          ],
          [
            88.3882831,
            22.6065438
          ],
          [
            88.3876568,
            22.6063248
          ],
          [
            88.3867826,
            22.6060572
          ],
          [
            88.3864284,
            22.6059516
          ],
          [
            88.3858261,
            22.6057742
          ],
          [
            88.3856102,
            22.6057034
          ],
          [
            88.3849486,
            22.6054934
          ]
        ]
      },
      "id": "way/1032449334"
    },
    {
      "type": "Feature",
      "properties": {
        "@id": "way/1032449335",
        "highway": "primary",
        "oneway": "yes",
        "source": "Yahoo hires"
      },
      "geometry": {
        "type": "LineString",
        "coordinates": [
          [
            88.3909074,
            22.6074558
          ],
          [
            88.3910391,
            22.6074856
          ],
          [
            88.3911953,
            22.6075219
          ],
          [
            88.3918011,
            22.6076425
          ],
          [
            88.3919019,
            22.6076603
          ],
          [
            88.3927077,
            22.6078108
          ],
          [
            88.3930309,
            22.6078646
          ],
          [
            88.3931395,
            22.6078826
          ]
        ]
      },
      "id": "way/1032449335"
    },
    {
      "type": "Feature",
      "properties": {
        "@id": "way/1032449338",
        "bridge": "yes",
        "highway": "primary",
        "layer": "1",
        "maxspeed": "40",
        "name": "Radha Gobinda Kar Road",
        "name:etymology:wikidata": "Q7280172",
        "oneway": "yes"
      },
      "geometry": {
        "type": "LineString",
        "coordinates": [
          [
            88.3835432,
            22.6050723
          ],
          [
            88.3827393,
            22.6048284
          ],
          [
            88.3818287,
            22.6045733
          ],
          [
            88.381138,
            22.6043529
          ],
          [
            88.3807129,
            22.6042106
          ],
          [
            88.3802851,
            22.6040484
          ],
          [
            88.3798224,
            22.6038726
          ],
          [
            88.3793114,
            22.6036918
          ]
        ]
      },
      "id": "way/1032449338"
    },
    {
      "type": "Feature",
      "properties": {
        "@id": "way/1032449339",
        "highway": "primary",
        "maxspeed": "40",
        "name": "Radha Gobinda Kar Road",
        "name:etymology:wikidata": "Q7280172",
        "oneway": "yes"
      },
      "geometry": {
        "type": "LineString",
        "coordinates": [
          [
            88.3786869,
            22.6035091
          ],
          [
            88.378495,
            22.6034515
          ],
          [
            88.3781812,
            22.6033573
          ],
          [
            88.3773535,
            22.6030995
          ],
          [
            88.3772488,
            22.6030703
          ]
        ]
      },
      "id": "way/1032449339"
    },
    {
      "type": "Feature",
      "properties": {
        "@id": "way/1032449341",
        "highway": "primary",
        "maxspeed": "40",
        "name": "Radha Gobinda Kar Road",
        "name:etymology:wikidata": "Q7280172",
        "oneway": "yes"
      },
      "geometry": {
        "type": "LineString",
        "coordinates": [
          [
            88.3767311,
            22.6028969
          ],
          [
            88.3766283,
            22.6028628
          ],
          [
            88.3760284,
            22.6026654
          ],
          [
            88.3756364,
            22.6025223
          ],
          [
            88.3748933,
            22.6022663
          ],
          [
            88.3736999,
            22.6018552
          ]
        ]
      },
      "id": "way/1032449341"
    },
    {
      "type": "Feature",
      "properties": {
        "@id": "way/1032449342",
        "bridge": "yes",
        "highway": "primary",
        "layer": "1",
        "maxspeed": "40",
        "name": "Radha Gobinda Kar Road",
        "name:etymology:wikidata": "Q7280172",
        "oneway": "yes"
      },
      "geometry": {
        "type": "LineString",
        "coordinates": [
          [
            88.3772488,
            22.6030703
          ],
          [
            88.3767311,
            22.6028969
          ]
        ]
      },
      "id": "way/1032449342"
    },
    {
      "type": "Feature",
      "properties": {
        "@id": "way/1035924089",
        "highway": "primary",
        "maxspeed": "40",
        "name": "Basanti Highway",
        "name:bn": "বাসন্তী হাইওয়ে",
        "ref": "SH3"
      },
      "geometry": {
        "type": "LineString",
        "coordinates": [
          [
            88.4030694,
            22.5335814
          ],
          [
            88.4030932,
            22.533535
          ],
          [
            88.4031308,
            22.5334904
          ],
          [
            88.4031844,
            22.533457
          ],
          [
            88.4032971,
            22.5334148
          ],
          [
            88.4035519,
            22.5333591
          ],
          [
            88.4040964,
            22.5332377
          ],
          [
            88.4048367,
            22.5330767
          ],
          [
            88.4065452,
            22.5326902
          ],
          [
            88.4077417,
            22.5324127
          ],
          [
            88.4084979,
            22.5322418
          ],
          [
            88.4091979,
            22.5320882
          ],
          [
            88.4102359,
            22.5318454
          ],
          [
            88.4118023,
            22.5314911
          ],
          [
            88.4135163,
            22.5310997
          ],
          [
            88.4171025,
            22.530302
          ],
          [
            88.4192214,
            22.5298288
          ],
          [
            88.4205116,
            22.5295365
          ],
          [
            88.4207659,
            22.5294863
          ],
          [
            88.4213479,
            22.5293322
          ],
          [
            88.4223676,
            22.5290904
          ],
          [
            88.4244651,
            22.5286172
          ],
          [
            88.4267342,
            22.5281019
          ],
          [
            88.4275201,
            22.527926
          ],
          [
            88.4282872,
            22.527755
          ],
          [
            88.4290382,
            22.5275766
          ],
          [
            88.4301299,
            22.5273239
          ],
          [
            88.4310257,
            22.5271171
          ],
          [
            88.4315421,
            22.5269919
          ],
          [
            88.4318358,
            22.5269213
          ],
          [
            88.4319632,
            22.5268891
          ],
          [
            88.4321107,
            22.5268656
          ],
          [
            88.4321885,
            22.5268668
          ],
          [
            88.4322159,
            22.5268704
          ],
          [
            88.4323333,
            22.5269461
          ],
          [
            88.4324098,
            22.5269994
          ],
          [
            88.4325171,
            22.5270712
          ],
          [
            88.4326015,
            22.5271109
          ],
          [
            88.4327075,
            22.5271542
          ],
          [
            88.4327772,
            22.527179
          ],
          [
            88.4328322,
            22.5271864
          ],
          [
            88.43291,
            22.5271901
          ],
          [
            88.4329945,
            22.5271926
          ],
          [
            88.4331031,
            22.5271852
          ],
          [
            88.4332989,
            22.5271381
          ],
          [
            88.4338997,
            22.5269535
          ],
          [
            88.4343208,
            22.5268148
          ],
          [
            88.4345689,
            22.526738
          ],
          [
            88.4347245,
            22.5266934
          ],
          [
            88.4349029,
            22.5266562
          ],
          [
            88.4350571,
            22.5266315
          ],
          [
            88.4351858,
            22.5266166
          ],
          [
            88.4353146,
            22.5266092
          ],
          [
            88.4354246,
            22.5266067
          ],
          [
            88.4355681,
            22.5266141
          ],
          [
            88.4356941,
            22.5266339
          ],
          [
            88.4358431,
            22.52667
          ],
          [
            88.436016,
            22.526707
          ],
          [
            88.4361917,
            22.5267355
          ],
          [
            88.436366,
            22.5267467
          ],
          [
            88.4365484,
            22.5267442
          ],
          [
            88.4367496,
            22.5267244
          ],
          [
            88.4369454,
            22.5266959
          ],
          [
            88.4372029,
            22.5266476
          ],
          [
            88.4378748,
            22.5265286
          ],
          [
            88.4382556,
            22.5264679
          ],
          [
            88.4384595,
            22.5264308
          ],
          [
            88.4387653,
            22.5263602
          ],
          [
            88.4389168,
            22.5263255
          ]
        ]
      },
      "id": "way/1035924089"
    },
    {
      "type": "Feature",
      "properties": {
        "@id": "way/1035924090",
        "bridge": "yes",
        "highway": "primary",
        "layer": "1",
        "maxspeed": "40",
        "name": "Basanti Highway",
        "name:bn": "বাসন্তী হাইওয়ে",
        "ref": "SH3"
      },
      "geometry": {
        "type": "LineString",
        "coordinates": [
          [
            88.4030437,
            22.5336741
          ],
          [
            88.4030694,
            22.5335814
          ]
        ]
      },
      "id": "way/1035924090"
    },
    {
      "type": "Feature",
      "properties": {
        "@id": "way/1040241772",
        "highway": "primary",
        "lanes": "3",
        "maxspeed": "60",
        "name": "Eastern Metropolitan Bypass",
        "oneway": "yes",
        "ref": "SH3",
        "surface": "asphalt",
        "turn:bus:lanes": "left;through|through|right",
        "turn:lanes": "through|through|right"
      },
      "geometry": {
        "type": "LineString",
        "coordinates": [
          [
            88.4083577,
            22.5618006
          ],
          [
            88.4083054,
            22.5618842
          ],
          [
            88.4082822,
            22.5619194
          ]
        ]
      },
      "id": "way/1040241772"
    },
    {
      "type": "Feature",
      "properties": {
        "@id": "way/1040260535",
        "highway": "primary",
        "name": "Bidhan Nagar Road",
        "name:etymology:wikidata": "Q115503441",
        "oneway": "yes"
      },
      "geometry": {
        "type": "LineString",
        "coordinates": [
          [
            88.3820956,
            22.5944131
          ],
          [
            88.3828251,
            22.5944548
          ],
          [
            88.3828704,
            22.5944574
          ],
          [
            88.3828813,
            22.594458
          ],
          [
            88.3830381,
            22.59447
          ]
        ]
      },
      "id": "way/1040260535"
    },
    {
      "type": "Feature",
      "properties": {
        "@id": "way/1059734632",
        "highway": "primary",
        "oneway": "yes"
      },
      "geometry": {
        "type": "LineString",
        "coordinates": [
          [
            88.3754313,
            22.4841204
          ],
          [
            88.3754426,
            22.4840931
          ],
          [
            88.375496,
            22.4838659
          ]
        ]
      },
      "id": "way/1059734632"
    },
    {
      "type": "Feature",
      "properties": {
        "@id": "way/1059734633",
        "highway": "primary",
        "maxspeed": "40",
        "name": "Raja Subodh Chandra Mullick Road",
        "name:etymology:wikidata": "Q21176797",
        "oneway": "yes",
        "ref": "SH1",
        "source": "maxar"
      },
      "geometry": {
        "type": "LineString",
        "coordinates": [
          [
            88.3758594,
            22.4807419
          ],
          [
            88.3758527,
            22.4810158
          ],
          [
            88.3758447,
            22.4811868
          ],
          [
            88.3758326,
            22.4813368
          ],
          [
            88.3757508,
            22.481763
          ],
          [
            88.375681,
            22.4822116
          ],
          [
            88.3756372,
            22.4825262
          ],
          [
            88.3755456,
            22.4829836
          ],
          [
            88.3754866,
            22.4832921
          ],
          [
            88.3754477,
            22.4835957
          ],
          [
            88.3754223,
            22.4838724
          ]
        ]
      },
      "id": "way/1059734633"
    },
    {
      "type": "Feature",
      "properties": {
        "@id": "way/1076298293",
        "highway": "primary",
        "oneway": "yes"
      },
      "geometry": {
        "type": "LineString",
        "coordinates": [
          [
            88.3589672,
            22.5409415
          ],
          [
            88.3589552,
            22.5410873
          ]
        ]
      },
      "id": "way/1076298293"
    },
    {
      "type": "Feature",
      "properties": {
        "@id": "way/1087118364",
        "highway": "primary",
        "lane_markings": "no",
        "maxspeed": "40",
        "name": "Vivekananda Road",
        "name:etymology:wikidata": "Q47478",
        "name:zh": "辩喜路",
        "oneway": "yes",
        "surface": "asphalt"
      },
      "geometry": {
        "type": "LineString",
        "coordinates": [
          [
            88.3627787,
            22.5862116
          ],
          [
            88.363434,
            22.5861412
          ],
          [
            88.363661,
            22.5861097
          ],
          [
            88.3639468,
            22.5860751
          ],
          [
            88.3640401,
            22.5860647
          ],
          [
            88.3643144,
            22.5860323
          ],
          [
            88.3644945,
            22.5860149
          ],
          [
            88.3646155,
            22.5859992
          ],
          [
            88.3649521,
            22.5859666
          ],
          [
            88.3654372,
            22.5859213
          ],
          [
            88.3656367,
            22.5859012
          ],
          [
            88.3658625,
            22.5858746
          ],
          [
            88.3660757,
            22.5858517
          ],
          [
            88.3661175,
            22.5858474
          ],
          [
            88.3664568,
            22.5858148
          ],
          [
            88.3665958,
            22.5857993
          ],
          [
            88.3668243,
            22.585774
          ],
          [
            88.3674949,
            22.5857138
          ],
          [
            88.3675148,
            22.5857133
          ],
          [
            88.3675298,
            22.5857129
          ]
        ]
      },
      "id": "way/1087118364"
    },
    {
      "type": "Feature",
      "properties": {
        "@id": "way/1093100549",
        "highway": "primary",
        "lanes": "3",
        "maxspeed": "40",
        "name": "Deshapran Sashmal Road",
        "name:etymology:wikidata": "Q4916200",
        "oneway": "yes"
      },
      "geometry": {
        "type": "LineString",
        "coordinates": [
          [
            88.3454702,
            22.4970506
          ],
          [
            88.3455138,
            22.4964363
          ],
          [
            88.3455466,
            22.4961117
          ],
          [
            88.34555,
            22.4960776
          ]
        ]
      },
      "id": "way/1093100549"
    },
    {
      "type": "Feature",
      "properties": {
        "@id": "way/1093711230",
        "highway": "primary",
        "maxspeed": "40",
        "name": "Radha Gobinda Kar Road",
        "name:etymology:wikidata": "Q7280172",
        "oneway": "yes"
      },
      "geometry": {
        "type": "LineString",
        "coordinates": [
          [
            88.3927088,
            22.6077105
          ],
          [
            88.3923301,
            22.6076527
          ],
          [
            88.3921168,
            22.607619
          ],
          [
            88.3920275,
            22.6076065
          ],
          [
            88.3917931,
            22.6075707
          ],
          [
            88.3910905,
            22.6074215
          ],
          [
            88.3909336,
            22.6073894
          ]
        ]
      },
      "id": "way/1093711230"
    },
    {
      "type": "Feature",
      "properties": {
        "@id": "way/1102500024",
        "alt_name": "Barrackpore Trunk Road",
        "bridge": "yes",
        "highway": "primary",
        "layer": "1",
        "name": "Tala Flyover",
        "oneway": "yes"
      },
      "geometry": {
        "type": "LineString",
        "coordinates": [
          [
            88.3746757,
            22.606827
          ],
          [
            88.3747222,
            22.6069227
          ],
          [
            88.3754517,
            22.6084196
          ],
          [
            88.3754805,
            22.6084819
          ],
          [
            88.3758746,
            22.6092941
          ],
          [
            88.3766069,
            22.6108432
          ],
          [
            88.3768541,
            22.6113661
          ],
          [
            88.3770269,
            22.6117787
          ],
          [
            88.377097,
            22.6119313
          ]
        ]
      },
      "id": "way/1102500024"
    },
    {
      "type": "Feature",
      "properties": {
        "@id": "way/1102881626",
        "highway": "primary",
        "lanes": "2",
        "maxspeed": "60",
        "oneway": "yes",
        "surface": "asphalt"
      },
      "geometry": {
        "type": "LineString",
        "coordinates": [
          [
            88.3613325,
            22.5810323
          ],
          [
            88.3614516,
            22.5814801
          ],
          [
            88.3615493,
            22.5818479
          ],
          [
            88.3617274,
            22.5825722
          ],
          [
            88.3617947,
            22.5828457
          ],
          [
            88.3618596,
            22.5831198
          ],
          [
            88.3619913,
            22.5836759
          ]
        ]
      },
      "id": "way/1102881626"
    },
    {
      "type": "Feature",
      "properties": {
        "@id": "way/1102881628",
        "highway": "primary",
        "lanes": "2",
        "maxspeed": "60",
        "oneway": "yes",
        "surface": "asphalt"
      },
      "geometry": {
        "type": "LineString",
        "coordinates": [
          [
            88.3610531,
            22.5800284
          ],
          [
            88.3613099,
            22.5809469
          ],
          [
            88.3613325,
            22.5810323
          ]
        ]
      },
      "id": "way/1102881628"
    },
    {
      "type": "Feature",
      "properties": {
        "@id": "way/1105718483",
        "highway": "primary",
        "oneway": "yes"
      },
      "geometry": {
        "type": "LineString",
        "coordinates": [
          [
            88.3933294,
            22.5910405
          ],
          [
            88.3932257,
            22.5910284
          ],
          [
            88.3932005,
            22.591034
          ]
        ]
      },
      "id": "way/1105718483"
    },
    {
      "type": "Feature",
      "properties": {
        "@id": "way/1106794894",
        "highway": "primary",
        "lanes": "3",
        "maxspeed": "40",
        "name": "Rash Behari Avenue",
        "name:etymology:wikidata": "Q7294817",
        "oneway": "yes",
        "surface": "asphalt"
      },
      "geometry": {
        "type": "LineString",
        "coordinates": [
          [
            88.3673446,
            22.5204238
          ],
          [
            88.3668405,
            22.5202503
          ],
          [
            88.3653723,
            22.519641
          ]
        ]
      },
      "id": "way/1106794894"
    },
    {
      "type": "Feature",
      "properties": {
        "@id": "way/1107049697",
        "highway": "primary",
        "lanes": "3",
        "name": "Rash Behari Avenue Connector",
        "name:etymology:wikidata": "Q7294817",
        "oneway": "yes",
        "surface": "asphalt"
      },
      "geometry": {
        "type": "LineString",
        "coordinates": [
          [
            88.3691517,
            22.5211339
          ],
          [
            88.3690512,
            22.521118
          ]
        ]
      },
      "id": "way/1107049697"
    },
    {
      "type": "Feature",
      "properties": {
        "@id": "way/1112213334",
        "highway": "primary",
        "lanes": "3",
        "maxspeed": "40",
        "name": "Rash Behari Avenue",
        "name:bn": "রাসবিহারী এভেনিউ",
        "name:etymology:wikidata": "Q7294817",
        "oneway": "yes",
        "surface": "asphalt"
      },
      "geometry": {
        "type": "LineString",
        "coordinates": [
          [
            88.368977,
            22.5212006
          ],
          [
            88.369072,
            22.5212114
          ]
        ]
      },
      "id": "way/1112213334"
    },
    {
      "type": "Feature",
      "properties": {
        "@id": "way/1112213335",
        "highway": "primary",
        "lanes": "3",
        "name": "Rash Behari Avenue Connector",
        "name:etymology:wikidata": "Q7294817",
        "oneway": "yes",
        "surface": "asphalt"
      },
      "geometry": {
        "type": "LineString",
        "coordinates": [
          [
            88.3690512,
            22.521118
          ],
          [
            88.3690165,
            22.5211117
          ]
        ]
      },
      "id": "way/1112213335"
    },
    {
      "type": "Feature",
      "properties": {
        "@id": "way/1112213336",
        "highway": "primary",
        "lanes": "3",
        "name": "Rash Behari Avenue Connector",
        "name:etymology:wikidata": "Q7294817",
        "oneway": "yes",
        "surface": "asphalt"
      },
      "geometry": {
        "type": "LineString",
        "coordinates": [
          [
            88.3690165,
            22.5211117
          ],
          [
            88.3689757,
            22.5211006
          ]
        ]
      },
      "id": "way/1112213336"
    },
    {
      "type": "Feature",
      "properties": {
        "@id": "way/1116442929",
        "highway": "primary",
        "lit": "yes",
        "maxspeed": "40",
        "name": "Radha Gobinda Kar Road",
        "name:etymology:wikidata": "Q7280172",
        "oneway": "yes"
      },
      "geometry": {
        "type": "LineString",
        "coordinates": [
          [
            88.3793114,
            22.6036918
          ],
          [
            88.3791787,
            22.6036473
          ],
          [
            88.3789485,
            22.6035861
          ]
        ]
      },
      "id": "way/1116442929"
    },
    {
      "type": "Feature",
      "properties": {
        "@id": "way/1119627667",
        "highway": "primary",
        "lit": "yes",
        "maxspeed": "40",
        "name": "Radha Gobinda Kar Road",
        "name:etymology:wikidata": "Q7280172",
        "oneway": "yes"
      },
      "geometry": {
        "type": "LineString",
        "coordinates": [
          [
            88.3789485,
            22.6035861
          ],
          [
            88.3787698,
            22.6035335
          ],
          [
            88.3786869,
            22.6035091
          ]
        ]
      },
      "id": "way/1119627667"
    },
    {
      "type": "Feature",
      "properties": {
        "@id": "way/1123936950",
        "highway": "primary",
        "lit": "yes",
        "maxspeed": "40",
        "name": "Radha Gobinda Kar Road",
        "name:etymology:wikidata": "Q7280172",
        "oneway": "yes"
      },
      "geometry": {
        "type": "LineString",
        "coordinates": [
          [
            88.3842828,
            22.6053018
          ],
          [
            88.3840531,
            22.6052318
          ]
        ]
      },
      "id": "way/1123936950"
    },
    {
      "type": "Feature",
      "properties": {
        "@id": "way/1124089268",
        "highway": "primary",
        "oneway": "yes",
        "surface": "asphalt"
      },
      "geometry": {
        "type": "LineString",
        "coordinates": [
          [
            88.35158,
            22.5654432
          ],
          [
            88.3517285,
            22.5658275
          ],
          [
            88.3518631,
            22.5659741
          ]
        ]
      },
      "id": "way/1124089268"
    },
    {
      "type": "Feature",
      "properties": {
        "@id": "way/1124089269",
        "highway": "primary",
        "oneway": "yes"
      },
      "geometry": {
        "type": "LineString",
        "coordinates": [
          [
            88.3518631,
            22.5659741
          ],
          [
            88.3520222,
            22.5660886
          ],
          [
            88.3523408,
            22.5662345
          ]
        ]
      },
      "id": "way/1124089269"
    },
    {
      "type": "Feature",
      "properties": {
        "@id": "way/1124089270",
        "highway": "primary",
        "name": "Chittaranjan Avenue",
        "name:etymology:wikidata": "Q560182",
        "name:hi": "चित्तरंजन ऐवन्यू",
        "oneway": "yes"
      },
      "geometry": {
        "type": "LineString",
        "coordinates": [
          [
            88.3523408,
            22.5662345
          ],
          [
            88.3532773,
            22.5666483
          ]
        ]
      },
      "id": "way/1124089270"
    },
    {
      "type": "Feature",
      "properties": {
        "@id": "way/1124089271",
        "highway": "primary",
        "name": "Chittaranjan Avenue",
        "name:etymology:wikidata": "Q560182",
        "name:hi": "चित्तरंजन ऐवन्यू",
        "oneway": "yes"
      },
      "geometry": {
        "type": "LineString",
        "coordinates": [
          [
            88.3532773,
            22.5666483
          ],
          [
            88.3542797,
            22.5671231
          ]
        ]
      },
      "id": "way/1124089271"
    },
    {
      "type": "Feature",
      "properties": {
        "@id": "way/1124089272",
        "highway": "primary",
        "name": "Chittaranjan Avenue",
        "name:etymology:wikidata": "Q560182",
        "name:hi": "चित्तरंजन ऐवन्यू",
        "oneway": "yes"
      },
      "geometry": {
        "type": "LineString",
        "coordinates": [
          [
            88.3542797,
            22.5671231
          ],
          [
            88.3544798,
            22.5672193
          ],
          [
            88.3552285,
            22.5675915
          ]
        ]
      },
      "id": "way/1124089272"
    },
    {
      "type": "Feature",
      "properties": {
        "@id": "way/1124089273",
        "highway": "primary",
        "oneway": "yes"
      },
      "geometry": {
        "type": "LineString",
        "coordinates": [
          [
            88.3552285,
            22.5675915
          ],
          [
            88.3559811,
            22.5679564
          ]
        ]
      },
      "id": "way/1124089273"
    },
    {
      "type": "Feature",
      "properties": {
        "@id": "way/1124089274",
        "highway": "primary",
        "oneway": "yes"
      },
      "geometry": {
        "type": "LineString",
        "coordinates": [
          [
            88.3559811,
            22.5679564
          ],
          [
            88.3569146,
            22.5683855
          ]
        ]
      },
      "id": "way/1124089274"
    },
    {
      "type": "Feature",
      "properties": {
        "@id": "way/1124089275",
        "highway": "primary",
        "oneway": "yes"
      },
      "geometry": {
        "type": "LineString",
        "coordinates": [
          [
            88.3569146,
            22.5683855
          ],
          [
            88.3571655,
            22.5685057
          ],
          [
            88.357225,
            22.5685374
          ],
          [
            88.3572963,
            22.5685754
          ],
          [
            88.3574002,
            22.5687212
          ],
          [
            88.3574547,
            22.5688933
          ],
          [
            88.3579701,
            22.5704824
          ]
        ]
      },
      "id": "way/1124089275"
    },
    {
      "type": "Feature",
      "properties": {
        "@id": "way/1124372112",
        "highway": "primary",
        "maxspeed": "40",
        "name": "Acharya Jagadish Chandra Bose Road",
        "name:etymology:wikidata": "Q314267",
        "oneway": "yes"
      },
      "geometry": {
        "type": "LineString",
        "coordinates": [
          [
            88.3589552,
            22.5410873
          ],
          [
            88.3589861,
            22.5411257
          ],
          [
            88.3590677,
            22.5412012
          ],
          [
            88.359154,
            22.5412865
          ],
          [
            88.3593265,
            22.5414687
          ],
          [
            88.3593648,
            22.5415231
          ],
          [
            88.3594005,
            22.5415739
          ],
          [
            88.359536,
            22.5418671
          ],
          [
            88.3595792,
            22.5419794
          ],
          [
            88.3595881,
            22.5420026
          ],
          [
            88.359687,
            22.5422598
          ],
          [
            88.3597379,
            22.5423885
          ]
        ]
      },
      "id": "way/1124372112"
    },
    {
      "type": "Feature",
      "properties": {
        "@id": "way/1124374140",
        "highway": "primary",
        "maxspeed": "40",
        "name": "Acharya Jagadish Chandra Bose Road",
        "name:etymology:wikidata": "Q314267",
        "oneway": "yes"
      },
      "geometry": {
        "type": "LineString",
        "coordinates": [
          [
            88.3739619,
            22.5804974
          ],
          [
            88.3740025,
            22.5806923
          ],
          [
            88.3740737,
            22.581182
          ]
        ]
      },
      "id": "way/1124374140"
    },
    {
      "type": "Feature",
      "properties": {
        "@id": "way/1124379125",
        "highway": "primary",
        "oneway": "yes"
      },
      "geometry": {
        "type": "LineString",
        "coordinates": [
          [
            88.3519213,
            22.5658698
          ],
          [
            88.35185,
            22.5657668
          ],
          [
            88.3516965,
            22.5653985
          ]
        ]
      },
      "id": "way/1124379125"
    },
    {
      "type": "Feature",
      "properties": {
        "@id": "way/1124379126",
        "highway": "primary",
        "lanes": "2",
        "maxspeed": "60",
        "oneway": "yes",
        "surface": "asphalt"
      },
      "geometry": {
        "type": "LineString",
        "coordinates": [
          [
            88.3586019,
            22.5723665
          ],
          [
            88.3586428,
            22.5724768
          ]
        ]
      },
      "id": "way/1124379126"
    },
    {
      "type": "Feature",
      "properties": {
        "@id": "way/1124379127",
        "highway": "primary",
        "lanes": "2",
        "maxspeed": "60",
        "oneway": "yes",
        "surface": "asphalt"
      },
      "geometry": {
        "type": "LineString",
        "coordinates": [
          [
            88.3586428,
            22.5724768
          ],
          [
            88.3588671,
            22.5730819
          ],
          [
            88.359117,
            22.5738288
          ],
          [
            88.3591917,
            22.5740732
          ],
          [
            88.3592829,
            22.5743637
          ],
          [
            88.3594159,
            22.574771
          ]
        ]
      },
      "id": "way/1124379127"
    },
    {
      "type": "Feature",
      "properties": {
        "@id": "way/1124379128",
        "highway": "primary",
        "lanes": "2",
        "maxspeed": "60",
        "name": "Chittaranjan Avenue",
        "name:etymology:wikidata": "Q560182",
        "oneway": "yes",
        "surface": "asphalt"
      },
      "geometry": {
        "type": "LineString",
        "coordinates": [
          [
            88.3607462,
            22.5786281
          ],
          [
            88.3607214,
            22.5785496
          ],
          [
            88.36059,
            22.578097
          ]
        ]
      },
      "id": "way/1124379128"
    },
    {
      "type": "Feature",
      "properties": {
        "@id": "way/1124379135",
        "highway": "primary",
        "lanes": "2",
        "maxspeed": "60",
        "oneway": "yes",
        "surface": "asphalt"
      },
      "geometry": {
        "type": "LineString",
        "coordinates": [
          [
            88.3606826,
            22.5787343
          ],
          [
            88.360702,
            22.5787893
          ]
        ]
      },
      "id": "way/1124379135"
    },
    {
      "type": "Feature",
      "properties": {
        "@id": "way/1124379136",
        "bridge": "yes",
        "highway": "primary",
        "lanes": "2",
        "layer": "1",
        "maxspeed": "60",
        "oneway": "yes",
        "surface": "asphalt"
      },
      "geometry": {
        "type": "LineString",
        "coordinates": [
          [
            88.360702,
            22.5787893
          ],
          [
            88.3607212,
            22.5788496
          ]
        ]
      },
      "id": "way/1124379136"
    },
    {
      "type": "Feature",
      "properties": {
        "@id": "way/1124385971",
        "highway": "primary",
        "lanes": "2",
        "maxspeed": "60",
        "name": "Mahatma Gandhi Road",
        "name:en": "Mahatma Gandhi Road",
        "name:etymology:wikidata": "Q1001",
        "oneway": "yes",
        "surface": "asphalt"
      },
      "geometry": {
        "type": "LineString",
        "coordinates": [
          [
            88.3641171,
            22.5770942
          ],
          [
            88.3641391,
            22.5770797
          ],
          [
            88.3643625,
            22.5769333
          ],
          [
            88.3646309,
            22.5767666
          ],
          [
            88.3649603,
            22.5765388
          ],
          [
            88.3650365,
            22.5764626
          ],
          [
            88.3651544,
            22.5763446
          ],
          [
            88.3656736,
            22.5757892
          ],
          [
            88.3658515,
            22.5755994
          ],
          [
            88.365888,
            22.5755518
          ],
          [
            88.3662344,
            22.5750438
          ],
          [
            88.3662526,
            22.5750171
          ],
          [
            88.3665708,
            22.5745505
          ],
          [
            88.3668237,
            22.574163
          ],
          [
            88.3668975,
            22.574043
          ],
          [
            88.367258,
            22.5734913
          ]
        ]
      },
      "id": "way/1124385971"
    },
    {
      "type": "Feature",
      "properties": {
        "@id": "way/1124385974",
        "highway": "primary",
        "lanes": "2",
        "maxspeed": "60",
        "oneway": "yes",
        "surface": "asphalt"
      },
      "geometry": {
        "type": "LineString",
        "coordinates": [
          [
            88.3606826,
            22.5787343
          ],
          [
            88.3607712,
            22.578714
          ]
        ]
      },
      "id": "way/1124385974"
    },
    {
      "type": "Feature",
      "properties": {
        "@id": "way/1124385975",
        "highway": "primary",
        "lanes": "2",
        "maxspeed": "60",
        "name": "Mahatma Gandhi Road",
        "name:etymology:wikidata": "Q1001",
        "name:hi": "महात्मा गांधी रोड",
        "oneway": "yes",
        "surface": "asphalt"
      },
      "geometry": {
        "type": "LineString",
        "coordinates": [
          [
            88.3607712,
            22.578714
          ],
          [
            88.360855,
            22.5786875
          ],
          [
            88.3608872,
            22.5786784
          ],
          [
            88.3609205,
            22.578669
          ],
          [
            88.3619247,
            22.5783851
          ],
          [
            88.3622821,
            22.5782414
          ],
          [
            88.3627032,
            22.5779768
          ],
          [
            88.3632648,
            22.5775992
          ],
          [
            88.3636155,
            22.5773731
          ],
          [
            88.3639452,
            22.5771898
          ],
          [
            88.3641171,
            22.5770942
          ]
        ]
      },
      "id": "way/1124385975"
    },
    {
      "type": "Feature",
      "properties": {
        "@id": "way/1124391474",
        "highway": "primary",
        "maxspeed": "40",
        "name": "Vivekananda Road",
        "name:etymology:wikidata": "Q47478",
        "name:zh": "辩喜路"
      },
      "geometry": {
        "type": "LineString",
        "coordinates": [
          [
            88.37235,
            22.5853807
          ],
          [
            88.3726302,
            22.5854168
          ],
          [
            88.3727068,
            22.585421
          ],
          [
            88.3728099,
            22.5854266
          ],
          [
            88.3732565,
            22.5854685
          ],
          [
            88.3733524,
            22.5854758
          ],
          [
            88.3735397,
            22.5854729
          ]
        ]
      },
      "id": "way/1124391474"
    },
    {
      "type": "Feature",
      "properties": {
        "@id": "way/1124391475",
        "highway": "primary",
        "lane_markings": "no",
        "maxspeed": "40",
        "name": "Vivekananda Road",
        "oneway": "yes",
        "surface": "asphalt"
      },
      "geometry": {
        "type": "LineString",
        "coordinates": [
          [
            88.37235,
            22.5853807
          ],
          [
            88.3721567,
            22.5852828
          ],
          [
            88.3717034,
            22.5852649
          ],
          [
            88.3716649,
            22.5852657
          ],
          [
            88.3711887,
            22.5852753
          ],
          [
            88.3709837,
            22.5852826
          ],
          [
            88.3706836,
            22.5852934
          ],
          [
            88.3705069,
            22.585303
          ],
          [
            88.3702017,
            22.5853251
          ],
          [
            88.3697321,
            22.5853626
          ],
          [
            88.3696157,
            22.5853723
          ],
          [
            88.3695513,
            22.5853776
          ],
          [
            88.3689632,
            22.5854561
          ],
          [
            88.3685306,
            22.5855035
          ],
          [
            88.3680857,
            22.5855449
          ],
          [
            88.3676504,
            22.585625
          ],
          [
            88.3675637,
            22.5856365
          ],
          [
            88.3675028,
            22.5856446
          ]
        ]
      },
      "id": "way/1124391475"
    },
    {
      "type": "Feature",
      "properties": {
        "@id": "way/1124391476",
        "highway": "primary",
        "lane_markings": "no",
        "maxspeed": "40",
        "name": "Vivekananda Road",
        "name:etymology:wikidata": "Q47478",
        "name:zh": "辩喜路",
        "oneway": "yes",
        "surface": "asphalt"
      },
      "geometry": {
        "type": "LineString",
        "coordinates": [
          [
            88.371725,
            22.5854294
          ],
          [
            88.3721239,
            22.5854287
          ],
          [
            88.3721754,
            22.5854178
          ],
          [
            88.37235,
            22.5853807
          ]
        ]
      },
      "id": "way/1124391476"
    },
    {
      "type": "Feature",
      "properties": {
        "@id": "way/1124391489",
        "highway": "primary",
        "maxspeed": "40",
        "name": "Acharya Prafulla Chandra Bose Road",
        "name:etymology:wikidata": "Q3351086",
        "oneway": "yes",
        "ref": "SH1",
        "source": "Yahoo hires"
      },
      "geometry": {
        "type": "LineString",
        "coordinates": [
          [
            88.3747661,
            22.5850807
          ],
          [
            88.3747352,
            22.5848336
          ],
          [
            88.3746769,
            22.5844486
          ],
          [
            88.3746226,
            22.5840309
          ],
          [
            88.3746019,
            22.5838919
          ],
          [
            88.3745886,
            22.5838026
          ],
          [
            88.3745371,
            22.5833601
          ],
          [
            88.3744748,
            22.5828988
          ],
          [
            88.374404,
            22.5823831
          ],
          [
            88.3743726,
            22.5822031
          ],
          [
            88.374287,
            22.581713
          ],
          [
            88.3742078,
            22.5811579
          ],
          [
            88.3741361,
            22.5806673
          ],
          [
            88.3741322,
            22.5806396
          ]
        ]
      },
      "id": "way/1124391489"
    },
    {
      "type": "Feature",
      "properties": {
        "@id": "way/1124391490",
        "bridge": "yes",
        "highway": "primary",
        "layer": "1",
        "maxspeed": "40",
        "name": "Acharya Prafulla Chandra Bose Road",
        "name:etymology:wikidata": "Q3351086",
        "oneway": "yes",
        "ref": "SH1",
        "source": "Yahoo hires"
      },
      "geometry": {
        "type": "LineString",
        "coordinates": [
          [
            88.3747739,
            22.5851431
          ],
          [
            88.3747661,
            22.5850807
          ]
        ]
      },
      "id": "way/1124391490"
    },
    {
      "type": "Feature",
      "properties": {
        "@id": "way/1124391493",
        "highway": "primary",
        "maxspeed": "40",
        "name": "Vivekananda Road",
        "name:etymology:wikidata": "Q47478",
        "name:zh": "辩喜路",
        "oneway": "yes"
      },
      "geometry": {
        "type": "LineString",
        "coordinates": [
          [
            88.3735397,
            22.5854729
          ],
          [
            88.3737434,
            22.5854856
          ],
          [
            88.3738792,
            22.5854721
          ],
          [
            88.3746864,
            22.5853596
          ]
        ]
      },
      "id": "way/1124391493"
    },
    {
      "type": "Feature",
      "properties": {
        "@id": "way/1124391494",
        "bridge": "yes",
        "highway": "primary",
        "layer": "1",
        "maxspeed": "40",
        "name": "Vivekananda Road",
        "name:etymology:wikidata": "Q47478",
        "name:zh": "辩喜路",
        "oneway": "yes"
      },
      "geometry": {
        "type": "LineString",
        "coordinates": [
          [
            88.3748757,
            22.5853109
          ],
          [
            88.374942,
            22.5852897
          ]
        ]
      },
      "id": "way/1124391494"
    },
    {
      "type": "Feature",
      "properties": {
        "@id": "way/1124391495",
        "highway": "primary",
        "maxspeed": "40",
        "name": "Acharya Prafulla Chandra Bose Road",
        "name:etymology:wikidata": "Q3351086",
        "oneway": "yes",
        "ref": "SH1"
      },
      "geometry": {
        "type": "LineString",
        "coordinates": [
          [
            88.3740737,
            22.581182
          ],
          [
            88.374191,
            22.5817272
          ],
          [
            88.3743265,
            22.5825894
          ],
          [
            88.3743395,
            22.5826768
          ],
          [
            88.3744357,
            22.5833222
          ],
          [
            88.374466,
            22.5835256
          ],
          [
            88.3744972,
            22.5838217
          ],
          [
            88.3745084,
            22.5839077
          ],
          [
            88.3745213,
            22.5840513
          ],
          [
            88.374634,
            22.5849056
          ]
        ]
      },
      "id": "way/1124391495"
    },
    {
      "type": "Feature",
      "properties": {
        "@id": "way/1124391496",
        "bridge": "yes",
        "highway": "primary",
        "layer": "1",
        "maxspeed": "40",
        "name": "Acharya Prafulla Chandra Bose Road",
        "name:etymology:wikidata": "Q3351086",
        "oneway": "yes",
        "ref": "SH1"
      },
      "geometry": {
        "type": "LineString",
        "coordinates": [
          [
            88.3746599,
            22.5850985
          ],
          [
            88.3746683,
            22.585161
          ]
        ]
      },
      "id": "way/1124391496"
    },
    {
      "type": "Feature",
      "properties": {
        "@id": "way/1124394722",
        "highway": "primary",
        "oneway": "yes"
      },
      "geometry": {
        "type": "LineString",
        "coordinates": [
          [
            88.3629442,
            22.5875324
          ],
          [
            88.3630227,
            22.5878527
          ]
        ]
      },
      "id": "way/1124394722"
    },
    {
      "type": "Feature",
      "properties": {
        "@id": "way/1124399887",
        "highway": "primary",
        "name": "Diamond Harbour Road",
        "oneway": "yes"
      },
      "geometry": {
        "type": "LineString",
        "coordinates": [
          [
            88.3271482,
            22.5334321
          ],
          [
            88.3272677,
            22.5342523
          ],
          [
            88.3273271,
            22.5347706
          ],
          [
            88.3273558,
            22.5350206
          ],
          [
            88.327395,
            22.5358076
          ],
          [
            88.327397,
            22.5358382
          ],
          [
            88.3274231,
            22.5362297
          ],
          [
            88.3274351,
            22.5369688
          ],
          [
            88.3274125,
            22.5375058
          ],
          [
            88.3273869,
            22.5381127
          ],
          [
            88.3273481,
            22.5389533
          ],
          [
            88.3273258,
            22.5392843
          ],
          [
            88.3272537,
            22.5396121
          ],
          [
            88.3269212,
            22.5400164
          ],
          [
            88.3265237,
            22.5405133
          ],
          [
            88.3260198,
            22.541194
          ],
          [
            88.3259723,
            22.5412347
          ],
          [
            88.3259214,
            22.5412545
          ]
        ]
      },
      "id": "way/1124399887"
    },
    {
      "type": "Feature",
      "properties": {
        "@id": "way/1126439333",
        "highway": "primary",
        "name": "Eastern Metropolitan Bypass",
        "oneway": "yes"
      },
      "geometry": {
        "type": "LineString",
        "coordinates": [
          [
            88.4007084,
            22.5042961
          ],
          [
            88.4007291,
            22.504399
          ]
        ]
      },
      "id": "way/1126439333"
    },
    {
      "type": "Feature",
      "properties": {
        "@id": "way/1126439335",
        "highway": "primary",
        "maxspeed": "60",
        "name": "Eastern Metropolitan Bypass",
        "oneway": "yes"
      },
      "geometry": {
        "type": "LineString",
        "coordinates": [
          [
            88.3920011,
            22.4837032
          ],
          [
            88.3920488,
            22.4837823
          ],
          [
            88.3922802,
            22.4841663
          ],
          [
            88.392295,
            22.4841941
          ],
          [
            88.3929731,
            22.4854657
          ],
          [
            88.3952411,
            22.4897177
          ]
        ]
      },
      "id": "way/1126439335"
    },
    {
      "type": "Feature",
      "properties": {
        "@id": "way/1126439336",
        "highway": "primary",
        "maxspeed": "60",
        "name": "Eastern Metropolitan Bypass",
        "oneway": "yes"
      },
      "geometry": {
        "type": "LineString",
        "coordinates": [
          [
            88.396817,
            22.4922565
          ],
          [
            88.3967438,
            22.4921258
          ]
        ]
      },
      "id": "way/1126439336"
    },
    {
      "type": "Feature",
      "properties": {
        "@id": "way/1126439337",
        "highway": "primary",
        "maxspeed": "60",
        "name": "Eastern Metropolitan Bypass Flyover",
        "oneway": "yes"
      },
      "geometry": {
        "type": "LineString",
        "coordinates": [
          [
            88.3953853,
            22.4896824
          ],
          [
            88.3951861,
            22.4892958
          ],
          [
            88.3947174,
            22.4883535
          ],
          [
            88.394545,
            22.4880765
          ],
          [
            88.3935338,
            22.4861535
          ],
          [
            88.3931234,
            22.4853925
          ],
          [
            88.3927372,
            22.4846765
          ],
          [
            88.392277,
            22.4838163
          ],
          [
            88.3922236,
            22.483712
          ]
        ]
      },
      "id": "way/1126439337"
    },
    {
      "type": "Feature",
      "properties": {
        "@id": "way/1126458347",
        "highway": "primary",
        "name": "Diamond Harbour Road",
        "oneway": "yes"
      },
      "geometry": {
        "type": "LineString",
        "coordinates": [
          [
            88.3258214,
            22.5271286
          ],
          [
            88.3258306,
            22.527181
          ],
          [
            88.3259965,
            22.5278143
          ],
          [
            88.3260755,
            22.5281552
          ],
          [
            88.3262258,
            22.5287978
          ],
          [
            88.3264534,
            22.5298536
          ],
          [
            88.3266664,
            22.5308202
          ],
          [
            88.3267437,
            22.5312081
          ],
          [
            88.3267543,
            22.5312614
          ],
          [
            88.3267979,
            22.5314798
          ],
          [
            88.326811,
            22.5315454
          ],
          [
            88.3268782,
            22.5318851
          ],
          [
            88.3268905,
            22.5319529
          ],
          [
            88.3269055,
            22.5320354
          ],
          [
            88.3270318,
            22.5327308
          ],
          [
            88.3271482,
            22.5334321
          ]
        ]
      },
      "id": "way/1126458347"
    },
    {
      "type": "Feature",
      "properties": {
        "@id": "way/1126458351",
        "highway": "primary",
        "lanes": "4",
        "maxspeed": "40",
        "name": "Shyama Prasad Mukherjee Road",
        "name:etymology:wikidata": "Q3344992",
        "oneway": "yes",
        "width": "12"
      },
      "geometry": {
        "type": "LineString",
        "coordinates": [
          [
            88.3464271,
            22.5236524
          ],
          [
            88.3464233,
            22.5237958
          ]
        ]
      },
      "id": "way/1126458351"
    },
    {
      "type": "Feature",
      "properties": {
        "@id": "way/1126458352",
        "highway": "primary",
        "lanes": "4",
        "maxspeed": "40",
        "name": "Shyama Prasad Mukherjee Road",
        "name:etymology:wikidata": "Q3344992",
        "oneway": "yes",
        "width": "12"
      },
      "geometry": {
        "type": "LineString",
        "coordinates": [
          [
            88.3454208,
            22.508565
          ],
          [
            88.3454669,
            22.5091556
          ],
          [
            88.3455142,
            22.509601
          ],
          [
            88.3455831,
            22.5101817
          ],
          [
            88.3456064,
            22.5103119
          ],
          [
            88.3456494,
            22.5106917
          ],
          [
            88.345688,
            22.5110105
          ],
          [
            88.3456987,
            22.5111025
          ],
          [
            88.3457293,
            22.5115657
          ],
          [
            88.3457636,
            22.5118639
          ],
          [
            88.3458039,
            22.5127478
          ],
          [
            88.3458156,
            22.5134253
          ],
          [
            88.3458173,
            22.5135229
          ],
          [
            88.3458217,
            22.5137049
          ],
          [
            88.3458323,
            22.5141367
          ],
          [
            88.3458363,
            22.5145083
          ],
          [
            88.3458405,
            22.5146025
          ],
          [
            88.3458835,
            22.5151069
          ]
        ]
      },
      "id": "way/1126458352"
    },
    {
      "type": "Feature",
      "properties": {
        "@id": "way/1126458353",
        "highway": "primary",
        "lanes": "3",
        "maxspeed": "40",
        "name": "Rash Behari Avenue Connector",
        "name:etymology:wikidata": "Q7294817",
        "oneway": "yes"
      },
      "geometry": {
        "type": "LineString",
        "coordinates": [
          [
            88.376043,
            22.5195465
          ],
          [
            88.3758738,
            22.5196056
          ],
          [
            88.375679,
            22.5196819
          ]
        ]
      },
      "id": "way/1126458353"
    },
    {
      "type": "Feature",
      "properties": {
        "@id": "way/1126461105",
        "highway": "primary",
        "maxspeed": "40",
        "name": "Raja Subodh Chandra Mullick Road",
        "name:etymology:wikidata": "Q21176797",
        "oneway": "yes",
        "ref": "SH1"
      },
      "geometry": {
        "type": "LineString",
        "coordinates": [
          [
            88.3723216,
            22.4914035
          ],
          [
            88.3723189,
            22.4914592
          ],
          [
            88.3723129,
            22.49152
          ]
        ]
      },
      "id": "way/1126461105"
    },
    {
      "type": "Feature",
      "properties": {
        "@id": "way/1126461106",
        "highway": "primary",
        "maxspeed": "60",
        "name": "Eastern Metropolitan Bypass",
        "oneway": "yes"
      },
      "geometry": {
        "type": "LineString",
        "coordinates": [
          [
            88.3967438,
            22.4921258
          ],
          [
            88.3961569,
            22.4910628
          ],
          [
            88.3954685,
            22.4898093
          ],
          [
            88.3953853,
            22.4896824
          ]
        ]
      },
      "id": "way/1126461106"
    },
    {
      "type": "Feature",
      "properties": {
        "@id": "way/1126468798",
        "highway": "primary",
        "lanes": "4",
        "maxspeed": "40",
        "name": "Deshapran Sashmal Road",
        "name:etymology:wikidata": "Q4916200",
        "oneway": "yes",
        "width": "12"
      },
      "geometry": {
        "type": "LineString",
        "coordinates": [
          [
            88.3452264,
            22.5032909
          ],
          [
            88.3451694,
            22.5032494
          ],
          [
            88.3451453,
            22.5027812
          ],
          [
            88.3451238,
            22.5024053
          ],
          [
            88.3451073,
            22.5019431
          ],
          [
            88.3451019,
            22.5016197
          ],
          [
            88.3451743,
            22.5014354
          ]
        ]
      },
      "id": "way/1126468798"
    },
    {
      "type": "Feature",
      "properties": {
        "@id": "way/1126468800",
        "highway": "primary",
        "junction": "roundabout",
        "maxspeed": "40",
        "name": "Gol Park",
        "ref": "SH1",
        "surface": "asphalt"
      },
      "geometry": {
        "type": "LineString",
        "coordinates": [
          [
            88.366485,
            22.5161414
          ],
          [
            88.3664004,
            22.5160518
          ],
          [
            88.3662815,
            22.5160063
          ]
        ]
      },
      "id": "way/1126468800"
    },
    {
      "type": "Feature",
      "properties": {
        "@id": "way/1126468801",
        "highway": "primary",
        "maxspeed": "60",
        "name": "Eastern Metropolitan Bypass",
        "oneway": "yes"
      },
      "geometry": {
        "type": "LineString",
        "coordinates": [
          [
            88.3952411,
            22.4897177
          ],
          [
            88.3964521,
            22.4919887
          ],
          [
            88.3965753,
            22.4922092
          ]
        ]
      },
      "id": "way/1126468801"
    },
    {
      "type": "Feature",
      "properties": {
        "@id": "way/1126468803",
        "highway": "primary",
        "maxspeed": "60",
        "name": "Eastern Metropolitan Bypass",
        "oneway": "yes"
      },
      "geometry": {
        "type": "LineString",
        "coordinates": [
          [
            88.391588,
            22.4830145
          ],
          [
            88.3920011,
            22.4837032
          ]
        ]
      },
      "id": "way/1126468803"
    },
    {
      "type": "Feature",
      "properties": {
        "@id": "way/1126475652",
        "highway": "primary",
        "junction": "roundabout"
      },
      "geometry": {
        "type": "LineString",
        "coordinates": [
          [
            88.3909074,
            22.6074558
          ],
          [
            88.390928,
            22.6074388
          ],
          [
            88.3909375,
            22.6074147
          ],
          [
            88.3909336,
            22.6073894
          ]
        ]
      },
      "id": "way/1126475652"
    },
    {
      "type": "Feature",
      "properties": {
        "@id": "way/1126475655",
        "highway": "primary",
        "oneway": "yes",
        "source": "Yahoo hires"
      },
      "geometry": {
        "type": "LineString",
        "coordinates": [
          [
            88.3835225,
            22.6051354
          ],
          [
            88.3838658,
            22.6052382
          ],
          [
            88.3840361,
            22.6052964
          ]
        ]
      },
      "id": "way/1126475655"
    },
    {
      "type": "Feature",
      "properties": {
        "@id": "way/1126475656",
        "highway": "primary",
        "junction": "roundabout",
        "name": "State Highway 1",
        "ref": "SH1"
      },
      "geometry": {
        "type": "LineString",
        "coordinates": [
          [
            88.3735334,
            22.601853
          ],
          [
            88.3735375,
            22.60189
          ],
          [
            88.3735598,
            22.601921
          ],
          [
            88.3735952,
            22.6019388
          ]
        ]
      },
      "id": "way/1126475656"
    },
    {
      "type": "Feature",
      "properties": {
        "@id": "way/1126475657",
        "highway": "primary",
        "maxspeed": "40",
        "name": "Bupendra Bose Avenue",
        "name:etymology:wikidata": "Q4902176",
        "oneway": "yes"
      },
      "geometry": {
        "type": "LineString",
        "coordinates": [
          [
            88.3664979,
            22.5997641
          ],
          [
            88.3663412,
            22.599719
          ]
        ]
      },
      "id": "way/1126475657"
    },
    {
      "type": "Feature",
      "properties": {
        "@id": "way/1126475658",
        "highway": "primary",
        "oneway": "yes"
      },
      "geometry": {
        "type": "LineString",
        "coordinates": [
          [
            88.3663755,
            22.5998158
          ],
          [
            88.3664918,
            22.6001447
          ]
        ]
      },
      "id": "way/1126475658"
    },
    {
      "type": "Feature",
      "properties": {
        "@id": "way/1126475659",
        "highway": "primary",
        "maxspeed": "40",
        "name": "Bupendra Bose Avenue",
        "name:etymology:wikidata": "Q4902176",
        "oneway": "yes"
      },
      "geometry": {
        "type": "LineString",
        "coordinates": [
          [
            88.3663755,
            22.5998158
          ],
          [
            88.3665316,
            22.5998499
          ]
        ]
      },
      "id": "way/1126475659"
    },
    {
      "type": "Feature",
      "properties": {
        "@id": "way/1126475660",
        "highway": "primary",
        "name": "Jawaharlal Nehru Road",
        "name:etymology:wikidata": "Q1047",
        "oneway": "yes"
      },
      "geometry": {
        "type": "LineString",
        "coordinates": [
          [
            88.3515352,
            22.5653269
          ],
          [
            88.35158,
            22.5654432
          ]
        ]
      },
      "id": "way/1126475660"
    },
    {
      "type": "Feature",
      "properties": {
        "@id": "way/1126475663",
        "alt_name": "Jawaharlal Nehru Road",
        "alt_name:etymology:wikidata": "Q1047",
        "highway": "primary",
        "maxspeed": "40",
        "name": "Park Street Flyover",
        "oneway": "yes"
      },
      "geometry": {
        "type": "LineString",
        "coordinates": [
          [
            88.3491871,
            22.5517278
          ],
          [
            88.3492371,
            22.5519311
          ]
        ]
      },
      "id": "way/1126475663"
    },
    {
      "type": "Feature",
      "properties": {
        "@id": "way/1126475664",
        "highway": "primary",
        "lanes": "4",
        "maxspeed": "40",
        "name": "Shyama Prasad Mukherjee Road",
        "name:etymology:wikidata": "Q3344992",
        "oneway": "yes",
        "width": "12"
      },
      "geometry": {
        "type": "LineString",
        "coordinates": [
          [
            88.3464233,
            22.5237958
          ],
          [
            88.3464317,
            22.5239821
          ]
        ]
      },
      "id": "way/1126475664"
    },
    {
      "type": "Feature",
      "properties": {
        "@id": "way/1126475665",
        "highway": "primary",
        "lanes": "4",
        "maxspeed": "40",
        "name": "Shyama Prasad Mukherjee Road",
        "name:etymology:wikidata": "Q3344992",
        "oneway": "yes",
        "width": "12"
      },
      "geometry": {
        "type": "LineString",
        "coordinates": [
          [
            88.3456901,
            22.5169333
          ],
          [
            88.3456975,
            22.5169884
          ],
          [
            88.3457099,
            22.5170587
          ]
        ]
      },
      "id": "way/1126475665"
    },
    {
      "type": "Feature",
      "properties": {
        "@id": "way/1126480697",
        "highway": "primary",
        "junction": "roundabout"
      },
      "geometry": {
        "type": "LineString",
        "coordinates": [
          [
            88.3908803,
            22.607462
          ],
          [
            88.3909074,
            22.6074558
          ]
        ]
      },
      "id": "way/1126480697"
    },
    {
      "type": "Feature",
      "properties": {
        "@id": "way/1126480698",
        "highway": "primary",
        "junction": "roundabout"
      },
      "geometry": {
        "type": "LineString",
        "coordinates": [
          [
            88.3908331,
            22.6074384
          ],
          [
            88.3908535,
            22.6074556
          ],
          [
            88.3908803,
            22.607462
          ]
        ]
      },
      "id": "way/1126480698"
    },
    {
      "type": "Feature",
      "properties": {
        "@id": "way/1126480699",
        "highway": "primary",
        "junction": "roundabout",
        "name": "State Highway 1",
        "ref": "SH1"
      },
      "geometry": {
        "type": "LineString",
        "coordinates": [
          [
            88.3735792,
            22.6017945
          ],
          [
            88.3735485,
            22.6018185
          ],
          [
            88.3735334,
            22.601853
          ]
        ]
      },
      "id": "way/1126480699"
    },
    {
      "type": "Feature",
      "properties": {
        "@id": "way/1126480700",
        "highway": "primary",
        "maxspeed": "40",
        "name": "Acharya Prafulla Chandra Bose Road",
        "name:etymology:wikidata": "Q3351086",
        "oneway": "yes",
        "ref": "SH1"
      },
      "geometry": {
        "type": "LineString",
        "coordinates": [
          [
            88.3746827,
            22.5852685
          ],
          [
            88.3746864,
            22.5853596
          ]
        ]
      },
      "id": "way/1126480700"
    },
    {
      "type": "Feature",
      "properties": {
        "@id": "way/1126480701",
        "highway": "primary",
        "maxspeed": "40",
        "name": "Acharya Prafulla Chandra Bose Road",
        "name:etymology:wikidata": "Q3351086",
        "oneway": "yes",
        "ref": "SH1"
      },
      "geometry": {
        "type": "LineString",
        "coordinates": [
          [
            88.3746683,
            22.585161
          ],
          [
            88.3746827,
            22.5852685
          ]
        ]
      },
      "id": "way/1126480701"
    },
    {
      "type": "Feature",
      "properties": {
        "@id": "way/1126480702",
        "highway": "primary",
        "lane_markings": "no",
        "maxspeed": "40",
        "name": "Acharya Jagadish Chandra Bose Road",
        "name:etymology:wikidata": "Q314267",
        "oneway": "yes",
        "surface": "asphalt"
      },
      "geometry": {
        "type": "LineString",
        "coordinates": [
          [
            88.3672807,
            22.562109
          ],
          [
            88.3675359,
            22.5627542
          ],
          [
            88.3678193,
            22.5635294
          ],
          [
            88.3679635,
            22.5638715
          ],
          [
            88.3680028,
            22.5639646
          ],
          [
            88.3681331,
            22.5642853
          ],
          [
            88.3682513,
            22.5645881
          ],
          [
            88.3683193,
            22.5647623
          ],
          [
            88.3683728,
            22.5649105
          ],
          [
            88.3684391,
            22.5650939
          ]
        ]
      },
      "id": "way/1126480702"
    },
    {
      "type": "Feature",
      "properties": {
        "@id": "way/1126480703",
        "highway": "primary",
        "maxspeed": "40",
        "name": "Ruby Crossing",
        "oneway": "yes"
      },
      "geometry": {
        "type": "LineString",
        "coordinates": [
          [
            88.4019093,
            22.5133126
          ],
          [
            88.4018454,
            22.5132683
          ],
          [
            88.4017985,
            22.5132534
          ],
          [
            88.4017491,
            22.5132496
          ],
          [
            88.4017002,
            22.5132574
          ],
          [
            88.401655,
            22.5132761
          ]
        ]
      },
      "id": "way/1126480703"
    },
    {
      "type": "Feature",
      "properties": {
        "@id": "way/1126518488",
        "highway": "primary",
        "junction": "roundabout",
        "name": "State Highway 1",
        "ref": "SH1"
      },
      "geometry": {
        "type": "LineString",
        "coordinates": [
          [
            88.3736184,
            22.6017864
          ],
          [
            88.3735929,
            22.6017895
          ]
        ]
      },
      "id": "way/1126518488"
    },
    {
      "type": "Feature",
      "properties": {
        "@id": "way/1126518491",
        "highway": "primary",
        "maxspeed": "40",
        "name": "Ashutosh Mukhejee Road",
        "name:etymology:wikidata": "Q4806139",
        "oneway": "yes"
      },
      "geometry": {
        "type": "LineString",
        "coordinates": [
          [
            88.3471892,
            22.5415639
          ],
          [
            88.3472222,
            22.5417422
          ]
        ]
      },
      "id": "way/1126518491"
    },
    {
      "type": "Feature",
      "properties": {
        "@id": "way/1126611417",
        "highway": "primary",
        "maxspeed": "40",
        "name": "Acharya Jagadish Chandra Bose Road",
        "name:etymology:wikidata": "Q314267",
        "oneway": "yes"
      },
      "geometry": {
        "type": "LineString",
        "coordinates": [
          [
            88.3734106,
            22.5766658
          ],
          [
            88.3735999,
            22.5780373
          ],
          [
            88.373626,
            22.5782058
          ],
          [
            88.3736696,
            22.5784877
          ],
          [
            88.3737424,
            22.5791022
          ],
          [
            88.3737511,
            22.5791793
          ],
          [
            88.3739112,
            22.5801143
          ],
          [
            88.3739619,
            22.5804974
          ]
        ]
      },
      "id": "way/1126611417"
    },
    {
      "type": "Feature",
      "properties": {
        "@id": "way/1126633513",
        "highway": "primary",
        "lanes": "2",
        "maxspeed": "60",
        "name": "Mahatma Gandhi Road",
        "name:etymology:wikidata": "Q1001",
        "oneway": "yes",
        "surface": "asphalt"
      },
      "geometry": {
        "type": "LineString",
        "coordinates": [
          [
            88.3677686,
            22.572485
          ],
          [
            88.3671942,
            22.5733708
          ]
        ]
      },
      "id": "way/1126633513"
    },
    {
      "type": "Feature",
      "properties": {
        "@id": "way/1126633514",
        "highway": "primary",
        "lanes": "2",
        "maxspeed": "60",
        "name": "Mahatma Gandhi Road",
        "name:etymology:wikidata": "Q1001",
        "oneway": "yes",
        "sidewalk": "both",
        "surface": "asphalt"
      },
      "geometry": {
        "type": "LineString",
        "coordinates": [
          [
            88.3688796,
            22.5707174
          ],
          [
            88.3688207,
            22.5708508
          ],
          [
            88.3687506,
            22.5709669
          ],
          [
            88.3686492,
            22.5710994
          ],
          [
            88.3685524,
            22.5712904
          ],
          [
            88.3685025,
            22.5713609
          ],
          [
            88.3683417,
            22.5715881
          ],
          [
            88.3682858,
            22.5716837
          ],
          [
            88.3682317,
            22.5717764
          ],
          [
            88.3682138,
            22.5718038
          ],
          [
            88.3679667,
            22.5721653
          ]
        ]
      },
      "id": "way/1126633514"
    },
    {
      "type": "Feature",
      "properties": {
        "@id": "way/1126633515",
        "alt_name": "Acharya Jagadish Chandra Bose Road",
        "bridge": "viaduct",
        "bridge:name": "Sealdah Flyover",
        "highway": "primary",
        "layer": "1",
        "maxspeed": "40",
        "name": "Vidyapati Flyover",
        "name:etymology:wikidata": "Q314267",
        "oneway": "yes",
        "ref": "SH1",
        "source": "Yahoo hires"
      },
      "geometry": {
        "type": "LineString",
        "coordinates": [
          [
            88.3707607,
            22.5698266
          ],
          [
            88.3705253,
            22.5693476
          ],
          [
            88.3701989,
            22.5686726
          ]
        ]
      },
      "id": "way/1126633515"
    },
    {
      "type": "Feature",
      "properties": {
        "@id": "way/1126633516",
        "alt_name": "Bidhannagar Road",
        "highway": "primary",
        "maxspeed": "40",
        "name": "Shri Aurobindo Sarani",
        "name:etymology:wikidata": "Q192207",
        "oneway": "yes"
      },
      "geometry": {
        "type": "LineString",
        "coordinates": [
          [
            88.3753888,
            22.5941244
          ],
          [
            88.3753116,
            22.5941297
          ]
        ]
      },
      "id": "way/1126633516"
    },
    {
      "type": "Feature",
      "properties": {
        "@id": "way/1126633517",
        "highway": "primary",
        "lanes": "2",
        "oneway": "yes"
      },
      "geometry": {
        "type": "LineString",
        "coordinates": [
          [
            88.3934505,
            22.5913922
          ],
          [
            88.3934156,
            22.5913541
          ],
          [
            88.3933929,
            22.5913179
          ],
          [
            88.3933657,
            22.5912632
          ],
          [
            88.3933451,
            22.5911938
          ],
          [
            88.3933346,
            22.5911202
          ],
          [
            88.3933294,
            22.5910405
          ]
        ]
      },
      "id": "way/1126633517"
    },
    {
      "type": "Feature",
      "properties": {
        "@id": "way/1126639235",
        "highway": "primary",
        "lanes": "3",
        "maxspeed": "40",
        "name": "Deshapran Sashmal Road",
        "name:etymology:wikidata": "Q4916200",
        "oneway": "yes"
      },
      "geometry": {
        "type": "LineString",
        "coordinates": [
          [
            88.3449282,
            22.50135
          ],
          [
            88.3449451,
            22.5014348
          ]
        ]
      },
      "id": "way/1126639235"
    },
    {
      "type": "Feature",
      "properties": {
        "@id": "way/1126641013",
        "highway": "primary",
        "maxspeed": "40",
        "name": "Acharya Jagadish Chandra Bose Road",
        "name:etymology:wikidata": "Q314267",
        "oneway": "yes"
      },
      "geometry": {
        "type": "LineString",
        "coordinates": [
          [
            88.3712911,
            22.5711822
          ],
          [
            88.3716789,
            22.5719736
          ],
          [
            88.3719901,
            22.5726779
          ],
          [
            88.3722162,
            22.5731322
          ]
        ]
      },
      "id": "way/1126641013"
    },
    {
      "type": "Feature",
      "properties": {
        "@id": "way/1126641014",
        "highway": "primary",
        "maxspeed": "40",
        "name": "Acharya Jagadish Chandra Bose Road",
        "name:etymology:wikidata": "Q314267",
        "oneway": "yes"
      },
      "geometry": {
        "type": "LineString",
        "coordinates": [
          [
            88.3723628,
            22.5734243
          ],
          [
            88.3726453,
            22.574075
          ],
          [
            88.3727982,
            22.5743746
          ],
          [
            88.3730578,
            22.5749481
          ],
          [
            88.3732598,
            22.5756531
          ],
          [
            88.3732653,
            22.5756897
          ],
          [
            88.3732901,
            22.5758564
          ],
          [
            88.3734106,
            22.5766658
          ]
        ]
      },
      "id": "way/1126641014"
    },
    {
      "type": "Feature",
      "properties": {
        "@id": "way/1126641016",
        "highway": "primary",
        "lanes": "2",
        "maxspeed": "60",
        "oneway": "yes",
        "surface": "asphalt"
      },
      "geometry": {
        "type": "LineString",
        "coordinates": [
          [
            88.3679243,
            22.5724434
          ],
          [
            88.3683716,
            22.5717874
          ],
          [
            88.3684673,
            22.571647
          ],
          [
            88.368618,
            22.5714519
          ],
          [
            88.3688678,
            22.5710116
          ]
        ]
      },
      "id": "way/1126641016"
    },
    {
      "type": "Feature",
      "properties": {
        "@id": "way/1126659395",
        "highway": "primary",
        "maxspeed": "40",
        "name": "Raja Subodh Chandra Mullick Road",
        "name:etymology:wikidata": "Q21176797",
        "oneway": "yes",
        "ref": "SH1"
      },
      "geometry": {
        "type": "LineString",
        "coordinates": [
          [
            88.3723994,
            22.491401
          ],
          [
            88.3723766,
            22.4912139
          ]
        ]
      },
      "id": "way/1126659395"
    },
    {
      "type": "Feature",
      "properties": {
        "@id": "way/1126659396",
        "highway": "primary",
        "maxspeed": "40",
        "name": "Raja Subodh Chandra Mullick Road",
        "name:etymology:wikidata": "Q21176797",
        "oneway": "yes",
        "ref": "SH1"
      },
      "geometry": {
        "type": "LineString",
        "coordinates": [
          [
            88.3723953,
            22.4915175
          ],
          [
            88.3723994,
            22.491401
          ]
        ]
      },
      "id": "way/1126659396"
    },
    {
      "type": "Feature",
      "properties": {
        "@id": "way/1126659397",
        "highway": "primary",
        "maxspeed": "40",
        "name": "Raja Subodh Chandra Mullick Road",
        "name:etymology:wikidata": "Q21176797",
        "oneway": "yes",
        "ref": "SH1"
      },
      "geometry": {
        "type": "LineString",
        "coordinates": [
          [
            88.3723112,
            22.491827
          ],
          [
            88.3723497,
            22.4917145
          ],
          [
            88.3723779,
            22.4916166
          ],
          [
            88.3723953,
            22.4915175
          ]
        ]
      },
      "id": "way/1126659397"
    },
    {
      "type": "Feature",
      "properties": {
        "@id": "way/1126659398",
        "highway": "primary",
        "maxspeed": "40",
        "name": "Raja Subodh Chandra Mullick Road",
        "name:etymology:wikidata": "Q21176797",
        "oneway": "yes",
        "ref": "SH1"
      },
      "geometry": {
        "type": "LineString",
        "coordinates": [
          [
            88.3723766,
            22.4912139
          ],
          [
            88.3723607,
            22.4911272
          ]
        ]
      },
      "id": "way/1126659398"
    },
    {
      "type": "Feature",
      "properties": {
        "@id": "way/1126659399",
        "highway": "primary",
        "maxspeed": "40",
        "name": "Raja Subodh Chandra Mullick Road",
        "name:etymology:wikidata": "Q21176797",
        "oneway": "yes",
        "ref": "SH1"
      },
      "geometry": {
        "type": "LineString",
        "coordinates": [
          [
            88.3678052,
            22.5030927
          ],
          [
            88.367854,
            22.5029895
          ]
        ]
      },
      "id": "way/1126659399"
    },
    {
      "type": "Feature",
      "properties": {
        "@id": "way/1126659400",
        "highway": "primary",
        "junction": "roundabout",
        "maxspeed": "40",
        "name": "Gol Park",
        "ref": "SH1",
        "surface": "asphalt"
      },
      "geometry": {
        "type": "LineString",
        "coordinates": [
          [
            88.3665142,
            22.5163044
          ],
          [
            88.3665139,
            22.5162207
          ],
          [
            88.366485,
            22.5161414
          ]
        ]
      },
      "id": "way/1126659400"
    },
    {
      "type": "Feature",
      "properties": {
        "@id": "way/1126659401",
        "highway": "primary",
        "junction": "roundabout",
        "maxspeed": "40",
        "name": "Gol Park",
        "ref": "SH1",
        "surface": "asphalt"
      },
      "geometry": {
        "type": "LineString",
        "coordinates": [
          [
            88.3661857,
            22.5165194
          ],
          [
            88.3662674,
            22.516522
          ]
        ]
      },
      "id": "way/1126659401"
    },
    {
      "type": "Feature",
      "properties": {
        "@id": "way/1126659402",
        "highway": "primary",
        "junction": "roundabout",
        "maxspeed": "40",
        "name": "Gol Park",
        "ref": "SH1",
        "surface": "asphalt"
      },
      "geometry": {
        "type": "LineString",
        "coordinates": [
          [
            88.3662674,
            22.516522
          ],
          [
            88.3664022,
            22.5164734
          ],
          [
            88.3664495,
            22.5164331
          ],
          [
            88.3664857,
            22.5163838
          ],
          [
            88.3665142,
            22.5163044
          ]
        ]
      },
      "id": "way/1126659402"
    },
    {
      "type": "Feature",
      "properties": {
        "@id": "way/1126659403",
        "highway": "primary",
        "maxspeed": "40",
        "name": "Gariahat Road",
        "name:etymology:wikidata": "Q5523285",
        "oneway": "yes",
        "ref": "SH1",
        "surface": "asphalt"
      },
      "geometry": {
        "type": "LineString",
        "coordinates": [
          [
            88.3661655,
            22.5169786
          ],
          [
            88.3661994,
            22.5168311
          ],
          [
            88.3662674,
            22.516522
          ]
        ]
      },
      "id": "way/1126659403"
    },
    {
      "type": "Feature",
      "properties": {
        "@id": "way/1126659405",
        "highway": "primary",
        "lanes": "3",
        "maxspeed": "40",
        "name": "Rash Behari Avenue",
        "name:etymology:wikidata": "Q7294817",
        "oneway": "yes"
      },
      "geometry": {
        "type": "LineString",
        "coordinates": [
          [
            88.3523069,
            22.5174468
          ],
          [
            88.3524077,
            22.5174634
          ]
        ]
      },
      "id": "way/1126659405"
    },
    {
      "type": "Feature",
      "properties": {
        "@id": "way/1126659406",
        "highway": "primary",
        "lanes": "4",
        "maxspeed": "40",
        "name": "Shyama Prasad Mukherjee Road",
        "name:etymology:wikidata": "Q3344992",
        "oneway": "yes",
        "width": "12"
      },
      "geometry": {
        "type": "LineString",
        "coordinates": [
          [
            88.345921,
            22.5170645
          ],
          [
            88.3459108,
            22.5170129
          ],
          [
            88.345906,
            22.5169884
          ],
          [
            88.3458997,
            22.5169563
          ]
        ]
      },
      "id": "way/1126659406"
    },
    {
      "type": "Feature",
      "properties": {
        "@id": "way/1126659407",
        "highway": "primary",
        "lanes": "4",
        "maxspeed": "40",
        "name": "Shyama Prasad Mukherjee Road",
        "name:etymology:wikidata": "Q3344992",
        "oneway": "yes",
        "width": "12"
      },
      "geometry": {
        "type": "LineString",
        "coordinates": [
          [
            88.3465618,
            22.5239883
          ],
          [
            88.3465724,
            22.5237998
          ]
        ]
      },
      "id": "way/1126659407"
    },
    {
      "type": "Feature",
      "properties": {
        "@id": "way/1126686160",
        "highway": "primary",
        "maxspeed": "40",
        "name": "Ruby Crossing",
        "oneway": "yes"
      },
      "geometry": {
        "type": "LineString",
        "coordinates": [
          [
            88.4019545,
            22.5134126
          ],
          [
            88.4019431,
            22.5133681
          ],
          [
            88.4019093,
            22.5133126
          ]
        ]
      },
      "id": "way/1126686160"
    },
    {
      "type": "Feature",
      "properties": {
        "@id": "way/1126686161",
        "highway": "primary",
        "maxspeed": "40",
        "name": "Ruby Crossing",
        "oneway": "yes"
      },
      "geometry": {
        "type": "LineString",
        "coordinates": [
          [
            88.4015821,
            22.5135163
          ],
          [
            88.4016152,
            22.513559
          ]
        ]
      },
      "id": "way/1126686161"
    },
    {
      "type": "Feature",
      "properties": {
        "@id": "way/1126686162",
        "highway": "primary",
        "maxspeed": "40",
        "name": "Ruby Crossing",
        "oneway": "yes"
      },
      "geometry": {
        "type": "LineString",
        "coordinates": [
          [
            88.4016033,
            22.513318
          ],
          [
            88.4015745,
            22.5133633
          ],
          [
            88.4015609,
            22.5134143
          ],
          [
            88.4015635,
            22.5134667
          ],
          [
            88.4015821,
            22.5135163
          ]
        ]
      },
      "id": "way/1126686162"
    },
    {
      "type": "Feature",
      "properties": {
        "@id": "way/1126692085",
        "highway": "primary",
        "lanes": "4",
        "maxspeed": "40",
        "name": "Deshapran Sashmal Road",
        "name:etymology:wikidata": "Q4916200",
        "oneway": "yes",
        "width": "12"
      },
      "geometry": {
        "type": "LineString",
        "coordinates": [
          [
            88.3449606,
            22.5016183
          ],
          [
            88.3449657,
            22.5021753
          ],
          [
            88.3449778,
            22.502439
          ],
          [
            88.34498,
            22.5024843
          ],
          [
            88.3450051,
            22.5029899
          ],
          [
            88.345014,
            22.5031699
          ],
          [
            88.3450899,
            22.5033038
          ]
        ]
      },
      "id": "way/1126692085"
    },
    {
      "type": "Feature",
      "properties": {
        "@id": "way/1126703027",
        "highway": "primary",
        "maxspeed": "40",
        "name": "Mahatma Gandhi Road",
        "name:etymology:wikidata": "Q1001",
        "oneway": "yes"
      },
      "geometry": {
        "type": "LineString",
        "coordinates": [
          [
            88.3605312,
            22.5787195
          ],
          [
            88.3606826,
            22.5787343
          ]
        ]
      },
      "id": "way/1126703027"
    },
    {
      "type": "Feature",
      "properties": {
        "@id": "way/1126703028",
        "alt_name": "Mahatma Gandhi Road",
        "bridge": "viaduct",
        "bridge:name": "Sealdah Flyover",
        "highway": "primary",
        "layer": "1",
        "name": "Vidyapati Flyover",
        "name:etymology:wikidata": "Q1001",
        "oneway": "yes"
      },
      "geometry": {
        "type": "LineString",
        "coordinates": [
          [
            88.3701034,
            22.5686587
          ],
          [
            88.3693072,
            22.5699364
          ]
        ]
      },
      "id": "way/1126703028"
    },
    {
      "type": "Feature",
      "properties": {
        "@id": "way/1126703029",
        "alt_name": "Acharya Jagadish Chandra Bose Road",
        "bridge": "yes",
        "highway": "primary",
        "layer": "1",
        "maxspeed": "40",
        "name": "Vidyapati Flyover",
        "name:etymology:wikidata": "Q314267",
        "oneway": "yes"
      },
      "geometry": {
        "type": "LineString",
        "coordinates": [
          [
            88.3701034,
            22.5686587
          ],
          [
            88.3701488,
            22.5687567
          ],
          [
            88.3706759,
            22.5698221
          ]
        ]
      },
      "id": "way/1126703029"
    },
    {
      "type": "Feature",
      "properties": {
        "@id": "way/1126703030",
        "alt_name": "Mahatma Gandhi Road",
        "bridge": "viaduct",
        "bridge:name": "Sealdah Flyover",
        "highway": "primary",
        "layer": "1",
        "name": "Vidyapati Flyover",
        "name:etymology:wikidata": "Q1001",
        "oneway": "yes"
      },
      "geometry": {
        "type": "LineString",
        "coordinates": [
          [
            88.3693993,
            22.5700377
          ],
          [
            88.3694101,
            22.5700193
          ],
          [
            88.3701488,
            22.5687567
          ],
          [
            88.3701989,
            22.5686726
          ]
        ]
      },
      "id": "way/1126703030"
    },
    {
      "type": "Feature",
      "properties": {
        "@id": "way/1126703031",
        "highway": "primary",
        "maxspeed": "40",
        "name": "Acharya Jagadish Chandra Bose Road",
        "name:etymology:wikidata": "Q314267",
        "oneway": "yes"
      },
      "geometry": {
        "type": "LineString",
        "coordinates": [
          [
            88.3708626,
            22.570184
          ],
          [
            88.3711248,
            22.5708009
          ]
        ]
      },
      "id": "way/1126703031"
    },
    {
      "type": "Feature",
      "properties": {
        "@id": "way/1126703032",
        "alt_name": "Acharya Jagadish Chandra Bose Road",
        "bridge": "yes",
        "highway": "primary",
        "layer": "1",
        "maxspeed": "40",
        "name": "Vidyapati Flyover",
        "name:etymology:wikidata": "Q314267",
        "oneway": "yes"
      },
      "geometry": {
        "type": "LineString",
        "coordinates": [
          [
            88.3685731,
            22.5653879
          ],
          [
            88.3685807,
            22.5654045
          ],
          [
            88.3685898,
            22.5654245
          ],
          [
            88.368765,
            22.5658464
          ]
        ]
      },
      "id": "way/1126703032"
    },
    {
      "type": "Feature",
      "properties": {
        "@id": "way/1126703033",
        "alt_name": "Acharya Jagadish Chandra Bose Road",
        "bridge": "yes",
        "highway": "primary",
        "lanes": "4",
        "layer": "1",
        "maxspeed": "40",
        "name": "Vidyapati Flyover",
        "name:bn": "আচার্য জগদীশচন্দ্র বসু রোড",
        "name:etymology:wikidata": "Q314267",
        "oneway": "yes",
        "ref": "SH1",
        "source": "Mapbox Satellite",
        "surface": "asphalt"
      },
      "geometry": {
        "type": "LineString",
        "coordinates": [
          [
            88.3688522,
            22.5658216
          ],
          [
            88.3686779,
            22.5653598
          ]
        ]
      },
      "id": "way/1126703033"
    },
    {
      "type": "Feature",
      "properties": {
        "@id": "way/1126703034",
        "alt_name": "Acharya Jagadish Chandra Bose Road",
        "bridge": "yes",
        "highway": "primary",
        "layer": "1",
        "maxspeed": "40",
        "name": "Vidyapati Flyover",
        "name:etymology:wikidata": "Q314267",
        "oneway": "yes"
      },
      "geometry": {
        "type": "LineString",
        "coordinates": [
          [
            88.3687844,
            22.5658905
          ],
          [
            88.36891,
            22.5661763
          ],
          [
            88.3694717,
            22.567385
          ],
          [
            88.3701034,
            22.5686587
          ]
        ]
      },
      "id": "way/1126703034"
    },
    {
      "type": "Feature",
      "properties": {
        "@id": "way/1126704636",
        "highway": "primary",
        "lanes": "4",
        "maxspeed": "40",
        "name": "AJC Bose Road",
        "name:bn": "আচার্য জগদীশচন্দ্র বসু রোড",
        "name:etymology:wikidata": "Q314267",
        "oneway": "yes",
        "ref": "SH1",
        "source": "Mapbox Satellite",
        "surface": "asphalt"
      },
      "geometry": {
        "type": "LineString",
        "coordinates": [
          [
            88.3670804,
            22.5613718
          ],
          [
            88.3670323,
            22.5612448
          ]
        ]
      },
      "id": "way/1126704636"
    },
    {
      "type": "Feature",
      "properties": {
        "@id": "way/1126704637",
        "highway": "primary",
        "lanes": "4",
        "maxspeed": "40",
        "name": "AJC Bose Road",
        "name:bn": "আচার্য জগদীশচন্দ্র বসু রোড",
        "name:etymology:wikidata": "Q314267",
        "oneway": "yes",
        "ref": "SH1",
        "source": "Mapbox Satellite",
        "surface": "asphalt"
      },
      "geometry": {
        "type": "LineString",
        "coordinates": [
          [
            88.3685827,
            22.5651075
          ],
          [
            88.3685142,
            22.5648931
          ],
          [
            88.3685006,
            22.5648507
          ],
          [
            88.3683779,
            22.5645514
          ],
          [
            88.3680827,
            22.5638313
          ],
          [
            88.3677683,
            22.5630467
          ],
          [
            88.3676478,
            22.5627376
          ],
          [
            88.3674543,
            22.56227
          ]
        ]
      },
      "id": "way/1126704637"
    },
    {
      "type": "Feature",
      "properties": {
        "@id": "way/1126744154",
        "highway": "primary",
        "lanes": "4",
        "maxspeed": "40",
        "name": "AJC Bose Road",
        "name:bn": "আচার্য জগদীশচন্দ্র বসু রোড",
        "name:etymology:wikidata": "Q314267",
        "oneway": "yes",
        "ref": "SH1",
        "source": "Mapbox Satellite",
        "surface": "asphalt"
      },
      "geometry": {
        "type": "LineString",
        "coordinates": [
          [
            88.3670323,
            22.5612448
          ],
          [
            88.3669861,
            22.5611228
          ],
          [
            88.366836,
            22.5607268
          ]
        ]
      },
      "id": "way/1126744154"
    },
    {
      "type": "Feature",
      "properties": {
        "@id": "way/1126744161",
        "highway": "primary",
        "lane_markings": "no",
        "maxspeed": "40",
        "name": "Gariahat Road",
        "name:etymology:wikidata": "Q5523285",
        "oneway": "yes",
        "surface": "asphalt"
      },
      "geometry": {
        "type": "LineString",
        "coordinates": [
          [
            88.3660226,
            22.5429602
          ],
          [
            88.3660752,
            22.5431028
          ]
        ]
      },
      "id": "way/1126744161"
    },
    {
      "type": "Feature",
      "properties": {
        "@id": "way/1126744162",
        "highway": "primary",
        "lane_markings": "no",
        "maxspeed": "40",
        "name": "JBS Haldane Avenue",
        "oneway": "yes",
        "surface": "asphalt"
      },
      "geometry": {
        "type": "LineString",
        "coordinates": [
          [
            88.3660752,
            22.5431028
          ],
          [
            88.3658485,
            22.5430761
          ]
        ]
      },
      "id": "way/1126744162"
    },
    {
      "type": "Feature",
      "properties": {
        "@id": "way/1126744163",
        "highway": "primary",
        "lane_markings": "no",
        "maxspeed": "40",
        "name": "JBS Haldane Avenue",
        "oneway": "yes",
        "surface": "asphalt"
      },
      "geometry": {
        "type": "LineString",
        "coordinates": [
          [
            88.3663984,
            22.543013
          ],
          [
            88.3661618,
            22.5430891
          ]
        ]
      },
      "id": "way/1126744163"
    },
    {
      "type": "Feature",
      "properties": {
        "@id": "way/1126744164",
        "highway": "primary",
        "lane_markings": "no",
        "maxspeed": "40",
        "name": "JBS Haldane Avenue",
        "oneway": "yes",
        "surface": "asphalt"
      },
      "geometry": {
        "type": "LineString",
        "coordinates": [
          [
            88.3661618,
            22.5430891
          ],
          [
            88.3661296,
            22.5430942
          ],
          [
            88.3661077,
            22.5430977
          ],
          [
            88.3660752,
            22.5431028
          ]
        ]
      },
      "id": "way/1126744164"
    },
    {
      "type": "Feature",
      "properties": {
        "@id": "way/1126744165",
        "highway": "primary",
        "maxspeed": "40",
        "name": "JBS Haldane Avenue",
        "name:etymology:wikidata": "Q156333",
        "oneway": "yes"
      },
      "geometry": {
        "type": "LineString",
        "coordinates": [
          [
            88.3870893,
            22.5414827
          ],
          [
            88.3870275,
            22.5414929
          ],
          [
            88.3869649,
            22.5415067
          ]
        ]
      },
      "id": "way/1126744165"
    },
    {
      "type": "Feature",
      "properties": {
        "@id": "way/1126744166",
        "highway": "primary",
        "junction": "roundabout",
        "maxspeed": "40",
        "name": "Parama Circle",
        "oneway": "yes",
        "ref": "SH3"
      },
      "geometry": {
        "type": "LineString",
        "coordinates": [
          [
            88.3986713,
            22.5426857
          ],
          [
            88.3986681,
            22.5426105
          ],
          [
            88.3986364,
            22.5425411
          ]
        ]
      },
      "id": "way/1126744166"
    },
    {
      "type": "Feature",
      "properties": {
        "@id": "way/1126744167",
        "highway": "primary",
        "junction": "roundabout",
        "maxspeed": "40",
        "name": "Parama Circle",
        "oneway": "yes",
        "ref": "SH3"
      },
      "geometry": {
        "type": "LineString",
        "coordinates": [
          [
            88.3985237,
            22.5428536
          ],
          [
            88.3985941,
            22.5428157
          ],
          [
            88.3986455,
            22.5427572
          ],
          [
            88.3986713,
            22.5426857
          ]
        ]
      },
      "id": "way/1126744167"
    },
    {
      "type": "Feature",
      "properties": {
        "@id": "way/1126744168",
        "highway": "primary",
        "junction": "roundabout",
        "maxspeed": "40",
        "name": "Parama Circle",
        "oneway": "yes",
        "ref": "SH3"
      },
      "geometry": {
        "type": "LineString",
        "coordinates": [
          [
            88.39824,
            22.5425677
          ],
          [
            88.3982203,
            22.5426321
          ],
          [
            88.3982236,
            22.5426988
          ],
          [
            88.3982493,
            22.5427612
          ],
          [
            88.398295,
            22.542813
          ],
          [
            88.398356,
            22.542849
          ]
        ]
      },
      "id": "way/1126744168"
    },
    {
      "type": "Feature",
      "properties": {
        "@id": "way/1126744169",
        "highway": "primary",
        "junction": "roundabout",
        "maxspeed": "40",
        "name": "Parama Circle",
        "oneway": "yes",
        "ref": "SH3"
      },
      "geometry": {
        "type": "LineString",
        "coordinates": [
          [
            88.3982811,
            22.5425118
          ],
          [
            88.39824,
            22.5425677
          ]
        ]
      },
      "id": "way/1126744169"
    },
    {
      "type": "Feature",
      "properties": {
        "@id": "way/1126837958",
        "alt_name": "Jawaharlal Nehru Road",
        "highway": "primary",
        "name": "Chowringhee Road",
        "name:etymology:wikidata": "Q5105573",
        "oneway": "yes",
        "surface": "asphalt",
        "wikidata": "Q9384706",
        "wikipedia": "en:Chowringhee Road"
      },
      "geometry": {
        "type": "LineString",
        "coordinates": [
          [
            88.3515928,
            22.5650453
          ],
          [
            88.3514166,
            22.5644443
          ],
          [
            88.3512427,
            22.5636865
          ],
          [
            88.351207,
            22.5635309
          ],
          [
            88.3511948,
            22.5634779
          ]
        ]
      },
      "id": "way/1126837958"
    },
    {
      "type": "Feature",
      "properties": {
        "@id": "way/1126837959",
        "highway": "primary",
        "name": "Jawaharlal Nehru Road",
        "name:etymology:wikidata": "Q1047",
        "oneway": "yes"
      },
      "geometry": {
        "type": "LineString",
        "coordinates": [
          [
            88.3516965,
            22.5653985
          ],
          [
            88.3516655,
            22.5652929
          ]
        ]
      },
      "id": "way/1126837959"
    },
    {
      "type": "Feature",
      "properties": {
        "@id": "way/1126837961",
        "highway": "primary",
        "lanes": "2",
        "maxspeed": "60",
        "name": "Chittaranjan Avenue",
        "name:etymology:wikidata": "Q560182",
        "oneway": "yes",
        "surface": "asphalt"
      },
      "geometry": {
        "type": "LineString",
        "coordinates": [
          [
            88.3607712,
            22.578714
          ],
          [
            88.3607462,
            22.5786281
          ]
        ]
      },
      "id": "way/1126837961"
    },
    {
      "type": "Feature",
      "properties": {
        "@id": "way/1126837962",
        "highway": "primary",
        "junction": "roundabout",
        "name": "State Highway 1",
        "ref": "SH1"
      },
      "geometry": {
        "type": "LineString",
        "coordinates": [
          [
            88.3735929,
            22.6017895
          ],
          [
            88.3735792,
            22.6017945
          ]
        ]
      },
      "id": "way/1126837962"
    },
    {
      "type": "Feature",
      "properties": {
        "@id": "way/1126837963",
        "highway": "primary",
        "junction": "roundabout",
        "name": "State Highway 1",
        "ref": "SH1"
      },
      "geometry": {
        "type": "LineString",
        "coordinates": [
          [
            88.3736999,
            22.6018552
          ],
          [
            88.373686,
            22.6018203
          ]
        ]
      },
      "id": "way/1126837963"
    },
    {
      "type": "Feature",
      "properties": {
        "@id": "way/1126837964",
        "highway": "primary",
        "junction": "roundabout",
        "name": "State Highway 1",
        "ref": "SH1"
      },
      "geometry": {
        "type": "LineString",
        "coordinates": [
          [
            88.3736827,
            22.6019077
          ],
          [
            88.3736947,
            22.6018921
          ],
          [
            88.3736999,
            22.6018552
          ]
        ]
      },
      "id": "way/1126837964"
    },
    {
      "type": "Feature",
      "properties": {
        "@id": "way/1126837965",
        "highway": "primary",
        "junction": "roundabout",
        "name": "State Highway 1",
        "ref": "SH1"
      },
      "geometry": {
        "type": "LineString",
        "coordinates": [
          [
            88.3736714,
            22.6019224
          ],
          [
            88.3736827,
            22.6019077
          ]
        ]
      },
      "id": "way/1126837965"
    },
    {
      "type": "Feature",
      "properties": {
        "@id": "way/1126840651",
        "highway": "primary",
        "junction": "roundabout"
      },
      "geometry": {
        "type": "LineString",
        "coordinates": [
          [
            88.3909336,
            22.6073894
          ],
          [
            88.3909253,
            22.6073761
          ]
        ]
      },
      "id": "way/1126840651"
    },
    {
      "type": "Feature",
      "properties": {
        "@id": "way/1126840652",
        "highway": "primary",
        "junction": "roundabout"
      },
      "geometry": {
        "type": "LineString",
        "coordinates": [
          [
            88.3908492,
            22.6073657
          ],
          [
            88.3908327,
            22.6073807
          ]
        ]
      },
      "id": "way/1126840652"
    },
    {
      "type": "Feature",
      "properties": {
        "@id": "way/1126840653",
        "highway": "primary",
        "junction": "roundabout"
      },
      "geometry": {
        "type": "LineString",
        "coordinates": [
          [
            88.3908327,
            22.6073807
          ],
          [
            88.3908257,
            22.6073951
          ],
          [
            88.3908236,
            22.6074108
          ],
          [
            88.3908267,
            22.6074263
          ]
        ]
      },
      "id": "way/1126840653"
    },
    {
      "type": "Feature",
      "properties": {
        "@id": "way/1126843674",
        "highway": "primary",
        "maxspeed": "40",
        "name": "Radha Gobinda Kar Road",
        "name:etymology:wikidata": "Q7280172",
        "oneway": "yes"
      },
      "geometry": {
        "type": "LineString",
        "coordinates": [
          [
            88.399263,
            22.6090641
          ],
          [
            88.3985947,
            22.6089136
          ],
          [
            88.3983699,
            22.6088682
          ],
          [
            88.3983219,
            22.6088571
          ],
          [
            88.3972804,
            22.6086165
          ],
          [
            88.3971176,
            22.60858
          ],
          [
            88.3969525,
            22.6085461
          ],
          [
            88.3958809,
            22.608326
          ],
          [
            88.3957813,
            22.6083066
          ],
          [
            88.3957038,
            22.6082914
          ],
          [
            88.3956904,
            22.6082888
          ],
          [
            88.3953713,
            22.6082023
          ],
          [
            88.3949675,
            22.6081339
          ],
          [
            88.39436,
            22.6080042
          ],
          [
            88.3940538,
            22.6079388
          ],
          [
            88.3932201,
            22.6077886
          ],
          [
            88.3930516,
            22.6077629
          ],
          [
            88.3927088,
            22.6077105
          ]
        ]
      },
      "id": "way/1126843674"
    },
    {
      "type": "Feature",
      "properties": {
        "@id": "way/1126855631",
        "highway": "primary",
        "name": "Bidhan Nagar Road",
        "name:etymology:wikidata": "Q115503441",
        "oneway": "yes"
      },
      "geometry": {
        "type": "LineString",
        "coordinates": [
          [
            88.3752279,
            22.5941575
          ],
          [
            88.3753154,
            22.5941773
          ]
        ]
      },
      "id": "way/1126855631"
    },
    {
      "type": "Feature",
      "properties": {
        "@id": "way/1126855632",
        "highway": "primary",
        "maxspeed": "40",
        "name": "State Highway 1",
        "oneway": "yes",
        "ref": "SH1",
        "source": "Yahoo hires"
      },
      "geometry": {
        "type": "LineString",
        "coordinates": [
          [
            88.3754,
            22.5941842
          ],
          [
            88.3753888,
            22.5941244
          ]
        ]
      },
      "id": "way/1126855632"
    },
    {
      "type": "Feature",
      "properties": {
        "@id": "way/1126865365",
        "highway": "primary",
        "lanes": "3",
        "maxspeed": "40",
        "name": "Rash Behari Avenue",
        "name:etymology:wikidata": "Q7294817",
        "oneway": "yes"
      },
      "geometry": {
        "type": "LineString",
        "coordinates": [
          [
            88.3651613,
            22.5195567
          ],
          [
            88.3648758,
            22.5194647
          ],
          [
            88.3645729,
            22.5193923
          ],
          [
            88.3643281,
            22.5193525
          ],
          [
            88.3638553,
            22.5192756
          ],
          [
            88.3636031,
            22.5192294
          ],
          [
            88.3634001,
            22.5191917
          ]
        ]
      },
      "id": "way/1126865365"
    },
    {
      "type": "Feature",
      "properties": {
        "@id": "way/1126865368",
        "highway": "primary",
        "maxspeed": "40",
        "name": "Gariahat Road",
        "name:etymology:wikidata": "Q5523285",
        "oneway": "yes",
        "ref": "SH1",
        "surface": "asphalt"
      },
      "geometry": {
        "type": "LineString",
        "coordinates": [
          [
            88.3661857,
            22.5165194
          ],
          [
            88.3661089,
            22.516971
          ]
        ]
      },
      "id": "way/1126865368"
    },
    {
      "type": "Feature",
      "properties": {
        "@id": "way/1126866860",
        "highway": "primary",
        "lane_markings": "no",
        "maxspeed": "40",
        "name": "JBS Haldane Avenue",
        "name:etymology:wikidata": "Q156333",
        "surface": "asphalt"
      },
      "geometry": {
        "type": "LineString",
        "coordinates": [
          [
            88.3707548,
            22.539754
          ],
          [
            88.3702631,
            22.5399365
          ]
        ]
      },
      "id": "way/1126866860"
    },
    {
      "type": "Feature",
      "properties": {
        "@id": "way/1126868479",
        "highway": "primary",
        "maxspeed": "40",
        "name": "Acharya Jagadish Chandra Bose Road",
        "name:etymology:wikidata": "Q314267",
        "oneway": "yes",
        "surface": "asphalt"
      },
      "geometry": {
        "type": "LineString",
        "coordinates": [
          [
            88.3669347,
            22.5612885
          ],
          [
            88.3669856,
            22.5614243
          ]
        ]
      },
      "id": "way/1126868479"
    },
    {
      "type": "Feature",
      "properties": {
        "@id": "way/1126918629",
        "highway": "primary",
        "maxspeed": "40",
        "name": "Netaji Subhash Chandra Bose Road",
        "name:etymology:wikidata": "Q2153"
      },
      "geometry": {
        "type": "LineString",
        "coordinates": [
          [
            88.3531835,
            22.4831222
          ],
          [
            88.353237,
            22.4830438
          ],
          [
            88.3532594,
            22.4829969
          ],
          [
            88.3533538,
            22.482841
          ],
          [
            88.3534905,
            22.4826155
          ],
          [
            88.3536421,
            22.4823652
          ],
          [
            88.3537475,
            22.4821365
          ],
          [
            88.3542612,
            22.4812863
          ],
          [
            88.3544593,
            22.4809463
          ],
          [
            88.3545054,
            22.4808672
          ],
          [
            88.3546534,
            22.4806131
          ],
          [
            88.3547247,
            22.4804908
          ],
          [
            88.3547878,
            22.4804109
          ],
          [
            88.3548696,
            22.4803074
          ],
          [
            88.3549688,
            22.4801612
          ],
          [
            88.355043,
            22.4800158
          ],
          [
            88.3550573,
            22.4799877
          ],
          [
            88.3552161,
            22.4796583
          ],
          [
            88.3552784,
            22.479529
          ],
          [
            88.3552965,
            22.4793108
          ],
          [
            88.3553727,
            22.4791795
          ],
          [
            88.3555441,
            22.4788839
          ],
          [
            88.3555717,
            22.4788363
          ],
          [
            88.3556656,
            22.4786744
          ],
          [
            88.3557046,
            22.4786071
          ],
          [
            88.3559417,
            22.4783543
          ],
          [
            88.3560541,
            22.4782615
          ],
          [
            88.3562296,
            22.4781165
          ],
          [
            88.3564644,
            22.4779258
          ],
          [
            88.3565046,
            22.4778932
          ],
          [
            88.3565582,
            22.4778451
          ],
          [
            88.3566635,
            22.4777737
          ],
          [
            88.3567068,
            22.4777443
          ],
          [
            88.3569233,
            22.4775977
          ],
          [
            88.3571862,
            22.4774194
          ],
          [
            88.3573977,
            22.4772723
          ],
          [
            88.3576638,
            22.4770375
          ],
          [
            88.3580705,
            22.476672
          ],
          [
            88.358184,
            22.4765687
          ]
        ]
      },
      "id": "way/1126918629"
    },
    {
      "type": "Feature",
      "properties": {
        "@id": "way/1126928307",
        "highway": "primary",
        "lanes": "8",
        "maxspeed": "40",
        "name": "Gariahat Road",
        "name:etymology:wikidata": "Q5523285",
        "oneway": "yes",
        "ref": "SH1"
      },
      "geometry": {
        "type": "LineString",
        "coordinates": [
          [
            88.3661538,
            22.5271493
          ],
          [
            88.3661592,
            22.5268557
          ],
          [
            88.3661552,
            22.5266872
          ],
          [
            88.3661458,
            22.5264605
          ],
          [
            88.366134,
            22.5263154
          ],
          [
            88.366119,
            22.5261297
          ],
          [
            88.3660841,
            22.5258882
          ],
          [
            88.3660693,
            22.525799
          ]
        ]
      },
      "id": "way/1126928307"
    },
    {
      "type": "Feature",
      "properties": {
        "@id": "way/1126928308",
        "highway": "primary",
        "lanes": "4",
        "maxspeed": "40",
        "name": "Gariahat Road",
        "name:etymology:wikidata": "Q5523285",
        "oneway": "yes",
        "ref": "SH1",
        "surface": "asphalt"
      },
      "geometry": {
        "type": "LineString",
        "coordinates": [
          [
            88.3658923,
            22.5289058
          ],
          [
            88.3659784,
            22.5287071
          ],
          [
            88.3661005,
            22.5283889
          ]
        ]
      },
      "id": "way/1126928308"
    },
    {
      "type": "Feature",
      "properties": {
        "@id": "way/1126940575",
        "highway": "primary",
        "maxspeed": "40",
        "name": "Acharya Prafulla Chandra Road",
        "name:etymology:wikidata": "Q3351086",
        "oneway": "yes",
        "ref": "SH1",
        "source": "Yahoo hires"
      },
      "geometry": {
        "type": "LineString",
        "coordinates": [
          [
            88.3741322,
            22.5806396
          ],
          [
            88.3741083,
            22.5804714
          ],
          [
            88.3740466,
            22.580068
          ],
          [
            88.3740358,
            22.5799819
          ],
          [
            88.373897,
            22.5791333
          ],
          [
            88.3738598,
            22.5788075
          ],
          [
            88.3738452,
            22.578689
          ],
          [
            88.3737389,
            22.5780008
          ],
          [
            88.3736658,
            22.5775274
          ],
          [
            88.3735301,
            22.5766342
          ]
        ]
      },
      "id": "way/1126940575"
    },
    {
      "type": "Feature",
      "properties": {
        "@id": "way/1126940582",
        "highway": "primary",
        "junction": "roundabout",
        "name": "Satin Sen Sarani",
        "name:etymology:wikidata": "Q118115344"
      },
      "geometry": {
        "type": "LineString",
        "coordinates": [
          [
            88.3904601,
            22.580053
          ],
          [
            88.3904296,
            22.5800768
          ],
          [
            88.3904064,
            22.5801069
          ]
        ]
      },
      "id": "way/1126940582"
    },
    {
      "type": "Feature",
      "properties": {
        "@id": "way/1126940583",
        "highway": "primary",
        "junction": "roundabout",
        "name": "Satin Sen Sarani",
        "name:etymology:wikidata": "Q118115344"
      },
      "geometry": {
        "type": "LineString",
        "coordinates": [
          [
            88.3905805,
            22.5800323
          ],
          [
            88.3905389,
            22.5800293
          ],
          [
            88.3904978,
            22.5800364
          ],
          [
            88.3904601,
            22.580053
          ]
        ]
      },
      "id": "way/1126940583"
    },
    {
      "type": "Feature",
      "properties": {
        "@id": "way/1126940584",
        "highway": "primary",
        "junction": "roundabout",
        "name": "Satin Sen Sarani",
        "name:etymology:wikidata": "Q118115344"
      },
      "geometry": {
        "type": "LineString",
        "coordinates": [
          [
            88.3906923,
            22.5801136
          ],
          [
            88.3906648,
            22.5800762
          ],
          [
            88.3906263,
            22.5800482
          ],
          [
            88.3905805,
            22.5800323
          ]
        ]
      },
      "id": "way/1126940584"
    },
    {
      "type": "Feature",
      "properties": {
        "@id": "way/1126940585",
        "highway": "primary",
        "junction": "roundabout",
        "name": "Satin Sen Sarani",
        "name:etymology:wikidata": "Q118115344"
      },
      "geometry": {
        "type": "LineString",
        "coordinates": [
          [
            88.3907042,
            22.5802082
          ],
          [
            88.3907078,
            22.5801761
          ],
          [
            88.3907038,
            22.5801441
          ],
          [
            88.3906923,
            22.5801136
          ]
        ]
      },
      "id": "way/1126940585"
    },
    {
      "type": "Feature",
      "properties": {
        "@id": "way/1126940586",
        "highway": "primary",
        "junction": "roundabout",
        "name": "Satin Sen Sarani",
        "name:etymology:wikidata": "Q118115344"
      },
      "geometry": {
        "type": "LineString",
        "coordinates": [
          [
            88.3906547,
            22.5802872
          ],
          [
            88.3906862,
            22.5802513
          ],
          [
            88.3907042,
            22.5802082
          ]
        ]
      },
      "id": "way/1126940586"
    },
    {
      "type": "Feature",
      "properties": {
        "@id": "way/1126940587",
        "highway": "primary",
        "junction": "roundabout",
        "name": "Satin Sen Sarani",
        "name:etymology:wikidata": "Q118115344"
      },
      "geometry": {
        "type": "LineString",
        "coordinates": [
          [
            88.3904124,
            22.5802567
          ],
          [
            88.390433,
            22.5802807
          ],
          [
            88.3904584,
            22.5803002
          ]
        ]
      },
      "id": "way/1126940587"
    },
    {
      "type": "Feature",
      "properties": {
        "@id": "way/1126940588",
        "highway": "primary",
        "junction": "roundabout",
        "name": "Satin Sen Sarani",
        "name:etymology:wikidata": "Q118115344"
      },
      "geometry": {
        "type": "LineString",
        "coordinates": [
          [
            88.3904064,
            22.5801069
          ],
          [
            88.3903905,
            22.580147
          ],
          [
            88.3903878,
            22.5801896
          ],
          [
            88.3903926,
            22.5802154
          ],
          [
            88.3904124,
            22.5802567
          ]
        ]
      },
      "id": "way/1126940588"
    },
    {
      "type": "Feature",
      "properties": {
        "@id": "way/1127446001",
        "highway": "primary",
        "lane_markings": "no",
        "maxspeed": "40",
        "oneway": "yes",
        "ref": "SH1",
        "surface": "asphalt"
      },
      "geometry": {
        "type": "LineString",
        "coordinates": [
          [
            88.3654511,
            22.5232087
          ],
          [
            88.3654044,
            22.5230574
          ],
          [
            88.3653912,
            22.5230149
          ],
          [
            88.3653686,
            22.5229417
          ]
        ]
      },
      "id": "way/1127446001"
    },
    {
      "type": "Feature",
      "properties": {
        "@id": "way/1127446002",
        "highway": "primary",
        "junction": "roundabout",
        "lanes": "3",
        "maxspeed": "40",
        "name": "Park Circus",
        "oneway": "yes",
        "surface": "asphalt"
      },
      "geometry": {
        "type": "LineString",
        "coordinates": [
          [
            88.3660226,
            22.5429602
          ],
          [
            88.3659269,
            22.5430071
          ],
          [
            88.3658485,
            22.5430761
          ]
        ]
      },
      "id": "way/1127446002"
    },
    {
      "type": "Feature",
      "properties": {
        "@id": "way/1127446003",
        "highway": "primary",
        "junction": "roundabout",
        "lanes": "3",
        "maxspeed": "40",
        "name": "Park Circus",
        "oneway": "yes",
        "surface": "asphalt"
      },
      "geometry": {
        "type": "LineString",
        "coordinates": [
          [
            88.3661252,
            22.5429392
          ],
          [
            88.3660973,
            22.5429436
          ],
          [
            88.3660731,
            22.542947
          ],
          [
            88.3660226,
            22.5429602
          ]
        ]
      },
      "id": "way/1127446003"
    },
    {
      "type": "Feature",
      "properties": {
        "@id": "way/1127446004",
        "highway": "primary",
        "junction": "roundabout",
        "lanes": "3",
        "maxspeed": "40",
        "name": "Park Circus",
        "oneway": "yes"
      },
      "geometry": {
        "type": "LineString",
        "coordinates": [
          [
            88.3665452,
            22.5433905
          ],
          [
            88.3665556,
            22.5432835
          ],
          [
            88.3665491,
            22.5431996
          ],
          [
            88.3665428,
            22.5431648
          ],
          [
            88.3664801,
            22.5430875
          ]
        ]
      },
      "id": "way/1127446004"
    },
    {
      "type": "Feature",
      "properties": {
        "@id": "way/1127450991",
        "highway": "primary",
        "maxspeed": "40",
        "name": "Raja Subodh Chandra Mullick Road",
        "name:etymology:wikidata": "Q21176797",
        "oneway": "no",
        "ref": "SH1"
      },
      "geometry": {
        "type": "LineString",
        "coordinates": [
          [
            88.377814,
            22.4657973
          ],
          [
            88.3778295,
            22.4657287
          ]
        ]
      },
      "id": "way/1127450991"
    },
    {
      "type": "Feature",
      "properties": {
        "@id": "way/1127452497",
        "highway": "primary",
        "lanes": "4",
        "maxspeed": "40",
        "name": "Deshapran Sashmal Road",
        "name:etymology:wikidata": "Q4916200",
        "oneway": "yes",
        "width": "12"
      },
      "geometry": {
        "type": "LineString",
        "coordinates": [
          [
            88.3451743,
            22.5014354
          ],
          [
            88.3452088,
            22.5013475
          ]
        ]
      },
      "id": "way/1127452497"
    },
    {
      "type": "Feature",
      "properties": {
        "@id": "way/1127452498",
        "highway": "primary",
        "lanes": "4",
        "maxspeed": "40",
        "name": "Shyama Prasad Mukherjee Road",
        "name:etymology:wikidata": "Q3344992",
        "oneway": "yes",
        "width": "12"
      },
      "geometry": {
        "type": "LineString",
        "coordinates": [
          [
            88.3465724,
            22.5237998
          ],
          [
            88.3465786,
            22.5236168
          ]
        ]
      },
      "id": "way/1127452498"
    },
    {
      "type": "Feature",
      "properties": {
        "@id": "way/1127452504",
        "highway": "primary",
        "maxspeed": "40",
        "name": "Acharya Jagadish Chandra Bose Road",
        "name:etymology:wikidata": "Q314267",
        "oneway": "yes"
      },
      "geometry": {
        "type": "LineString",
        "coordinates": [
          [
            88.3549696,
            22.5411313
          ],
          [
            88.3549216,
            22.5411348
          ],
          [
            88.3548689,
            22.5411386
          ]
        ]
      },
      "id": "way/1127452504"
    },
    {
      "type": "Feature",
      "properties": {
        "@id": "way/1127490941",
        "highway": "primary",
        "maxspeed": "40",
        "name": "Vivekananda Road",
        "name:etymology:wikidata": "Q47478",
        "name:zh": "辩喜路",
        "oneway": "yes"
      },
      "geometry": {
        "type": "LineString",
        "coordinates": [
          [
            88.3746827,
            22.5852685
          ],
          [
            88.3746175,
            22.5853059
          ],
          [
            88.3745072,
            22.5853337
          ],
          [
            88.3738744,
            22.5854163
          ],
          [
            88.3737415,
            22.5854281
          ],
          [
            88.3735397,
            22.5854729
          ]
        ]
      },
      "id": "way/1127490941"
    },
    {
      "type": "Feature",
      "properties": {
        "@id": "way/1127490942",
        "highway": "primary",
        "maxspeed": "40",
        "name": "Vivekananda Road",
        "name:etymology:wikidata": "Q47478",
        "name:zh": "辩喜路",
        "oneway": "yes"
      },
      "geometry": {
        "type": "LineString",
        "coordinates": [
          [
            88.3747865,
            22.5852439
          ],
          [
            88.3746827,
            22.5852685
          ]
        ]
      },
      "id": "way/1127490942"
    },
    {
      "type": "Feature",
      "properties": {
        "@id": "way/1127493386",
        "highway": "primary",
        "maxspeed": "40",
        "name": "Acharya Prafulla Chandra Bose Road",
        "name:etymology:wikidata": "Q3351086",
        "oneway": "yes",
        "ref": "SH1",
        "source": "Yahoo hires"
      },
      "geometry": {
        "type": "LineString",
        "coordinates": [
          [
            88.3747865,
            22.5852439
          ],
          [
            88.374784,
            22.5852241
          ],
          [
            88.3747786,
            22.5851807
          ],
          [
            88.3747739,
            22.5851431
          ]
        ]
      },
      "id": "way/1127493386"
    },
    {
      "type": "Feature",
      "properties": {
        "@id": "way/1127498307",
        "highway": "primary",
        "lanes": "2",
        "oneway": "yes"
      },
      "geometry": {
        "type": "LineString",
        "coordinates": [
          [
            88.3930701,
            22.5898319
          ],
          [
            88.3930941,
            22.5899426
          ]
        ]
      },
      "id": "way/1127498307"
    },
    {
      "type": "Feature",
      "properties": {
        "@id": "way/1127498308",
        "highway": "primary",
        "maxspeed": "40",
        "name": "Vivekananda Road",
        "name:etymology:wikidata": "Q47478",
        "name:zh": "辩喜路",
        "oneway": "yes"
      },
      "geometry": {
        "type": "LineString",
        "coordinates": [
          [
            88.3747888,
            22.5853387
          ],
          [
            88.3748757,
            22.5853109
          ]
        ]
      },
      "id": "way/1127498308"
    },
    {
      "type": "Feature",
      "properties": {
        "@id": "way/1127498309",
        "highway": "primary",
        "maxspeed": "40",
        "name": "Vivekananda Road",
        "name:etymology:wikidata": "Q47478",
        "name:zh": "辩喜路",
        "oneway": "yes"
      },
      "geometry": {
        "type": "LineString",
        "coordinates": [
          [
            88.3746864,
            22.5853596
          ],
          [
            88.3747888,
            22.5853387
          ]
        ]
      },
      "id": "way/1127498309"
    },
    {
      "type": "Feature",
      "properties": {
        "@id": "way/1127501759",
        "highway": "primary",
        "maxspeed": "40",
        "name": "Rash Behari Avenue Connector",
        "name:etymology:wikidata": "Q7294817",
        "oneway": "yes"
      },
      "geometry": {
        "type": "LineString",
        "coordinates": [
          [
            88.3923453,
            22.514383
          ],
          [
            88.3917545,
            22.5144569
          ],
          [
            88.3916328,
            22.5144721
          ],
          [
            88.3914009,
            22.5144974
          ],
          [
            88.3910355,
            22.5145371
          ],
          [
            88.3909432,
            22.5145472
          ],
          [
            88.3907219,
            22.5145821
          ],
          [
            88.3905112,
            22.5146338
          ],
          [
            88.3904126,
            22.5146691
          ],
          [
            88.3902183,
            22.5147408
          ]
        ]
      },
      "id": "way/1127501759"
    },
    {
      "type": "Feature",
      "properties": {
        "@id": "way/1127501760",
        "highway": "primary",
        "maxspeed": "40",
        "name": "Ashutosh Mukhejee Road",
        "name:etymology:wikidata": "Q4806139",
        "oneway": "yes"
      },
      "geometry": {
        "type": "LineString",
        "coordinates": [
          [
            88.3473427,
            22.5417345
          ],
          [
            88.3473223,
            22.5415533
          ]
        ]
      },
      "id": "way/1127501760"
    },
    {
      "type": "Feature",
      "properties": {
        "@id": "way/1127501761",
        "highway": "primary",
        "lanes": "2",
        "maxspeed": "40",
        "name": "Acharya Jagadish Chandra Bose Road",
        "name:etymology:wikidata": "Q314267",
        "oneway": "yes"
      },
      "geometry": {
        "type": "LineString",
        "coordinates": [
          [
            88.3472222,
            22.5417422
          ],
          [
            88.3473427,
            22.5417345
          ]
        ]
      },
      "id": "way/1127501761"
    },
    {
      "type": "Feature",
      "properties": {
        "@id": "way/1127501763",
        "alt_name": "Jawaharlal Nehru Road",
        "alt_name:etymology:wikidata": "Q1047",
        "highway": "primary",
        "name": "Park Street Flyover",
        "oneway": "yes"
      },
      "geometry": {
        "type": "LineString",
        "coordinates": [
          [
            88.3493138,
            22.5519128
          ],
          [
            88.3492693,
            22.5517044
          ]
        ]
      },
      "id": "way/1127501763"
    },
    {
      "type": "Feature",
      "properties": {
        "@id": "way/1127501764",
        "alt_name": "Jawaharlal Nehru Road",
        "alt_name:etymology:wikidata": "Q1047",
        "highway": "primary",
        "name": "Park Street Flyover",
        "oneway": "yes"
      },
      "geometry": {
        "type": "LineString",
        "coordinates": [
          [
            88.3506379,
            22.5595982
          ],
          [
            88.3506065,
            22.5593621
          ],
          [
            88.3505871,
            22.559217
          ]
        ]
      },
      "id": "way/1127501764"
    },
    {
      "type": "Feature",
      "properties": {
        "@id": "way/1127559722",
        "highway": "primary",
        "lanes": "4",
        "maxspeed": "40",
        "name": "Gariahat Road",
        "name:etymology:wikidata": "Q5523285",
        "oneway": "yes",
        "ref": "SH1",
        "surface": "asphalt"
      },
      "geometry": {
        "type": "LineString",
        "coordinates": [
          [
            88.3659779,
            22.5278236
          ],
          [
            88.3659518,
            22.5280333
          ]
        ]
      },
      "id": "way/1127559722"
    },
    {
      "type": "Feature",
      "properties": {
        "@id": "way/1127559723",
        "highway": "primary",
        "lanes": "4",
        "maxspeed": "40",
        "name": "Gariahat Road",
        "name:etymology:wikidata": "Q5523285",
        "oneway": "yes",
        "ref": "SH1",
        "surface": "asphalt"
      },
      "geometry": {
        "type": "LineString",
        "coordinates": [
          [
            88.3660452,
            22.5271926
          ],
          [
            88.3660239,
            22.5273649
          ],
          [
            88.3660009,
            22.5275667
          ],
          [
            88.3659779,
            22.5278236
          ]
        ]
      },
      "id": "way/1127559723"
    },
    {
      "type": "Feature",
      "properties": {
        "@id": "way/1127571067",
        "highway": "primary",
        "maxspeed": "40",
        "name": "Netaji Subhash Chandra Bose Road",
        "name:etymology:wikidata": "Q2153"
      },
      "geometry": {
        "type": "LineString",
        "coordinates": [
          [
            88.3611311,
            22.474304
          ],
          [
            88.3607582,
            22.4745771
          ],
          [
            88.3602865,
            22.474915
          ],
          [
            88.3600961,
            22.4750514
          ],
          [
            88.3598595,
            22.475218
          ],
          [
            88.3592399,
            22.4756648
          ],
          [
            88.3591406,
            22.4757359
          ],
          [
            88.3590841,
            22.4757764
          ],
          [
            88.3588839,
            22.475954
          ],
          [
            88.3586651,
            22.4761481
          ],
          [
            88.3582833,
            22.4764819
          ],
          [
            88.358184,
            22.4765687
          ]
        ]
      },
      "id": "way/1127571067"
    },
    {
      "type": "Feature",
      "properties": {
        "@id": "way/1127572635",
        "highway": "primary",
        "maxspeed": "40",
        "name": "Acharya Jagadish Chandra Bose Road",
        "name:etymology:wikidata": "Q314267",
        "oneway": "yes"
      },
      "geometry": {
        "type": "LineString",
        "coordinates": [
          [
            88.3666985,
            22.5606488
          ],
          [
            88.3667375,
            22.5607528
          ],
          [
            88.3668978,
            22.5611884
          ]
        ]
      },
      "id": "way/1127572635"
    },
    {
      "type": "Feature",
      "properties": {
        "@id": "way/1127572636",
        "highway": "primary",
        "maxspeed": "40",
        "name": "Acharya Jagadish Chandra Bose Road",
        "name:etymology:wikidata": "Q314267",
        "oneway": "yes"
      },
      "geometry": {
        "type": "LineString",
        "coordinates": [
          [
            88.3604471,
            22.5440953
          ],
          [
            88.3605065,
            22.544246
          ],
          [
            88.360664,
            22.5446995
          ],
          [
            88.3607927,
            22.5450345
          ],
          [
            88.3608264,
            22.5451185
          ],
          [
            88.3609174,
            22.545374
          ],
          [
            88.3610099,
            22.545634
          ],
          [
            88.3611757,
            22.5460632
          ],
          [
            88.3612621,
            22.5462961
          ],
          [
            88.3613648,
            22.5466066
          ],
          [
            88.3614006,
            22.5467398
          ]
        ]
      },
      "id": "way/1127572636"
    },
    {
      "type": "Feature",
      "properties": {
        "@id": "way/1127572637",
        "alt_name": "Mother Teresa Sarani",
        "highway": "primary",
        "lanes": "6",
        "maxspeed": "40",
        "name": "Park Street",
        "old_name": "Park Street"
      },
      "geometry": {
        "type": "LineString",
        "coordinates": [
          [
            88.3614006,
            22.5467398
          ],
          [
            88.3614305,
            22.5467272
          ],
          [
            88.3614936,
            22.5466964
          ]
        ]
      },
      "id": "way/1127572637"
    },
    {
      "type": "Feature",
      "properties": {
        "@id": "way/1127572638",
        "alt_name": "Mother Teresa Sarani",
        "highway": "primary",
        "lane_markings": "no",
        "maxspeed": "40",
        "name": "Park Street",
        "old_name": "Park Street",
        "oneway": "yes",
        "surface": "asphalt"
      },
      "geometry": {
        "type": "LineString",
        "coordinates": [
          [
            88.365873,
            22.5434977
          ],
          [
            88.3660525,
            22.5433669
          ]
        ]
      },
      "id": "way/1127572638"
    },
    {
      "type": "Feature",
      "properties": {
        "@id": "way/1127572639",
        "highway": "primary",
        "junction": "roundabout",
        "lanes": "3",
        "maxspeed": "40",
        "name": "Park Circus",
        "oneway": "yes",
        "surface": "asphalt"
      },
      "geometry": {
        "type": "LineString",
        "coordinates": [
          [
            88.3657661,
            22.5432527
          ],
          [
            88.3657648,
            22.5433475
          ],
          [
            88.3657898,
            22.5434394
          ],
          [
            88.3658212,
            22.5434906
          ]
        ]
      },
      "id": "way/1127572639"
    },
    {
      "type": "Feature",
      "properties": {
        "@id": "way/1127572640",
        "alt_name": "Gariahat Road",
        "highway": "primary",
        "lane_markings": "no",
        "maxspeed": "40",
        "name": "Gariahat Flyover",
        "name:etymology:wikidata": "Q5523285",
        "oneway": "yes",
        "ref": "SH1",
        "surface": "asphalt"
      },
      "geometry": {
        "type": "LineString",
        "coordinates": [
          [
            88.3652284,
            22.5226457
          ],
          [
            88.3652444,
            22.5227254
          ],
          [
            88.3652882,
            22.5229172
          ]
        ]
      },
      "id": "way/1127572640"
    },
    {
      "type": "Feature",
      "properties": {
        "@id": "way/1127695806",
        "highway": "primary",
        "name": "Jatinda Mohan Avenue",
        "name:etymology:wikidata": "Q6164591",
        "oneway": "yes"
      },
      "geometry": {
        "type": "LineString",
        "coordinates": [
          [
            88.3664618,
            22.5996694
          ],
          [
            88.3663138,
            22.5992845
          ]
        ]
      },
      "id": "way/1127695806"
    },
    {
      "type": "Feature",
      "properties": {
        "@id": "way/1127745877",
        "highway": "primary",
        "name": "Mahatma Gandhi Road",
        "name:etymology:wikidata": "Q1001",
        "oneway": "yes"
      },
      "geometry": {
        "type": "LineString",
        "coordinates": [
          [
            88.3606532,
            22.5786562
          ],
          [
            88.3605312,
            22.5787195
          ]
        ]
      },
      "id": "way/1127745877"
    },
    {
      "type": "Feature",
      "properties": {
        "@id": "way/1127745878",
        "highway": "primary",
        "name": "Mahatma Gandhi Road",
        "name:etymology:wikidata": "Q1001",
        "oneway": "yes"
      },
      "geometry": {
        "type": "LineString",
        "coordinates": [
          [
            88.3607462,
            22.5786281
          ],
          [
            88.3606532,
            22.5786562
          ]
        ]
      },
      "id": "way/1127745878"
    },
    {
      "type": "Feature",
      "properties": {
        "@id": "way/1127839388",
        "highway": "primary",
        "maxspeed": "40",
        "name": "Acharya Prafulla Chandra Bose Road",
        "name:etymology:wikidata": "Q3351086",
        "oneway": "yes",
        "ref": "SH1"
      },
      "geometry": {
        "type": "LineString",
        "coordinates": [
          [
            88.3753116,
            22.5941297
          ],
          [
            88.3753154,
            22.5941773
          ]
        ]
      },
      "id": "way/1127839388"
    },
    {
      "type": "Feature",
      "properties": {
        "@id": "way/1127839389",
        "highway": "primary",
        "maxspeed": "40",
        "name": "Acharya Prafulla Chandra Bose Road",
        "name:etymology:wikidata": "Q3351086",
        "oneway": "yes",
        "ref": "SH1"
      },
      "geometry": {
        "type": "LineString",
        "coordinates": [
          [
            88.3753154,
            22.5941773
          ],
          [
            88.3753188,
            22.5947563
          ],
          [
            88.3753136,
            22.5950484
          ],
          [
            88.3752579,
            22.5954694
          ],
          [
            88.3751528,
            22.5958987
          ],
          [
            88.3750854,
            22.5961773
          ],
          [
            88.3749285,
            22.596833
          ],
          [
            88.3748554,
            22.5971524
          ],
          [
            88.3747678,
            22.5975191
          ],
          [
            88.37472,
            22.5976836
          ],
          [
            88.3745954,
            22.5981511
          ],
          [
            88.3745131,
            22.5985047
          ],
          [
            88.3744687,
            22.5986645
          ],
          [
            88.3743778,
            22.5989915
          ],
          [
            88.3743247,
            22.5991827
          ],
          [
            88.3743202,
            22.5991988
          ],
          [
            88.3741831,
            22.599755
          ],
          [
            88.3739445,
            22.6006943
          ],
          [
            88.3738142,
            22.6012069
          ],
          [
            88.3736498,
            22.6016934
          ],
          [
            88.3736415,
            22.601718
          ],
          [
            88.3736184,
            22.6017864
          ]
        ]
      },
      "id": "way/1127839389"
    },
    {
      "type": "Feature",
      "properties": {
        "@id": "way/1127839392",
        "highway": "primary",
        "maxspeed": "40",
        "oneway": "yes"
      },
      "geometry": {
        "type": "LineString",
        "coordinates": [
          [
            88.349877,
            22.5835287
          ],
          [
            88.3498993,
            22.5832636
          ],
          [
            88.3499394,
            22.5829432
          ],
          [
            88.3499261,
            22.5825718
          ]
        ]
      },
      "id": "way/1127839392"
    },
    {
      "type": "Feature",
      "properties": {
        "@id": "way/1127841752",
        "highway": "primary",
        "oneway": "yes"
      },
      "geometry": {
        "type": "LineString",
        "coordinates": [
          [
            88.3653561,
            22.5970897
          ],
          [
            88.3656,
            22.5975817
          ],
          [
            88.3657318,
            22.5978565
          ],
          [
            88.365983,
            22.5985435
          ]
        ]
      },
      "id": "way/1127841752"
    },
    {
      "type": "Feature",
      "properties": {
        "@id": "way/1127867223",
        "highway": "primary",
        "junction": "roundabout",
        "name": "State Highway 1",
        "ref": "SH1"
      },
      "geometry": {
        "type": "LineString",
        "coordinates": [
          [
            88.3735952,
            22.6019388
          ],
          [
            88.3736355,
            22.6019393
          ],
          [
            88.3736714,
            22.6019224
          ]
        ]
      },
      "id": "way/1127867223"
    },
    {
      "type": "Feature",
      "properties": {
        "@id": "way/1127871917",
        "highway": "primary",
        "maxspeed": "40",
        "name": "Garia Main Road",
        "ref": "SH1",
        "source": "GPS"
      },
      "geometry": {
        "type": "LineString",
        "coordinates": [
          [
            88.3873674,
            22.4543855
          ],
          [
            88.3871997,
            22.4545527
          ],
          [
            88.3870938,
            22.4546582
          ],
          [
            88.3867371,
            22.4550127
          ],
          [
            88.386375,
            22.4553746
          ],
          [
            88.3860746,
            22.4556919
          ],
          [
            88.3854228,
            22.4563934
          ],
          [
            88.3852109,
            22.4566288
          ],
          [
            88.3842667,
            22.4576796
          ],
          [
            88.3841586,
            22.4577999
          ],
          [
            88.3841139,
            22.4578497
          ],
          [
            88.3841013,
            22.4578635
          ],
          [
            88.3839771,
            22.4579996
          ],
          [
            88.3839018,
            22.4580735
          ],
          [
            88.3838257,
            22.4581606
          ],
          [
            88.3837639,
            22.458219
          ],
          [
            88.3837357,
            22.4582488
          ],
          [
            88.3836982,
            22.4582884
          ],
          [
            88.3834991,
            22.4585063
          ],
          [
            88.3831805,
            22.4588548
          ],
          [
            88.3827111,
            22.4593735
          ],
          [
            88.382351,
            22.4597572
          ],
          [
            88.3823207,
            22.4597894
          ],
          [
            88.382143,
            22.4599849
          ],
          [
            88.3821185,
            22.4600119
          ],
          [
            88.3820741,
            22.4600607
          ],
          [
            88.3817616,
            22.4604152
          ],
          [
            88.3815618,
            22.4606259
          ],
          [
            88.3812835,
            22.4609116
          ],
          [
            88.38079,
            22.4614193
          ],
          [
            88.3805841,
            22.461626
          ],
          [
            88.3804688,
            22.4617376
          ],
          [
            88.3804169,
            22.4617942
          ],
          [
            88.3803642,
            22.4618516
          ],
          [
            88.3802193,
            22.4620425
          ],
          [
            88.3801174,
            22.4622507
          ],
          [
            88.3800423,
            22.4624106
          ],
          [
            88.3799848,
            22.4625279
          ],
          [
            88.3799337,
            22.4626324
          ]
        ]
      },
      "id": "way/1127871917"
    },
    {
      "type": "Feature",
      "properties": {
        "@id": "way/1128043713",
        "highway": "primary",
        "maxspeed": "40",
        "name": "Chittaranjan Avenue",
        "name:etymology:wikidata": "Q560182",
        "name:hi": "चित्तरंजन ऐवन्यू",
        "oneway": "yes",
        "surface": "asphalt"
      },
      "geometry": {
        "type": "LineString",
        "coordinates": [
          [
            88.353354,
            22.5665145
          ],
          [
            88.3532482,
            22.5664687
          ],
          [
            88.3531035,
            22.5664061
          ],
          [
            88.3524216,
            22.566121
          ],
          [
            88.3521178,
            22.5660079
          ],
          [
            88.3520079,
            22.5659509
          ],
          [
            88.3519213,
            22.5658698
          ]
        ]
      },
      "id": "way/1128043713"
    },
    {
      "type": "Feature",
      "properties": {
        "@id": "way/1128048137",
        "highway": "primary",
        "maxspeed": "60",
        "name": "Eastern Metropolitan Bypass",
        "oneway": "yes",
        "ref": "SH3",
        "surface": "asphalt"
      },
      "geometry": {
        "type": "LineString",
        "coordinates": [
          [
            88.4086177,
            22.561629
          ],
          [
            88.408675,
            22.5615358
          ],
          [
            88.4087854,
            22.5613579
          ],
          [
            88.4090499,
            22.5609816
          ],
          [
            88.4095528,
            22.5603728
          ],
          [
            88.410212,
            22.5596181
          ],
          [
            88.4102598,
            22.5595634
          ],
          [
            88.4104988,
            22.5592998
          ],
          [
            88.4109721,
            22.5587778
          ]
        ]
      },
      "id": "way/1128048137"
    },
    {
      "type": "Feature",
      "properties": {
        "@id": "way/1128131496",
        "highway": "primary",
        "lanes": "3",
        "maxspeed": "60",
        "name": "Eastern Metropolitan Bypass",
        "oneway": "yes",
        "ref": "SH3",
        "surface": "asphalt",
        "turn:lanes": "through|through|through"
      },
      "geometry": {
        "type": "LineString",
        "coordinates": [
          [
            88.4084717,
            22.5616024
          ],
          [
            88.4083577,
            22.5618006
          ]
        ]
      },
      "id": "way/1128131496"
    },
    {
      "type": "Feature",
      "properties": {
        "@id": "way/1128131497",
        "highway": "primary",
        "lanes": "3",
        "maxspeed": "60",
        "name": "Eastern Metropolitan Bypass",
        "oneway": "yes",
        "ref": "SH3",
        "surface": "asphalt",
        "turn:lanes": "through|through|through"
      },
      "geometry": {
        "type": "LineString",
        "coordinates": [
          [
            88.4111486,
            22.5583538
          ],
          [
            88.4109399,
            22.5585845
          ]
        ]
      },
      "id": "way/1128131497"
    },
    {
      "type": "Feature",
      "properties": {
        "@id": "way/1128131498",
        "highway": "primary",
        "maxspeed": "60",
        "name": "Eastern Metropolitan Bypass",
        "oneway": "yes",
        "ref": "SH3",
        "surface": "asphalt"
      },
      "geometry": {
        "type": "LineString",
        "coordinates": [
          [
            88.4114879,
            22.5579871
          ],
          [
            88.4114245,
            22.558064
          ]
        ]
      },
      "id": "way/1128131498"
    },
    {
      "type": "Feature",
      "properties": {
        "@id": "way/1128136252",
        "alt_name": "Acharya Jagadish Chandra Bose Road",
        "bridge": "viaduct",
        "bridge:name": "Sealdah Flyover",
        "highway": "primary",
        "layer": "1",
        "maxspeed": "40",
        "name": "Vidyapati Flyover",
        "name:etymology:wikidata": "Q314267",
        "oneway": "yes",
        "ref": "SH1",
        "source": "Yahoo hires"
      },
      "geometry": {
        "type": "LineString",
        "coordinates": [
          [
            88.3701989,
            22.5686726
          ],
          [
            88.3701484,
            22.5685761
          ]
        ]
      },
      "id": "way/1128136252"
    },
    {
      "type": "Feature",
      "properties": {
        "@id": "way/1128136253",
        "highway": "primary",
        "lanes": "2",
        "maxspeed": "60",
        "oneway": "yes",
        "surface": "asphalt"
      },
      "geometry": {
        "type": "LineString",
        "coordinates": [
          [
            88.367258,
            22.5734913
          ],
          [
            88.3673212,
            22.5733983
          ],
          [
            88.367349,
            22.5733575
          ],
          [
            88.3674989,
            22.5731193
          ],
          [
            88.3678721,
            22.5725264
          ],
          [
            88.3679243,
            22.5724434
          ]
        ]
      },
      "id": "way/1128136253"
    },
    {
      "type": "Feature",
      "properties": {
        "@id": "way/1128395952",
        "highway": "primary",
        "maxspeed": "40",
        "name": "Acharya Jagadish Chandra Bose Road",
        "name:etymology:wikidata": "Q314267",
        "oneway": "yes"
      },
      "geometry": {
        "type": "LineString",
        "coordinates": [
          [
            88.359108,
            22.5409435
          ],
          [
            88.3589672,
            22.5409415
          ],
          [
            88.358884,
            22.5409417
          ],
          [
            88.358829,
            22.5409419
          ],
          [
            88.3583363,
            22.5409434
          ],
          [
            88.3581737,
            22.540958
          ]
        ]
      },
      "id": "way/1128395952"
    },
    {
      "type": "Feature",
      "properties": {
        "@id": "way/1128395953",
        "highway": "primary",
        "lanes": "4",
        "maxspeed": "40",
        "name": "Gariahat Road",
        "name:etymology:wikidata": "Q5523285",
        "oneway": "yes",
        "ref": "SH1"
      },
      "geometry": {
        "type": "LineString",
        "coordinates": [
          [
            88.3657847,
            22.5288232
          ],
          [
            88.3656999,
            22.5290938
          ],
          [
            88.3656893,
            22.5291278
          ],
          [
            88.3656777,
            22.5291647
          ],
          [
            88.3655275,
            22.5296528
          ],
          [
            88.3654645,
            22.5298832
          ],
          [
            88.3653706,
            22.53024
          ],
          [
            88.3653009,
            22.53051
          ],
          [
            88.3652184,
            22.530825
          ],
          [
            88.3651708,
            22.5310018
          ],
          [
            88.3651092,
            22.5311995
          ]
        ]
      },
      "id": "way/1128395953"
    },
    {
      "type": "Feature",
      "properties": {
        "@id": "way/1128404095",
        "highway": "primary",
        "maxspeed": "40",
        "name": "Gariahat Road",
        "name:etymology:wikidata": "Q5523285",
        "oneway": "yes",
        "ref": "SH1"
      },
      "geometry": {
        "type": "LineString",
        "coordinates": [
          [
            88.3659637,
            22.5257984
          ],
          [
            88.3660063,
            22.5260728
          ],
          [
            88.3660278,
            22.5263131
          ],
          [
            88.3660385,
            22.52665
          ],
          [
            88.3660452,
            22.5271926
          ]
        ]
      },
      "id": "way/1128404095"
    },
    {
      "type": "Feature",
      "properties": {
        "@id": "way/1128438289",
        "highway": "primary",
        "lanes": "3",
        "maxspeed": "40",
        "name": "Rash Behari Avenue",
        "name:etymology:wikidata": "Q7294817",
        "oneway": "yes"
      },
      "geometry": {
        "type": "LineString",
        "coordinates": [
          [
            88.3550975,
            22.5177562
          ],
          [
            88.3546491,
            22.51768
          ],
          [
            88.354223,
            22.5176076
          ],
          [
            88.3531254,
            22.5174236
          ],
          [
            88.3524404,
            22.5173087
          ]
        ]
      },
      "id": "way/1128438289"
    },
    {
      "type": "Feature",
      "properties": {
        "@id": "way/1128440029",
        "highway": "primary",
        "name": "Garia Main Road",
        "oneway": "yes",
        "ref": "SH1",
        "source": "maxar"
      },
      "geometry": {
        "type": "LineString",
        "coordinates": [
          [
            88.3795029,
            22.4638469
          ],
          [
            88.3796015,
            22.4635882
          ],
          [
            88.379868,
            22.4629001
          ],
          [
            88.3799336,
            22.4627319
          ]
        ]
      },
      "id": "way/1128440029"
    },
    {
      "type": "Feature",
      "properties": {
        "@id": "way/1130603776",
        "highway": "primary",
        "lanes": "2",
        "maxspeed": "60",
        "oneway": "yes",
        "surface": "asphalt"
      },
      "geometry": {
        "type": "LineString",
        "coordinates": [
          [
            88.3579701,
            22.5704824
          ],
          [
            88.3583198,
            22.5715254
          ],
          [
            88.3584452,
            22.5718992
          ],
          [
            88.3586019,
            22.5723665
          ]
        ]
      },
      "id": "way/1130603776"
    },
    {
      "type": "Feature",
      "properties": {
        "@id": "way/1130841852",
        "highway": "primary",
        "maxspeed": "40",
        "name": "Mahatma Gandhi Road",
        "name:etymology:wikidata": "Q1001",
        "oneway": "yes"
      },
      "geometry": {
        "type": "LineString",
        "coordinates": [
          [
            88.3523466,
            22.5814932
          ],
          [
            88.3521287,
            22.5815756
          ],
          [
            88.3519642,
            22.5816272
          ],
          [
            88.3512221,
            22.5818579
          ],
          [
            88.3497878,
            22.5823046
          ]
        ]
      },
      "id": "way/1130841852"
    },
    {
      "type": "Feature",
      "properties": {
        "@id": "way/1130844567",
        "highway": "primary",
        "lit": "yes",
        "maxspeed": "60",
        "name": "Eastern Metropolitan Bypass",
        "oneway": "yes",
        "ref": "SH3"
      },
      "geometry": {
        "type": "LineString",
        "coordinates": [
          [
            88.4041095,
            22.5708356
          ],
          [
            88.4041925,
            22.5706541
          ]
        ]
      },
      "id": "way/1130844567"
    },
    {
      "type": "Feature",
      "properties": {
        "@id": "way/1130844568",
        "highway": "primary",
        "lit": "yes",
        "maxspeed": "60",
        "name": "Eastern Metropolitan Bypass",
        "oneway": "yes",
        "ref": "SH3"
      },
      "geometry": {
        "type": "LineString",
        "coordinates": [
          [
            88.4040113,
            22.571083
          ],
          [
            88.4040856,
            22.5709046
          ],
          [
            88.4041095,
            22.5708356
          ]
        ]
      },
      "id": "way/1130844568"
    },
    {
      "type": "Feature",
      "properties": {
        "@id": "way/1133378200",
        "highway": "primary",
        "maxspeed": "60",
        "name": "Eastern Metropolitan Bypass",
        "oneway": "yes",
        "ref": "SH3",
        "surface": "asphalt"
      },
      "geometry": {
        "type": "LineString",
        "coordinates": [
          [
            88.4117181,
            22.5579315
          ],
          [
            88.4119096,
            22.5576854
          ],
          [
            88.412025,
            22.5575269
          ]
        ]
      },
      "id": "way/1133378200"
    },
    {
      "type": "Feature",
      "properties": {
        "@id": "way/1133425140",
        "highway": "primary",
        "lanes": "4",
        "maxspeed": "40",
        "name": "Shyama Prasad Mukherjee Road",
        "name:etymology:wikidata": "Q3344992",
        "oneway": "yes",
        "width": "12"
      },
      "geometry": {
        "type": "LineString",
        "coordinates": [
          [
            88.3458835,
            22.5151069
          ],
          [
            88.3458956,
            22.5151868
          ],
          [
            88.3458951,
            22.5154659
          ],
          [
            88.3458172,
            22.5158116
          ],
          [
            88.3457476,
            22.5160357
          ],
          [
            88.3457323,
            22.5161592
          ],
          [
            88.3457052,
            22.5163091
          ],
          [
            88.3456756,
            22.5166914
          ],
          [
            88.3456901,
            22.5169333
          ]
        ]
      },
      "id": "way/1133425140"
    },
    {
      "type": "Feature",
      "properties": {
        "@id": "way/1133680968",
        "highway": "primary",
        "maxspeed": "60",
        "name": "Eastern Metropolitan Bypass",
        "oneway": "yes"
      },
      "geometry": {
        "type": "LineString",
        "coordinates": [
          [
            88.4009542,
            22.5042461
          ],
          [
            88.400932,
            22.5041439
          ]
        ]
      },
      "id": "way/1133680968"
    },
    {
      "type": "Feature",
      "properties": {
        "@id": "way/1136651953",
        "highway": "primary",
        "lanes": "3",
        "maxspeed": "40",
        "name": "Rash Behari Avenue",
        "name:etymology:wikidata": "Q7294817",
        "oneway": "yes",
        "surface": "asphalt"
      },
      "geometry": {
        "type": "LineString",
        "coordinates": [
          [
            88.3685558,
            22.5209308
          ],
          [
            88.368194,
            22.5207762
          ],
          [
            88.3679551,
            22.5206743
          ],
          [
            88.3676608,
            22.5205535
          ],
          [
            88.3674187,
            22.5204526
          ],
          [
            88.3673915,
            22.520442
          ],
          [
            88.3673446,
            22.5204238
          ]
        ]
      },
      "id": "way/1136651953"
    },
    {
      "type": "Feature",
      "properties": {
        "@id": "way/1136691057",
        "highway": "primary",
        "maxspeed": "60",
        "name": "EM Bypass",
        "oneway": "yes",
        "surface": "paving_stones"
      },
      "geometry": {
        "type": "LineString",
        "coordinates": [
          [
            88.3898254,
            22.4718814
          ],
          [
            88.3898398,
            22.4718532
          ],
          [
            88.3899729,
            22.4716214
          ],
          [
            88.3901449,
            22.4712335
          ],
          [
            88.3903236,
            22.4709017
          ],
          [
            88.3907958,
            22.4700155
          ],
          [
            88.391212,
            22.4692164
          ],
          [
            88.3912631,
            22.4691137
          ],
          [
            88.39138,
            22.4688786
          ],
          [
            88.3915839,
            22.4685019
          ],
          [
            88.3917797,
            22.4681177
          ],
          [
            88.3920519,
            22.4675736
          ],
          [
            88.3920947,
            22.4674863
          ],
          [
            88.3921972,
            22.467277
          ],
          [
            88.3923001,
            22.4670671
          ],
          [
            88.3924395,
            22.4667945
          ],
          [
            88.3927519,
            22.4662681
          ]
        ]
      },
      "id": "way/1136691057"
    },
    {
      "type": "Feature",
      "properties": {
        "@id": "way/1136705492",
        "highway": "primary",
        "maxspeed": "40",
        "name": "Bidhan Sarani",
        "name:etymology:wikidata": "Q2901773",
        "oneway": "yes",
        "ref": "SH1",
        "source": "Yahoo hires"
      },
      "geometry": {
        "type": "LineString",
        "coordinates": [
          [
            88.3735143,
            22.6028419
          ],
          [
            88.3736463,
            22.6021727
          ],
          [
            88.3736714,
            22.6019224
          ]
        ]
      },
      "id": "way/1136705492"
    },
    {
      "type": "Feature",
      "properties": {
        "@id": "way/1136748595",
        "highway": "primary",
        "lit": "24/7",
        "maxspeed": "60",
        "name": "Eastern Metropolitan Bypass",
        "oneway": "yes",
        "sidewalk:right": "yes",
        "surface": "paving_stones"
      },
      "geometry": {
        "type": "LineString",
        "coordinates": [
          [
            88.3926133,
            22.4662321
          ],
          [
            88.3922099,
            22.4669904
          ],
          [
            88.3919831,
            22.4674295
          ],
          [
            88.3919378,
            22.4675172
          ],
          [
            88.3911277,
            22.469086
          ],
          [
            88.3910005,
            22.4693099
          ],
          [
            88.3896285,
            22.4717909
          ]
        ]
      },
      "id": "way/1136748595"
    },
    {
      "type": "Feature",
      "properties": {
        "@id": "way/1136945291",
        "highway": "primary"
      },
      "geometry": {
        "type": "LineString",
        "coordinates": [
          [
            88.3702631,
            22.5399365
          ],
          [
            88.3702879,
            22.5401573
          ]
        ]
      },
      "id": "way/1136945291"
    },
    {
      "type": "Feature",
      "properties": {
        "@id": "way/1136996405",
        "highway": "primary",
        "name": "Radha Gobinda Kar Road",
        "name:etymology:wikidata": "Q7280172",
        "oneway": "yes",
        "source": "Yahoo hires"
      },
      "geometry": {
        "type": "LineString",
        "coordinates": [
          [
            88.3791143,
            22.6037147
          ],
          [
            88.3792735,
            22.6037577
          ]
        ]
      },
      "id": "way/1136996405"
    },
    {
      "type": "Feature",
      "properties": {
        "@id": "way/1137228651",
        "highway": "primary",
        "lanes": "3",
        "maxspeed": "40",
        "name": "Deshapran Sashmal Road",
        "name:etymology:wikidata": "Q4916200",
        "oneway": "yes"
      },
      "geometry": {
        "type": "LineString",
        "coordinates": [
          [
            88.3453948,
            22.4931316
          ],
          [
            88.3454512,
            22.4929308
          ],
          [
            88.3455843,
            22.4926095
          ]
        ]
      },
      "id": "way/1137228651"
    },
    {
      "type": "Feature",
      "properties": {
        "@id": "way/1137238270",
        "highway": "primary",
        "maxspeed": "60",
        "name": "Eastern Metropolitan Bypass",
        "oneway": "yes",
        "ref": "SH3",
        "surface": "asphalt"
      },
      "geometry": {
        "type": "LineString",
        "coordinates": [
          [
            88.4115515,
            22.5581077
          ],
          [
            88.4115986,
            22.55805
          ]
        ]
      },
      "id": "way/1137238270"
    },
    {
      "type": "Feature",
      "properties": {
        "@id": "way/1137246372",
        "highway": "primary",
        "lanes": "2",
        "name": "CIT Road",
        "oneway": "yes"
      },
      "geometry": {
        "type": "LineString",
        "coordinates": [
          [
            88.3932338,
            22.5899102
          ],
          [
            88.3932115,
            22.5898078
          ]
        ]
      },
      "id": "way/1137246372"
    },
    {
      "type": "Feature",
      "properties": {
        "@id": "way/1138319998",
        "highway": "primary",
        "maxspeed": "60",
        "name": "Eastern Metropolitan Bypass",
        "oneway": "yes",
        "ref": "SH3"
      },
      "geometry": {
        "type": "LineString",
        "coordinates": [
          [
            88.4110724,
            22.5586663
          ],
          [
            88.4113116,
            22.5584022
          ],
          [
            88.4113775,
            22.5583294
          ]
        ]
      },
      "id": "way/1138319998"
    },
    {
      "type": "Feature",
      "properties": {
        "@id": "way/1138319999",
        "highway": "primary",
        "maxspeed": "60",
        "name": "Eastern Metropolitan Bypass",
        "oneway": "yes",
        "ref": "SH3"
      },
      "geometry": {
        "type": "LineString",
        "coordinates": [
          [
            88.4109721,
            22.5587778
          ],
          [
            88.4110724,
            22.5586663
          ]
        ]
      },
      "id": "way/1138319999"
    },
    {
      "type": "Feature",
      "properties": {
        "@id": "way/1143660853",
        "highway": "primary",
        "maxspeed": "40",
        "name": "Circus Avenue",
        "oneway": "yes"
      },
      "geometry": {
        "type": "LineString",
        "coordinates": [
          [
            88.3589552,
            22.5410873
          ],
          [
            88.3590911,
            22.5410898
          ],
          [
            88.3593553,
            22.5410868
          ]
        ]
      },
      "id": "way/1143660853"
    },
    {
      "type": "Feature",
      "properties": {
        "@id": "way/1147844539",
        "highway": "primary",
        "lanes": "2",
        "maxspeed": "40",
        "name": "Acharya Jagadish Chandra Bose Road",
        "name:etymology:wikidata": "Q314267",
        "oneway": "yes",
        "surface": "asphalt"
      },
      "geometry": {
        "type": "LineString",
        "coordinates": [
          [
            88.3550115,
            22.5413117
          ],
          [
            88.3553027,
            22.541278
          ],
          [
            88.3559589,
            22.5412353
          ],
          [
            88.3567723,
            22.5411812
          ]
        ]
      },
      "id": "way/1147844539"
    },
    {
      "type": "Feature",
      "properties": {
        "@id": "way/1147845161",
        "highway": "primary",
        "maxspeed": "40",
        "name": "Acharya Jagadish Chandra Bose Road",
        "name:etymology:wikidata": "Q314267",
        "oneway": "yes"
      },
      "geometry": {
        "type": "LineString",
        "coordinates": [
          [
            88.3567306,
            22.5410476
          ],
          [
            88.3562955,
            22.541075
          ],
          [
            88.3561507,
            22.5410818
          ],
          [
            88.3557056,
            22.5411039
          ],
          [
            88.3556534,
            22.5411052
          ],
          [
            88.355048,
            22.5411256
          ],
          [
            88.3549696,
            22.5411313
          ]
        ]
      },
      "id": "way/1147845161"
    },
    {
      "type": "Feature",
      "properties": {
        "@id": "way/1147922126",
        "highway": "primary",
        "lanes": "3",
        "maxspeed": "40",
        "name": "Rash Behari Avenue",
        "name:etymology:wikidata": "Q7294817",
        "oneway": "yes"
      },
      "geometry": {
        "type": "LineString",
        "coordinates": [
          [
            88.3653723,
            22.519641
          ],
          [
            88.3651613,
            22.5195567
          ]
        ]
      },
      "id": "way/1147922126"
    },
    {
      "type": "Feature",
      "properties": {
        "@id": "way/1148157523",
        "highway": "primary",
        "lanes": "2",
        "oneway": "yes"
      },
      "geometry": {
        "type": "LineString",
        "coordinates": [
          [
            88.3930264,
            22.5896743
          ],
          [
            88.3930701,
            22.5898319
          ]
        ]
      },
      "id": "way/1148157523"
    },
    {
      "type": "Feature",
      "properties": {
        "@id": "way/1148162508",
        "highway": "primary",
        "lanes": "3",
        "maxspeed": "40",
        "name": "Rash Behari Avenue",
        "name:etymology:wikidata": "Q7294817",
        "oneway": "yes"
      },
      "geometry": {
        "type": "LineString",
        "coordinates": [
          [
            88.3524404,
            22.5173087
          ],
          [
            88.3523405,
            22.517292
          ]
        ]
      },
      "id": "way/1148162508"
    },
    {
      "type": "Feature",
      "properties": {
        "@id": "way/1148194970",
        "highway": "primary",
        "name": "Canal South Road",
        "oneway": "yes"
      },
      "geometry": {
        "type": "LineString",
        "coordinates": [
          [
            88.4114879,
            22.5579871
          ],
          [
            88.4115986,
            22.55805
          ]
        ]
      },
      "id": "way/1148194970"
    },
    {
      "type": "Feature",
      "properties": {
        "@id": "way/1148198547",
        "highway": "primary",
        "maxspeed": "60",
        "name": "Eastern Metropolitan Bypass",
        "oneway": "yes",
        "ref": "SH3"
      },
      "geometry": {
        "type": "LineString",
        "coordinates": [
          [
            88.408384,
            22.5620145
          ],
          [
            88.4084633,
            22.5618822
          ]
        ]
      },
      "id": "way/1148198547"
    },
    {
      "type": "Feature",
      "properties": {
        "@id": "way/1148203050",
        "highway": "primary",
        "oneway": "yes"
      },
      "geometry": {
        "type": "LineString",
        "coordinates": [
          [
            88.3663412,
            22.599719
          ],
          [
            88.3663755,
            22.5998158
          ]
        ]
      },
      "id": "way/1148203050"
    },
    {
      "type": "Feature",
      "properties": {
        "@id": "way/1151111434",
        "highway": "primary",
        "lane_markings": "no",
        "maxspeed": "40",
        "name": "JBS Haldane Avenue",
        "name:etymology:wikidata": "Q156333",
        "oneway": "yes",
        "surface": "asphalt"
      },
      "geometry": {
        "type": "LineString",
        "coordinates": [
          [
            88.3707548,
            22.539754
          ],
          [
            88.3708128,
            22.539755
          ],
          [
            88.3708665,
            22.5397458
          ],
          [
            88.3719866,
            22.5394511
          ]
        ]
      },
      "id": "way/1151111434"
    },
    {
      "type": "Feature",
      "properties": {
        "@id": "way/1152420477",
        "highway": "primary",
        "oneway": "yes",
        "surface": "asphalt"
      },
      "geometry": {
        "type": "LineString",
        "coordinates": [
          [
            88.4117181,
            22.5579315
          ],
          [
            88.4116253,
            22.5579146
          ],
          [
            88.4115602,
            22.5579025
          ]
        ]
      },
      "id": "way/1152420477"
    },
    {
      "type": "Feature",
      "properties": {
        "@id": "way/1152420478",
        "highway": "primary",
        "maxspeed": "60",
        "name": "Eastern Metropolitan Bypass",
        "oneway": "yes",
        "ref": "SH3",
        "surface": "asphalt"
      },
      "geometry": {
        "type": "LineString",
        "coordinates": [
          [
            88.4115986,
            22.55805
          ],
          [
            88.4117181,
            22.5579315
          ]
        ]
      },
      "id": "way/1152420478"
    },
    {
      "type": "Feature",
      "properties": {
        "@id": "way/1152420482",
        "highway": "primary",
        "maxspeed": "60",
        "name": "Eastern Metropolitan Bypass",
        "oneway": "yes",
        "ref": "SH3",
        "surface": "asphalt"
      },
      "geometry": {
        "type": "LineString",
        "coordinates": [
          [
            88.4115602,
            22.5579025
          ],
          [
            88.4114879,
            22.5579871
          ]
        ]
      },
      "id": "way/1152420482"
    },
    {
      "type": "Feature",
      "properties": {
        "@id": "way/1154004382",
        "highway": "primary",
        "maxspeed": "40",
        "name": "Circus Avenue",
        "oneway": "yes"
      },
      "geometry": {
        "type": "LineString",
        "coordinates": [
          [
            88.3658485,
            22.5430761
          ],
          [
            88.3656435,
            22.5429799
          ],
          [
            88.3651966,
            22.5427701
          ],
          [
            88.3647823,
            22.5425735
          ],
          [
            88.3645452,
            22.5424596
          ],
          [
            88.3638984,
            22.5421598
          ],
          [
            88.363473,
            22.5419416
          ],
          [
            88.3629129,
            22.5417007
          ]
        ]
      },
      "id": "way/1154004382"
    },
    {
      "type": "Feature",
      "properties": {
        "@id": "way/1156878031",
        "highway": "primary",
        "lanes": "3",
        "maxspeed": "40",
        "name": "Rash Behari Avenue Connector",
        "name:etymology:wikidata": "Q7294817",
        "oneway": "yes"
      },
      "geometry": {
        "type": "LineString",
        "coordinates": [
          [
            88.376388,
            22.5195355
          ],
          [
            88.3768068,
            22.5194484
          ],
          [
            88.3773998,
            22.5194197
          ],
          [
            88.3779954,
            22.5193859
          ],
          [
            88.3784433,
            22.5193512
          ],
          [
            88.3784819,
            22.519346
          ]
        ]
      },
      "id": "way/1156878031"
    },
    {
      "type": "Feature",
      "properties": {
        "@id": "way/1166212047",
        "highway": "primary",
        "name": "Jatinda Mohan Avenue",
        "name:etymology:wikidata": "Q6164591",
        "oneway": "yes"
      },
      "geometry": {
        "type": "LineString",
        "coordinates": [
          [
            88.3655179,
            22.5970403
          ],
          [
            88.3654561,
            22.5969162
          ],
          [
            88.3652752,
            22.5963696
          ]
        ]
      },
      "id": "way/1166212047"
    },
    {
      "type": "Feature",
      "properties": {
        "@id": "way/1166212048",
        "highway": "primary",
        "oneway": "yes"
      },
      "geometry": {
        "type": "LineString",
        "coordinates": [
          [
            88.3651418,
            22.5964049
          ],
          [
            88.3653561,
            22.5970897
          ]
        ]
      },
      "id": "way/1166212048"
    },
    {
      "type": "Feature",
      "properties": {
        "@id": "way/1174034509",
        "highway": "primary",
        "name": "Jatinda Mohan Avenue",
        "name:etymology:wikidata": "Q6164591",
        "oneway": "yes"
      },
      "geometry": {
        "type": "LineString",
        "coordinates": [
          [
            88.3660802,
            22.598563
          ],
          [
            88.3659936,
            22.598292
          ]
        ]
      },
      "id": "way/1174034509"
    },
    {
      "type": "Feature",
      "properties": {
        "@id": "way/1174034510",
        "highway": "primary",
        "name": "Jatinda Mohan Avenue",
        "name:etymology:wikidata": "Q6164591",
        "oneway": "yes"
      },
      "geometry": {
        "type": "LineString",
        "coordinates": [
          [
            88.3659936,
            22.598292
          ],
          [
            88.3658519,
            22.5978848
          ],
          [
            88.3657679,
            22.5976436
          ],
          [
            88.3655179,
            22.5970403
          ]
        ]
      },
      "id": "way/1174034510"
    },
    {
      "type": "Feature",
      "properties": {
        "@id": "way/1174034511",
        "highway": "primary",
        "oneway": "yes"
      },
      "geometry": {
        "type": "LineString",
        "coordinates": [
          [
            88.365983,
            22.5985435
          ],
          [
            88.366087,
            22.5989342
          ]
        ]
      },
      "id": "way/1174034511"
    },
    {
      "type": "Feature",
      "properties": {
        "@id": "way/1174034513",
        "highway": "primary",
        "oneway": "yes"
      },
      "geometry": {
        "type": "LineString",
        "coordinates": [
          [
            88.366087,
            22.5989342
          ],
          [
            88.3662041,
            22.5993469
          ]
        ]
      },
      "id": "way/1174034513"
    },
    {
      "type": "Feature",
      "properties": {
        "@id": "way/1174037650",
        "highway": "primary",
        "oneway": "yes"
      },
      "geometry": {
        "type": "LineString",
        "coordinates": [
          [
            88.3662041,
            22.5993469
          ],
          [
            88.3663412,
            22.599719
          ]
        ]
      },
      "id": "way/1174037650"
    },
    {
      "type": "Feature",
      "properties": {
        "@id": "way/1174037652",
        "highway": "primary",
        "name": "Jatinda Mohan Avenue",
        "name:etymology:wikidata": "Q6164591",
        "oneway": "yes"
      },
      "geometry": {
        "type": "LineString",
        "coordinates": [
          [
            88.3663138,
            22.5992845
          ],
          [
            88.366143,
            22.5987568
          ]
        ]
      },
      "id": "way/1174037652"
    },
    {
      "type": "Feature",
      "properties": {
        "@id": "way/1174040629",
        "highway": "primary",
        "maxspeed": "40",
        "name": "Bupendra Bose Avenue",
        "name:etymology:wikidata": "Q4902176",
        "oneway": "yes"
      },
      "geometry": {
        "type": "LineString",
        "coordinates": [
          [
            88.3669436,
            22.5999425
          ],
          [
            88.3676317,
            22.6001102
          ],
          [
            88.3683027,
            22.6002915
          ],
          [
            88.3683963,
            22.6003149
          ],
          [
            88.369043,
            22.6004694
          ],
          [
            88.3700523,
            22.6007296
          ],
          [
            88.3707759,
            22.6009233
          ],
          [
            88.3710074,
            22.6009924
          ],
          [
            88.3719612,
            22.6013157
          ],
          [
            88.3723898,
            22.6014603
          ],
          [
            88.3732391,
            22.6016474
          ],
          [
            88.3735334,
            22.601853
          ]
        ]
      },
      "id": "way/1174040629"
    },
    {
      "type": "Feature",
      "properties": {
        "@id": "way/1174040630",
        "highway": "primary",
        "oneway": "yes"
      },
      "geometry": {
        "type": "LineString",
        "coordinates": [
          [
            88.3664918,
            22.6001447
          ],
          [
            88.3667098,
            22.6006976
          ],
          [
            88.3667859,
            22.6008953
          ],
          [
            88.3671166,
            22.6018052
          ],
          [
            88.3671385,
            22.6018758
          ],
          [
            88.3673197,
            22.6024622
          ],
          [
            88.3675591,
            22.6030681
          ],
          [
            88.3678525,
            22.6038076
          ]
        ]
      },
      "id": "way/1174040630"
    },
    {
      "type": "Feature",
      "properties": {
        "@id": "way/1174044692",
        "highway": "primary",
        "oneway": "yes"
      },
      "geometry": {
        "type": "LineString",
        "coordinates": [
          [
            88.3649665,
            22.5958436
          ],
          [
            88.36497,
            22.595855
          ],
          [
            88.3651418,
            22.5964049
          ]
        ]
      },
      "id": "way/1174044692"
    },
    {
      "type": "Feature",
      "properties": {
        "@id": "way/1174044693",
        "highway": "primary",
        "name": "Jatinda Mohan Avenue",
        "name:etymology:wikidata": "Q6164591",
        "oneway": "yes"
      },
      "geometry": {
        "type": "LineString",
        "coordinates": [
          [
            88.3652752,
            22.5963696
          ],
          [
            88.3650934,
            22.5958201
          ],
          [
            88.3650897,
            22.5958063
          ]
        ]
      },
      "id": "way/1174044693"
    },
    {
      "type": "Feature",
      "properties": {
        "@id": "way/1174049305",
        "highway": "primary",
        "oneway": "yes"
      },
      "geometry": {
        "type": "LineString",
        "coordinates": [
          [
            88.3647108,
            22.5948349
          ],
          [
            88.3647536,
            22.5950094
          ],
          [
            88.3649635,
            22.5958319
          ],
          [
            88.3649665,
            22.5958436
          ]
        ]
      },
      "id": "way/1174049305"
    },
    {
      "type": "Feature",
      "properties": {
        "@id": "way/1174049306",
        "highway": "primary",
        "name": "Jatinda Mohan Avenue",
        "name:etymology:wikidata": "Q6164591",
        "oneway": "yes"
      },
      "geometry": {
        "type": "LineString",
        "coordinates": [
          [
            88.3646383,
            22.5938993
          ],
          [
            88.3646259,
            22.5938461
          ],
          [
            88.3646092,
            22.593774
          ],
          [
            88.3644219,
            22.5929664
          ],
          [
            88.3642695,
            22.5923091
          ]
        ]
      },
      "id": "way/1174049306"
    },
    {
      "type": "Feature",
      "properties": {
        "@id": "way/1174049307",
        "highway": "primary",
        "name": "Jatinda Mohan Avenue",
        "name:etymology:wikidata": "Q6164591",
        "oneway": "yes"
      },
      "geometry": {
        "type": "LineString",
        "coordinates": [
          [
            88.3646601,
            22.5939935
          ],
          [
            88.3646383,
            22.5938993
          ]
        ]
      },
      "id": "way/1174049307"
    },
    {
      "type": "Feature",
      "properties": {
        "@id": "way/1174049311",
        "highway": "primary",
        "oneway": "yes"
      },
      "geometry": {
        "type": "LineString",
        "coordinates": [
          [
            88.3644793,
            22.5939247
          ],
          [
            88.3645819,
            22.5943111
          ]
        ]
      },
      "id": "way/1174049311"
    },
    {
      "type": "Feature",
      "properties": {
        "@id": "way/1174197314",
        "highway": "primary",
        "name": "Jatinda Mohan Avenue",
        "name:etymology:wikidata": "Q6164591",
        "oneway": "yes"
      },
      "geometry": {
        "type": "LineString",
        "coordinates": [
          [
            88.3641249,
            22.5916854
          ],
          [
            88.3641073,
            22.5916036
          ]
        ]
      },
      "id": "way/1174197314"
    },
    {
      "type": "Feature",
      "properties": {
        "@id": "way/1174197315",
        "highway": "primary",
        "name": "Jatinda Mohan Avenue",
        "name:etymology:wikidata": "Q6164591",
        "oneway": "yes"
      },
      "geometry": {
        "type": "LineString",
        "coordinates": [
          [
            88.3641073,
            22.5916036
          ],
          [
            88.3639697,
            22.5910155
          ],
          [
            88.3638954,
            22.5906884
          ]
        ]
      },
      "id": "way/1174197315"
    },
    {
      "type": "Feature",
      "properties": {
        "@id": "way/1174197318",
        "highway": "primary",
        "oneway": "yes"
      },
      "geometry": {
        "type": "LineString",
        "coordinates": [
          [
            88.3640892,
            22.5921555
          ],
          [
            88.3642093,
            22.5926902
          ],
          [
            88.3643719,
            22.5934586
          ],
          [
            88.3644793,
            22.5939247
          ]
        ]
      },
      "id": "way/1174197318"
    },
    {
      "type": "Feature",
      "properties": {
        "@id": "way/1174197319",
        "highway": "primary",
        "oneway": "yes"
      },
      "geometry": {
        "type": "LineString",
        "coordinates": [
          [
            88.363908,
            22.5913445
          ],
          [
            88.3639787,
            22.5916521
          ],
          [
            88.3639917,
            22.5917086
          ]
        ]
      },
      "id": "way/1174197319"
    },
    {
      "type": "Feature",
      "properties": {
        "@id": "way/1174212167",
        "highway": "primary",
        "name": "Jatinda Mohan Avenue",
        "name:etymology:wikidata": "Q6164591",
        "oneway": "yes"
      },
      "geometry": {
        "type": "LineString",
        "coordinates": [
          [
            88.366143,
            22.5987568
          ],
          [
            88.3661006,
            22.598626
          ],
          [
            88.3660802,
            22.598563
          ]
        ]
      },
      "id": "way/1174212167"
    },
    {
      "type": "Feature",
      "properties": {
        "@id": "way/1174212170",
        "highway": "primary",
        "oneway": "yes"
      },
      "geometry": {
        "type": "LineString",
        "coordinates": [
          [
            88.3639917,
            22.5917086
          ],
          [
            88.3640892,
            22.5921555
          ]
        ]
      },
      "id": "way/1174212170"
    },
    {
      "type": "Feature",
      "properties": {
        "@id": "way/1174212172",
        "highway": "primary",
        "name": "Jatinda Mohan Avenue",
        "name:etymology:wikidata": "Q6164591",
        "oneway": "yes"
      },
      "geometry": {
        "type": "LineString",
        "coordinates": [
          [
            88.3642695,
            22.5923091
          ],
          [
            88.3641858,
            22.5919483
          ],
          [
            88.3641249,
            22.5916854
          ]
        ]
      },
      "id": "way/1174212172"
    },
    {
      "type": "Feature",
      "properties": {
        "@id": "way/1174213093",
        "highway": "primary",
        "name": "Jatinda Mohan Avenue",
        "name:etymology:wikidata": "Q6164591",
        "oneway": "yes"
      },
      "geometry": {
        "type": "LineString",
        "coordinates": [
          [
            88.3638954,
            22.5906884
          ],
          [
            88.3637941,
            22.5902693
          ]
        ]
      },
      "id": "way/1174213093"
    },
    {
      "type": "Feature",
      "properties": {
        "@id": "way/1174213095",
        "highway": "primary",
        "oneway": "yes"
      },
      "geometry": {
        "type": "LineString",
        "coordinates": [
          [
            88.3638129,
            22.590934
          ],
          [
            88.363908,
            22.5913445
          ]
        ]
      },
      "id": "way/1174213095"
    },
    {
      "type": "Feature",
      "properties": {
        "@id": "way/1174213096",
        "highway": "primary",
        "oneway": "yes"
      },
      "geometry": {
        "type": "LineString",
        "coordinates": [
          [
            88.3636734,
            22.5903005
          ],
          [
            88.3638129,
            22.590934
          ]
        ]
      },
      "id": "way/1174213096"
    },
    {
      "type": "Feature",
      "properties": {
        "@id": "way/1174214863",
        "highway": "primary",
        "name": "Chittaranjan Avenue",
        "name:etymology:wikidata": "Q560182",
        "oneway": "yes"
      },
      "geometry": {
        "type": "LineString",
        "coordinates": [
          [
            88.363425,
            22.5888886
          ],
          [
            88.3633167,
            22.588461
          ],
          [
            88.3632357,
            22.588141
          ],
          [
            88.3632022,
            22.5880029
          ],
          [
            88.3631054,
            22.5876032
          ],
          [
            88.3630817,
            22.5875053
          ]
        ]
      },
      "id": "way/1174214863"
    },
    {
      "type": "Feature",
      "properties": {
        "@id": "way/1174214864",
        "highway": "primary",
        "oneway": "yes"
      },
      "geometry": {
        "type": "LineString",
        "coordinates": [
          [
            88.3634243,
            22.589403
          ],
          [
            88.3636734,
            22.5903005
          ]
        ]
      },
      "id": "way/1174214864"
    },
    {
      "type": "Feature",
      "properties": {
        "@id": "way/1174215509",
        "highway": "primary",
        "oneway": "yes"
      },
      "geometry": {
        "type": "LineString",
        "coordinates": [
          [
            88.3631888,
            22.5885188
          ],
          [
            88.3634243,
            22.589403
          ]
        ]
      },
      "id": "way/1174215509"
    },
    {
      "type": "Feature",
      "properties": {
        "@id": "way/1174215510",
        "highway": "primary",
        "name": "Chittaranjan Avenue",
        "name:etymology:wikidata": "Q560182",
        "oneway": "yes"
      },
      "geometry": {
        "type": "LineString",
        "coordinates": [
          [
            88.3635563,
            22.5893599
          ],
          [
            88.363425,
            22.5888886
          ]
        ]
      },
      "id": "way/1174215510"
    },
    {
      "type": "Feature",
      "properties": {
        "@id": "way/1174219169",
        "highway": "primary",
        "oneway": "yes"
      },
      "geometry": {
        "type": "LineString",
        "coordinates": [
          [
            88.3626885,
            22.5862899
          ],
          [
            88.362731,
            22.5866305
          ],
          [
            88.3628376,
            22.5870815
          ]
        ]
      },
      "id": "way/1174219169"
    },
    {
      "type": "Feature",
      "properties": {
        "@id": "way/1174219170",
        "highway": "primary",
        "name": "Chittaranjan Avenue",
        "name:etymology:wikidata": "Q560182",
        "oneway": "yes"
      },
      "geometry": {
        "type": "LineString",
        "coordinates": [
          [
            88.3630817,
            22.5875053
          ],
          [
            88.3629612,
            22.5870747
          ],
          [
            88.3628677,
            22.5867408
          ],
          [
            88.3627787,
            22.5862116
          ]
        ]
      },
      "id": "way/1174219170"
    },
    {
      "type": "Feature",
      "properties": {
        "@id": "way/1174219173",
        "highway": "primary",
        "oneway": "yes"
      },
      "geometry": {
        "type": "LineString",
        "coordinates": [
          [
            88.3628376,
            22.5870815
          ],
          [
            88.3629442,
            22.5875324
          ]
        ]
      },
      "id": "way/1174219173"
    },
    {
      "type": "Feature",
      "properties": {
        "@id": "way/1174219174",
        "highway": "primary",
        "oneway": "yes"
      },
      "geometry": {
        "type": "LineString",
        "coordinates": [
          [
            88.3630227,
            22.5878527
          ],
          [
            88.3630673,
            22.588052
          ],
          [
            88.3631277,
            22.5882782
          ],
          [
            88.363163,
            22.5884161
          ],
          [
            88.3631888,
            22.5885188
          ]
        ]
      },
      "id": "way/1174219174"
    },
    {
      "type": "Feature",
      "properties": {
        "@id": "way/1174996579",
        "highway": "primary",
        "lanes": "3",
        "maxspeed": "40",
        "name": "Rash Behari Avenue",
        "name:etymology:wikidata": "Q7294817",
        "oneway": "yes"
      },
      "geometry": {
        "type": "LineString",
        "coordinates": [
          [
            88.3568113,
            22.5180405
          ],
          [
            88.3560635,
            22.5179175
          ]
        ]
      },
      "id": "way/1174996579"
    },
    {
      "type": "Feature",
      "properties": {
        "@id": "way/1174996580",
        "highway": "primary",
        "lanes": "3",
        "maxspeed": "40",
        "name": "Rash Behari Avenue",
        "name:etymology:wikidata": "Q7294817",
        "oneway": "yes"
      },
      "geometry": {
        "type": "LineString",
        "coordinates": [
          [
            88.3525832,
            22.5174923
          ],
          [
            88.3536991,
            22.5176761
          ],
          [
            88.3542027,
            22.5177591
          ],
          [
            88.3548077,
            22.5178572
          ],
          [
            88.3550491,
            22.5178936
          ]
        ]
      },
      "id": "way/1174996580"
    },
    {
      "type": "Feature",
      "properties": {
        "@id": "way/1174996581",
        "highway": "primary",
        "lanes": "3",
        "maxspeed": "40",
        "name": "Rash Behari Avenue",
        "name:etymology:wikidata": "Q7294817",
        "oneway": "yes"
      },
      "geometry": {
        "type": "LineString",
        "coordinates": [
          [
            88.3570149,
            22.5180803
          ],
          [
            88.3568113,
            22.5180405
          ]
        ]
      },
      "id": "way/1174996581"
    },
    {
      "type": "Feature",
      "properties": {
        "@id": "way/1174996582",
        "highway": "primary",
        "lanes": "3",
        "maxspeed": "40",
        "name": "Rash Behari Avenue",
        "name:etymology:wikidata": "Q7294817",
        "oneway": "yes"
      },
      "geometry": {
        "type": "LineString",
        "coordinates": [
          [
            88.3567788,
            22.5181859
          ],
          [
            88.3569777,
            22.5182223
          ]
        ]
      },
      "id": "way/1174996582"
    },
    {
      "type": "Feature",
      "properties": {
        "@id": "way/1178296016",
        "highway": "primary",
        "lanes": "4",
        "maxspeed": "40",
        "name": "Syed Amir Ali Avenue",
        "name:etymology:wikidata": "Q2525731",
        "oneway": "yes",
        "ref": "SH1",
        "surface": "asphalt"
      },
      "geometry": {
        "type": "LineString",
        "coordinates": [
          [
            88.3657703,
            22.541929
          ],
          [
            88.365835,
            22.5422111
          ]
        ]
      },
      "id": "way/1178296016"
    },
    {
      "type": "Feature",
      "properties": {
        "@id": "way/1192799362",
        "highway": "primary",
        "lanes": "2",
        "maxspeed": "60",
        "oneway": "yes",
        "surface": "asphalt"
      },
      "geometry": {
        "type": "LineString",
        "coordinates": [
          [
            88.3596101,
            22.5753449
          ],
          [
            88.3597997,
            22.5759574
          ],
          [
            88.359956,
            22.5764405
          ],
          [
            88.3601055,
            22.5769268
          ],
          [
            88.360124,
            22.5769951
          ],
          [
            88.3602949,
            22.5776426
          ],
          [
            88.3604686,
            22.5781266
          ],
          [
            88.3606532,
            22.5786562
          ],
          [
            88.3606826,
            22.5787343
          ]
        ]
      },
      "id": "way/1192799362"
    },
    {
      "type": "Feature",
      "properties": {
        "@id": "way/1192799363",
        "highway": "primary",
        "lanes": "2",
        "maxspeed": "60",
        "name": "Chittaranjan Avenue",
        "name:etymology:wikidata": "Q560182",
        "oneway": "yes",
        "surface": "asphalt"
      },
      "geometry": {
        "type": "LineString",
        "coordinates": [
          [
            88.3595917,
            22.5747256
          ],
          [
            88.3594476,
            22.5743019
          ],
          [
            88.359304,
            22.5738798
          ],
          [
            88.359216,
            22.5736212
          ],
          [
            88.3587936,
            22.572397
          ],
          [
            88.3587801,
            22.5723396
          ],
          [
            88.3584789,
            22.5714884
          ],
          [
            88.3583345,
            22.5710298
          ],
          [
            88.358131,
            22.5704315
          ]
        ]
      },
      "id": "way/1192799363"
    },
    {
      "type": "Feature",
      "properties": {
        "@id": "way/1192799364",
        "highway": "primary",
        "lanes": "2",
        "maxspeed": "60",
        "name": "Chittaranjan Avenue",
        "name:etymology:wikidata": "Q560182",
        "oneway": "yes",
        "surface": "asphalt"
      },
      "geometry": {
        "type": "LineString",
        "coordinates": [
          [
            88.3598749,
            22.5755947
          ],
          [
            88.3597846,
            22.5752926
          ]
        ]
      },
      "id": "way/1192799364"
    },
    {
      "type": "Feature",
      "properties": {
        "@id": "way/1192799366",
        "highway": "primary",
        "lanes": "2",
        "maxspeed": "60",
        "name": "Chittaranjan Avenue",
        "name:etymology:wikidata": "Q560182",
        "oneway": "yes",
        "surface": "asphalt"
      },
      "geometry": {
        "type": "LineString",
        "coordinates": [
          [
            88.3597846,
            22.5752926
          ],
          [
            88.3595917,
            22.5747256
          ]
        ]
      },
      "id": "way/1192799366"
    },
    {
      "type": "Feature",
      "properties": {
        "@id": "way/1192800521",
        "highway": "primary",
        "lanes": "2",
        "maxspeed": "60",
        "oneway": "yes",
        "surface": "asphalt"
      },
      "geometry": {
        "type": "LineString",
        "coordinates": [
          [
            88.3594159,
            22.574771
          ],
          [
            88.3596101,
            22.5753449
          ]
        ]
      },
      "id": "way/1192800521"
    },
    {
      "type": "Feature",
      "properties": {
        "@id": "way/1192802636",
        "highway": "primary",
        "maxspeed": "40",
        "name": "Rash Behari Avenue Connector",
        "name:etymology:wikidata": "Q7294817",
        "oneway": "yes"
      },
      "geometry": {
        "type": "LineString",
        "coordinates": [
          [
            88.3965876,
            22.5138432
          ],
          [
            88.3959277,
            22.5139574
          ],
          [
            88.3956636,
            22.5139886
          ]
        ]
      },
      "id": "way/1192802636"
    },
    {
      "type": "Feature",
      "properties": {
        "@id": "way/1192802637",
        "highway": "primary",
        "maxspeed": "40",
        "name": "Rash Behari Avenue Connector",
        "name:etymology:wikidata": "Q7294817",
        "oneway": "yes"
      },
      "geometry": {
        "type": "LineString",
        "coordinates": [
          [
            88.3956766,
            22.5140669
          ],
          [
            88.3959254,
            22.5140347
          ],
          [
            88.3959382,
            22.5140331
          ],
          [
            88.3966537,
            22.5139538
          ]
        ]
      },
      "id": "way/1192802637"
    },
    {
      "type": "Feature",
      "properties": {
        "@id": "way/1192802639",
        "highway": "primary",
        "maxspeed": "40",
        "name": "Rash Behari Avenue Connector",
        "name:etymology:wikidata": "Q7294817",
        "oneway": "yes"
      },
      "geometry": {
        "type": "LineString",
        "coordinates": [
          [
            88.3953869,
            22.5140212
          ],
          [
            88.3952865,
            22.514033
          ],
          [
            88.3951104,
            22.5140538
          ]
        ]
      },
      "id": "way/1192802639"
    },
    {
      "type": "Feature",
      "properties": {
        "@id": "way/1192802640",
        "highway": "primary",
        "maxspeed": "40",
        "name": "Rash Behari Avenue Connector",
        "name:etymology:wikidata": "Q7294817",
        "oneway": "yes"
      },
      "geometry": {
        "type": "LineString",
        "coordinates": [
          [
            88.3951199,
            22.5141317
          ],
          [
            88.3953959,
            22.5140978
          ]
        ]
      },
      "id": "way/1192802640"
    },
    {
      "type": "Feature",
      "properties": {
        "@id": "way/1192802642",
        "highway": "primary",
        "maxspeed": "40",
        "name": "Rash Behari Avenue Connector",
        "name:etymology:wikidata": "Q7294817",
        "oneway": "yes"
      },
      "geometry": {
        "type": "LineString",
        "coordinates": [
          [
            88.3953959,
            22.5140978
          ],
          [
            88.3955136,
            22.5140844
          ],
          [
            88.3956766,
            22.5140669
          ]
        ]
      },
      "id": "way/1192802642"
    },
    {
      "type": "Feature",
      "properties": {
        "@id": "way/1192802643",
        "highway": "primary",
        "maxspeed": "40",
        "name": "Rash Behari Avenue Connector",
        "name:etymology:wikidata": "Q7294817",
        "oneway": "yes"
      },
      "geometry": {
        "type": "LineString",
        "coordinates": [
          [
            88.3956636,
            22.5139886
          ],
          [
            88.3955159,
            22.514006
          ],
          [
            88.3953869,
            22.5140212
          ]
        ]
      },
      "id": "way/1192802643"
    },
    {
      "type": "Feature",
      "properties": {
        "@id": "way/1192920759",
        "highway": "primary",
        "maxspeed": "40",
        "name": "Raja Subodh Chandra Mullick Road",
        "name:etymology:wikidata": "Q21176797",
        "oneway": "yes",
        "ref": "SH1"
      },
      "geometry": {
        "type": "LineString",
        "coordinates": [
          [
            88.3723129,
            22.49152
          ],
          [
            88.3722827,
            22.4916575
          ]
        ]
      },
      "id": "way/1192920759"
    },
    {
      "type": "Feature",
      "properties": {
        "@id": "way/1192920762",
        "highway": "primary",
        "maxspeed": "40",
        "name": "Raja Subodh Chandra Mullick Road",
        "name:etymology:wikidata": "Q21176797",
        "oneway": "yes",
        "ref": "SH1"
      },
      "geometry": {
        "type": "LineString",
        "coordinates": [
          [
            88.3723607,
            22.4911272
          ],
          [
            88.3723329,
            22.4909893
          ],
          [
            88.3723176,
            22.4908827
          ],
          [
            88.372278,
            22.4906066
          ],
          [
            88.372266,
            22.4904897
          ],
          [
            88.3722532,
            22.4904011
          ],
          [
            88.3722232,
            22.4902251
          ],
          [
            88.3721662,
            22.4899226
          ],
          [
            88.3721953,
            22.4898098
          ],
          [
            88.3722121,
            22.4897629
          ],
          [
            88.3723411,
            22.4894881
          ],
          [
            88.372354,
            22.4894232
          ]
        ]
      },
      "id": "way/1192920762"
    },
    {
      "type": "Feature",
      "properties": {
        "@id": "way/1192926451",
        "highway": "primary",
        "lanes": "3",
        "maxspeed": "40",
        "name": "Rash Behari Avenue",
        "name:etymology:wikidata": "Q7294817",
        "oneway": "yes",
        "surface": "asphalt"
      },
      "geometry": {
        "type": "LineString",
        "coordinates": [
          [
            88.345921,
            22.5170645
          ],
          [
            88.3459306,
            22.5170646
          ],
          [
            88.3459778,
            22.5170652
          ],
          [
            88.3461546,
            22.5170674
          ],
          [
            88.3469233,
            22.5171005
          ],
          [
            88.3473426,
            22.5170614
          ],
          [
            88.347755,
            22.51699
          ],
          [
            88.3481551,
            22.5169086
          ],
          [
            88.3483982,
            22.5168617
          ],
          [
            88.3484995,
            22.5168472
          ],
          [
            88.3486115,
            22.5168498
          ],
          [
            88.3488378,
            22.5168808
          ]
        ]
      },
      "id": "way/1192926451"
    },
    {
      "type": "Feature",
      "properties": {
        "@id": "way/1192926453",
        "highway": "primary",
        "lanes": "3",
        "maxspeed": "40",
        "name": "Rash Behari Avenue",
        "name:etymology:wikidata": "Q7294817",
        "oneway": "yes",
        "surface": "asphalt"
      },
      "geometry": {
        "type": "LineString",
        "coordinates": [
          [
            88.3488441,
            22.5167954
          ],
          [
            88.3484005,
            22.5167637
          ],
          [
            88.3477407,
            22.5168972
          ],
          [
            88.347492,
            22.516941
          ],
          [
            88.3471987,
            22.5169785
          ],
          [
            88.346918,
            22.5169951
          ],
          [
            88.3464523,
            22.5169774
          ],
          [
            88.3462553,
            22.5169699
          ]
        ]
      },
      "id": "way/1192926453"
    },
    {
      "type": "Feature",
      "properties": {
        "@id": "way/1192926454",
        "highway": "primary",
        "lanes": "3",
        "maxspeed": "40",
        "name": "Rash Behari Avenue",
        "name:etymology:wikidata": "Q7294817",
        "oneway": "yes",
        "surface": "asphalt"
      },
      "geometry": {
        "type": "LineString",
        "coordinates": [
          [
            88.3488378,
            22.5168808
          ],
          [
            88.3490104,
            22.5169044
          ]
        ]
      },
      "id": "way/1192926454"
    },
    {
      "type": "Feature",
      "properties": {
        "@id": "way/1192926455",
        "highway": "primary",
        "lanes": "3",
        "maxspeed": "40",
        "name": "Rash Behari Avenue",
        "name:etymology:wikidata": "Q7294817",
        "oneway": "yes",
        "surface": "asphalt"
      },
      "geometry": {
        "type": "LineString",
        "coordinates": [
          [
            88.3490195,
            22.516808
          ],
          [
            88.3488441,
            22.5167954
          ]
        ]
      },
      "id": "way/1192926455"
    },
    {
      "type": "Feature",
      "properties": {
        "@id": "way/1192926456",
        "highway": "primary",
        "lanes": "3",
        "maxspeed": "40",
        "name": "Rash Behari Avenue",
        "name:etymology:wikidata": "Q7294817",
        "oneway": "yes",
        "surface": "asphalt"
      },
      "geometry": {
        "type": "LineString",
        "coordinates": [
          [
            88.3492254,
            22.5168329
          ],
          [
            88.3490195,
            22.516808
          ]
        ]
      },
      "id": "way/1192926456"
    },
    {
      "type": "Feature",
      "properties": {
        "@id": "way/1192926460",
        "highway": "primary",
        "lanes": "3",
        "maxspeed": "40",
        "name": "Rash Behari Avenue",
        "name:etymology:wikidata": "Q7294817",
        "oneway": "yes",
        "surface": "asphalt"
      },
      "geometry": {
        "type": "LineString",
        "coordinates": [
          [
            88.3491984,
            22.5169246
          ],
          [
            88.3499215,
            22.5170414
          ],
          [
            88.3508631,
            22.517198
          ],
          [
            88.3523069,
            22.5174468
          ]
        ]
      },
      "id": "way/1192926460"
    },
    {
      "type": "Feature",
      "properties": {
        "@id": "way/1193003736",
        "highway": "primary",
        "lane_markings": "no",
        "maxspeed": "40",
        "name": "Acharya Jagadish Chandra Bose Road",
        "name:etymology:wikidata": "Q314267",
        "oneway": "yes",
        "surface": "asphalt"
      },
      "geometry": {
        "type": "LineString",
        "coordinates": [
          [
            88.3669856,
            22.5614243
          ],
          [
            88.3671211,
            22.5617248
          ]
        ]
      },
      "id": "way/1193003736"
    },
    {
      "type": "Feature",
      "properties": {
        "@id": "way/1193003737",
        "highway": "primary",
        "lanes": "4",
        "maxspeed": "40",
        "name": "AJC Bose Road",
        "name:bn": "আচার্য জগদীশচন্দ্র বসু রোড",
        "name:etymology:wikidata": "Q314267",
        "oneway": "yes",
        "ref": "SH1",
        "source": "Mapbox Satellite",
        "surface": "asphalt"
      },
      "geometry": {
        "type": "LineString",
        "coordinates": [
          [
            88.3672799,
            22.5618497
          ],
          [
            88.3672063,
            22.561657
          ]
        ]
      },
      "id": "way/1193003737"
    },
    {
      "type": "Feature",
      "properties": {
        "@id": "way/1193003738",
        "highway": "primary",
        "lane_markings": "no",
        "maxspeed": "40",
        "name": "Acharya Jagadish Chandra Bose Road",
        "name:etymology:wikidata": "Q314267",
        "oneway": "yes",
        "surface": "asphalt"
      },
      "geometry": {
        "type": "LineString",
        "coordinates": [
          [
            88.3672157,
            22.5619448
          ],
          [
            88.3672487,
            22.5620281
          ]
        ]
      },
      "id": "way/1193003738"
    },
    {
      "type": "Feature",
      "properties": {
        "@id": "way/1193003739",
        "highway": "primary",
        "lanes": "4",
        "maxspeed": "40",
        "name": "AJC Bose Road",
        "name:bn": "আচার্য জগদীশচন্দ্র বসু রোড",
        "name:etymology:wikidata": "Q314267",
        "oneway": "yes",
        "ref": "SH1",
        "source": "Mapbox Satellite",
        "surface": "asphalt"
      },
      "geometry": {
        "type": "LineString",
        "coordinates": [
          [
            88.3673414,
            22.5619962
          ],
          [
            88.3673069,
            22.5619123
          ]
        ]
      },
      "id": "way/1193003739"
    },
    {
      "type": "Feature",
      "properties": {
        "@id": "way/1193003740",
        "highway": "primary",
        "lanes": "4",
        "maxspeed": "40",
        "name": "AJC Bose Road",
        "name:bn": "আচার্য জগদীশচন্দ্র বসু রোড",
        "name:etymology:wikidata": "Q314267",
        "oneway": "yes",
        "ref": "SH1",
        "source": "Mapbox Satellite",
        "surface": "asphalt"
      },
      "geometry": {
        "type": "LineString",
        "coordinates": [
          [
            88.3673765,
            22.5620813
          ],
          [
            88.3673414,
            22.5619962
          ]
        ]
      },
      "id": "way/1193003740"
    },
    {
      "type": "Feature",
      "properties": {
        "@id": "way/1193003741",
        "highway": "primary",
        "lanes": "4",
        "maxspeed": "40",
        "name": "AJC Bose Road",
        "name:bn": "আচার্য জগদীশচন্দ্র বসু রোড",
        "name:etymology:wikidata": "Q314267",
        "oneway": "yes",
        "ref": "SH1",
        "source": "Mapbox Satellite",
        "surface": "asphalt"
      },
      "geometry": {
        "type": "LineString",
        "coordinates": [
          [
            88.3673069,
            22.5619123
          ],
          [
            88.3672799,
            22.5618497
          ]
        ]
      },
      "id": "way/1193003741"
    },
    {
      "type": "Feature",
      "properties": {
        "@id": "way/1193003742",
        "highway": "primary",
        "lane_markings": "no",
        "maxspeed": "40",
        "name": "Acharya Jagadish Chandra Bose Road",
        "name:etymology:wikidata": "Q314267",
        "oneway": "yes",
        "surface": "asphalt"
      },
      "geometry": {
        "type": "LineString",
        "coordinates": [
          [
            88.3671896,
            22.5618788
          ],
          [
            88.3672157,
            22.5619448
          ]
        ]
      },
      "id": "way/1193003742"
    },
    {
      "type": "Feature",
      "properties": {
        "@id": "way/1193003743",
        "highway": "primary",
        "lane_markings": "no",
        "maxspeed": "40",
        "name": "Acharya Jagadish Chandra Bose Road",
        "name:etymology:wikidata": "Q314267",
        "oneway": "yes",
        "surface": "asphalt"
      },
      "geometry": {
        "type": "LineString",
        "coordinates": [
          [
            88.3672487,
            22.5620281
          ],
          [
            88.3672807,
            22.562109
          ]
        ]
      },
      "id": "way/1193003743"
    },
    {
      "type": "Feature",
      "properties": {
        "@id": "way/1193003744",
        "highway": "primary",
        "lanes": "4",
        "maxspeed": "40",
        "name": "AJC Bose Road",
        "name:bn": "আচার্য জগদীশচন্দ্র বসু রোড",
        "name:etymology:wikidata": "Q314267",
        "oneway": "yes",
        "ref": "SH1",
        "source": "Mapbox Satellite",
        "surface": "asphalt"
      },
      "geometry": {
        "type": "LineString",
        "coordinates": [
          [
            88.3672063,
            22.561657
          ],
          [
            88.3671559,
            22.5615382
          ],
          [
            88.3671415,
            22.5615041
          ],
          [
            88.3671225,
            22.5614593
          ],
          [
            88.3671179,
            22.5614484
          ]
        ]
      },
      "id": "way/1193003744"
    },
    {
      "type": "Feature",
      "properties": {
        "@id": "way/1193003745",
        "highway": "primary",
        "lanes": "4",
        "maxspeed": "40",
        "name": "AJC Bose Road",
        "name:bn": "আচার্য জগদীশচন্দ্র বসু রোড",
        "name:etymology:wikidata": "Q314267",
        "oneway": "yes",
        "ref": "SH1",
        "source": "Mapbox Satellite",
        "surface": "asphalt"
      },
      "geometry": {
        "type": "LineString",
        "coordinates": [
          [
            88.3674543,
            22.56227
          ],
          [
            88.3673765,
            22.5620813
          ]
        ]
      },
      "id": "way/1193003745"
    },
    {
      "type": "Feature",
      "properties": {
        "@id": "way/1193455738",
        "highway": "primary",
        "maxspeed": "40",
        "name": "Garia Main Road",
        "oneway": "yes",
        "ref": "SH1"
      },
      "geometry": {
        "type": "LineString",
        "coordinates": [
          [
            88.3676862,
            22.5030594
          ],
          [
            88.367558,
            22.503302
          ],
          [
            88.3674628,
            22.5034705
          ],
          [
            88.3673675,
            22.5036601
          ],
          [
            88.3672884,
            22.5038422
          ],
          [
            88.3672066,
            22.5040739
          ],
          [
            88.3671463,
            22.5042907
          ]
        ]
      },
      "id": "way/1193455738"
    },
    {
      "type": "Feature",
      "properties": {
        "@id": "way/1193455739",
        "highway": "primary",
        "maxspeed": "40",
        "name": "Raja Subodh Chandra Mullick Road",
        "name:etymology:wikidata": "Q21176797",
        "oneway": "yes",
        "ref": "SH1"
      },
      "geometry": {
        "type": "LineString",
        "coordinates": [
          [
            88.3672643,
            22.5042907
          ],
          [
            88.3673447,
            22.5039934
          ],
          [
            88.3673997,
            22.5038521
          ],
          [
            88.3674365,
            22.5037808
          ],
          [
            88.3674764,
            22.5037035
          ],
          [
            88.3676088,
            22.5034446
          ]
        ]
      },
      "id": "way/1193455739"
    },
    {
      "type": "Feature",
      "properties": {
        "@id": "way/1193455740",
        "highway": "primary",
        "lane_markings": "no",
        "maxspeed": "40",
        "name": "Garia Main Road",
        "oneway": "yes",
        "ref": "SH1",
        "surface": "asphalt"
      },
      "geometry": {
        "type": "LineString",
        "coordinates": [
          [
            88.3671463,
            22.5042907
          ],
          [
            88.3671033,
            22.5044592
          ]
        ]
      },
      "id": "way/1193455740"
    },
    {
      "type": "Feature",
      "properties": {
        "@id": "way/1193455741",
        "highway": "primary",
        "lane_markings": "no",
        "maxspeed": "40",
        "name": "Raja Subodh Chandra Mullick Road",
        "name:etymology:wikidata": "Q21176797",
        "oneway": "yes",
        "ref": "SH1",
        "surface": "asphalt"
      },
      "geometry": {
        "type": "LineString",
        "coordinates": [
          [
            88.3672262,
            22.5044718
          ],
          [
            88.3672566,
            22.5043273
          ]
        ]
      },
      "id": "way/1193455741"
    },
    {
      "type": "Feature",
      "properties": {
        "@id": "way/1193455742",
        "highway": "primary",
        "lane_markings": "no",
        "maxspeed": "40",
        "name": "Garia Main Road",
        "oneway": "yes",
        "ref": "SH1",
        "surface": "asphalt"
      },
      "geometry": {
        "type": "LineString",
        "coordinates": [
          [
            88.3671033,
            22.5044592
          ],
          [
            88.3670899,
            22.504598
          ]
        ]
      },
      "id": "way/1193455742"
    },
    {
      "type": "Feature",
      "properties": {
        "@id": "way/1193455743",
        "highway": "primary",
        "lane_markings": "no",
        "maxspeed": "40",
        "name": "Raja Subodh Chandra Mullick Road",
        "name:etymology:wikidata": "Q21176797",
        "oneway": "yes",
        "ref": "SH1",
        "surface": "asphalt"
      },
      "geometry": {
        "type": "LineString",
        "coordinates": [
          [
            88.3672014,
            22.5045894
          ],
          [
            88.3672206,
            22.5044985
          ],
          [
            88.3672262,
            22.5044718
          ]
        ]
      },
      "id": "way/1193455743"
    },
    {
      "type": "Feature",
      "properties": {
        "@id": "way/1193455744",
        "highway": "primary",
        "lane_markings": "no",
        "maxspeed": "40",
        "name": "Raja Subodh Chandra Mullick Road",
        "name:etymology:wikidata": "Q21176797",
        "oneway": "yes",
        "ref": "SH1",
        "surface": "asphalt"
      },
      "geometry": {
        "type": "LineString",
        "coordinates": [
          [
            88.3671897,
            22.5048059
          ],
          [
            88.3672014,
            22.5045894
          ]
        ]
      },
      "id": "way/1193455744"
    },
    {
      "type": "Feature",
      "properties": {
        "@id": "way/1193927547",
        "highway": "primary",
        "lanes": "4",
        "maxheight": "default",
        "maxspeed": "40",
        "name": "Syed Amir Ali Avenue",
        "name:etymology:wikidata": "Q2525731",
        "oneway": "yes",
        "ref": "SH1"
      },
      "geometry": {
        "type": "LineString",
        "coordinates": [
          [
            88.3652229,
            22.5312014
          ],
          [
            88.365376,
            22.5306166
          ],
          [
            88.3654641,
            22.5302617
          ],
          [
            88.3654806,
            22.5301954
          ],
          [
            88.3655557,
            22.529903
          ],
          [
            88.3656549,
            22.5295438
          ],
          [
            88.3657756,
            22.529192
          ],
          [
            88.3658923,
            22.5289058
          ]
        ]
      },
      "id": "way/1193927547"
    },
    {
      "type": "Feature",
      "properties": {
        "@id": "way/1193927548",
        "highway": "primary",
        "lanes": "4",
        "maxspeed": "40",
        "name": "Gariahat Road",
        "name:etymology:wikidata": "Q5523285",
        "oneway": "yes",
        "ref": "SH1"
      },
      "geometry": {
        "type": "LineString",
        "coordinates": [
          [
            88.365025,
            22.5314913
          ],
          [
            88.3648932,
            22.5319482
          ],
          [
            88.3647155,
            22.5325292
          ],
          [
            88.3646089,
            22.5328215
          ],
          [
            88.3645606,
            22.53299
          ],
          [
            88.3645311,
            22.5331485
          ],
          [
            88.3645311,
            22.5333083
          ],
          [
            88.3645432,
            22.5334706
          ],
          [
            88.3645992,
            22.5339473
          ]
        ]
      },
      "id": "way/1193927548"
    },
    {
      "type": "Feature",
      "properties": {
        "@id": "way/1193927549",
        "highway": "primary",
        "lanes": "4",
        "maxheight": "default",
        "maxspeed": "40",
        "name": "Syed Amir Ali Avenue",
        "name:etymology:wikidata": "Q2525731",
        "oneway": "yes",
        "ref": "SH1"
      },
      "geometry": {
        "type": "LineString",
        "coordinates": [
          [
            88.3651294,
            22.5315038
          ],
          [
            88.3652229,
            22.5312014
          ]
        ]
      },
      "id": "way/1193927549"
    },
    {
      "type": "Feature",
      "properties": {
        "@id": "way/1193927550",
        "highway": "primary",
        "lanes": "4",
        "maxspeed": "40",
        "name": "Gariahat Road",
        "name:etymology:wikidata": "Q5523285",
        "oneway": "yes",
        "ref": "SH1"
      },
      "geometry": {
        "type": "LineString",
        "coordinates": [
          [
            88.3651092,
            22.5311995
          ],
          [
            88.365025,
            22.5314913
          ]
        ]
      },
      "id": "way/1193927550"
    },
    {
      "type": "Feature",
      "properties": {
        "@id": "way/1193928831",
        "highway": "primary"
      },
      "geometry": {
        "type": "LineString",
        "coordinates": [
          [
            88.3783651,
            22.4655849
          ],
          [
            88.3783269,
            22.4655361
          ]
        ]
      },
      "id": "way/1193928831"
    },
    {
      "type": "Feature",
      "properties": {
        "@id": "way/1193928832",
        "highway": "primary",
        "name": "Garia Main Road",
        "oneway": "yes",
        "ref": "SH1",
        "source": "maxar"
      },
      "geometry": {
        "type": "LineString",
        "coordinates": [
          [
            88.377814,
            22.4657973
          ],
          [
            88.3778979,
            22.4657952
          ],
          [
            88.3779851,
            22.4657791
          ],
          [
            88.3780902,
            22.4657404
          ]
        ]
      },
      "id": "way/1193928832"
    },
    {
      "type": "Feature",
      "properties": {
        "@id": "way/1193928833",
        "highway": "primary",
        "name": "Garia Main Road",
        "oneway": "yes",
        "ref": "SH1",
        "source": "maxar"
      },
      "geometry": {
        "type": "LineString",
        "coordinates": [
          [
            88.3782868,
            22.4656353
          ],
          [
            88.3783651,
            22.4655849
          ]
        ]
      },
      "id": "way/1193928833"
    },
    {
      "type": "Feature",
      "properties": {
        "@id": "way/1193928834",
        "highway": "primary",
        "maxspeed": "40",
        "name": "Garia Main Road",
        "oneway": "yes",
        "ref": "SH1",
        "source": "GPS"
      },
      "geometry": {
        "type": "LineString",
        "coordinates": [
          [
            88.3782233,
            22.4655927
          ],
          [
            88.3780662,
            22.4656744
          ],
          [
            88.3779844,
            22.4657047
          ],
          [
            88.3778979,
            22.4657233
          ],
          [
            88.3778295,
            22.4657287
          ]
        ]
      },
      "id": "way/1193928834"
    },
    {
      "type": "Feature",
      "properties": {
        "@id": "way/1193928835",
        "highway": "primary",
        "name": "Garia Main Road",
        "oneway": "yes",
        "ref": "SH1",
        "source": "maxar"
      },
      "geometry": {
        "type": "LineString",
        "coordinates": [
          [
            88.3780902,
            22.4657404
          ],
          [
            88.3782868,
            22.4656353
          ]
        ]
      },
      "id": "way/1193928835"
    },
    {
      "type": "Feature",
      "properties": {
        "@id": "way/1193928836",
        "highway": "primary",
        "maxspeed": "40",
        "name": "Garia Main Road",
        "oneway": "yes",
        "ref": "SH1",
        "source": "GPS"
      },
      "geometry": {
        "type": "LineString",
        "coordinates": [
          [
            88.3783269,
            22.4655361
          ],
          [
            88.3782962,
            22.4655548
          ],
          [
            88.3782233,
            22.4655927
          ]
        ]
      },
      "id": "way/1193928836"
    },
    {
      "type": "Feature",
      "properties": {
        "@id": "way/1193943778",
        "highway": "primary",
        "lanes": "4",
        "maxheight": "default",
        "maxspeed": "40",
        "name": "Syed Amir Ali Avenue",
        "name:etymology:wikidata": "Q2525731",
        "oneway": "yes",
        "ref": "SH1"
      },
      "geometry": {
        "type": "LineString",
        "coordinates": [
          [
            88.3646795,
            22.533936
          ],
          [
            88.3646759,
            22.5339165
          ],
          [
            88.3646223,
            22.5334632
          ],
          [
            88.3646223,
            22.5332352
          ],
          [
            88.3646491,
            22.5330494
          ],
          [
            88.3647001,
            22.5328611
          ],
          [
            88.3647628,
            22.532646
          ],
          [
            88.364827,
            22.5324534
          ],
          [
            88.3649807,
            22.5319847
          ],
          [
            88.3651294,
            22.5315038
          ]
        ]
      },
      "id": "way/1193943778"
    },
    {
      "type": "Feature",
      "properties": {
        "@id": "way/1193943779",
        "highway": "primary",
        "lanes": "4",
        "maxspeed": "40",
        "name": "Gariahat Road",
        "name:etymology:wikidata": "Q5523285",
        "oneway": "yes",
        "ref": "SH1"
      },
      "geometry": {
        "type": "LineString",
        "coordinates": [
          [
            88.3646075,
            22.5340181
          ],
          [
            88.3646125,
            22.5340717
          ]
        ]
      },
      "id": "way/1193943779"
    },
    {
      "type": "Feature",
      "properties": {
        "@id": "way/1193943780",
        "highway": "primary",
        "lanes": "4",
        "maxheight": "default",
        "maxspeed": "40",
        "name": "Syed Amir Ali Avenue",
        "name:etymology:wikidata": "Q2525731",
        "oneway": "yes",
        "ref": "SH1"
      },
      "geometry": {
        "type": "LineString",
        "coordinates": [
          [
            88.3646947,
            22.534039
          ],
          [
            88.364692,
            22.5340035
          ]
        ]
      },
      "id": "way/1193943780"
    },
    {
      "type": "Feature",
      "properties": {
        "@id": "way/1193943781",
        "highway": "primary",
        "lanes": "4",
        "maxspeed": "40",
        "name": "Gariahat Road",
        "name:etymology:wikidata": "Q5523285",
        "oneway": "yes",
        "ref": "SH1"
      },
      "geometry": {
        "type": "LineString",
        "coordinates": [
          [
            88.3645992,
            22.5339473
          ],
          [
            88.3646038,
            22.5339868
          ],
          [
            88.3646075,
            22.5340181
          ]
        ]
      },
      "id": "way/1193943781"
    },
    {
      "type": "Feature",
      "properties": {
        "@id": "way/1193943782",
        "highway": "primary",
        "lanes": "4",
        "maxheight": "default",
        "maxspeed": "40",
        "name": "Syed Amir Ali Avenue",
        "name:etymology:wikidata": "Q2525731",
        "oneway": "yes",
        "ref": "SH1"
      },
      "geometry": {
        "type": "LineString",
        "coordinates": [
          [
            88.364692,
            22.5340035
          ],
          [
            88.3646795,
            22.533936
          ]
        ]
      },
      "id": "way/1193943782"
    },
    {
      "type": "Feature",
      "properties": {
        "@id": "way/1193945547",
        "highway": "primary",
        "maxspeed": "40",
        "name": "Garia Main Road",
        "oneway": "yes",
        "ref": "SH1"
      },
      "geometry": {
        "type": "LineString",
        "coordinates": [
          [
            88.3671254,
            22.5079342
          ],
          [
            88.367172,
            22.5081069
          ],
          [
            88.3672187,
            22.5082988
          ]
        ]
      },
      "id": "way/1193945547"
    },
    {
      "type": "Feature",
      "properties": {
        "@id": "way/1193945548",
        "highway": "primary",
        "maxspeed": "40",
        "name": "Dhakuria Flyover",
        "name:etymology:wikidata": "Q21176797",
        "oneway": "yes",
        "ref": "SH1"
      },
      "geometry": {
        "type": "LineString",
        "coordinates": [
          [
            88.3673595,
            22.5085949
          ],
          [
            88.3673104,
            22.5082738
          ]
        ]
      },
      "id": "way/1193945548"
    },
    {
      "type": "Feature",
      "properties": {
        "@id": "way/1193945550",
        "highway": "primary",
        "maxspeed": "40",
        "name": "Garia Main Road",
        "oneway": "yes",
        "ref": "SH1"
      },
      "geometry": {
        "type": "LineString",
        "coordinates": [
          [
            88.3670691,
            22.5076818
          ],
          [
            88.3670886,
            22.5077796
          ],
          [
            88.3671254,
            22.5079342
          ]
        ]
      },
      "id": "way/1193945550"
    },
    {
      "type": "Feature",
      "properties": {
        "@id": "way/1193945551",
        "highway": "primary",
        "lane_markings": "no",
        "maxspeed": "40",
        "name": "Raja Subodh Chandra Mullick Road",
        "name:etymology:wikidata": "Q21176797",
        "oneway": "yes",
        "ref": "SH1",
        "surface": "asphalt"
      },
      "geometry": {
        "type": "LineString",
        "coordinates": [
          [
            88.3672252,
            22.507914
          ],
          [
            88.367163,
            22.5076757
          ]
        ]
      },
      "id": "way/1193945551"
    },
    {
      "type": "Feature",
      "properties": {
        "@id": "way/1193945552",
        "highway": "primary",
        "maxspeed": "40",
        "name": "Raja Subodh Chandra Mullick Road",
        "name:etymology:wikidata": "Q21176797",
        "oneway": "yes",
        "ref": "SH1"
      },
      "geometry": {
        "type": "LineString",
        "coordinates": [
          [
            88.3673104,
            22.5082738
          ],
          [
            88.3672252,
            22.507914
          ]
        ]
      },
      "id": "way/1193945552"
    },
    {
      "type": "Feature",
      "properties": {
        "@id": "way/1193960970",
        "highway": "primary",
        "maxspeed": "40",
        "name": "Rash Behari Avenue Connector",
        "name:etymology:wikidata": "Q7294817",
        "oneway": "yes"
      },
      "geometry": {
        "type": "LineString",
        "coordinates": [
          [
            88.3932086,
            22.5143629
          ],
          [
            88.3934102,
            22.5143385
          ],
          [
            88.3949991,
            22.5141466
          ],
          [
            88.3951199,
            22.5141317
          ]
        ]
      },
      "id": "way/1193960970"
    },
    {
      "type": "Feature",
      "properties": {
        "@id": "way/1193960971",
        "highway": "primary",
        "maxspeed": "40",
        "name": "Rash Behari Avenue Connector",
        "name:etymology:wikidata": "Q7294817",
        "oneway": "yes"
      },
      "geometry": {
        "type": "LineString",
        "coordinates": [
          [
            88.3923559,
            22.5144658
          ],
          [
            88.3926101,
            22.5144357
          ]
        ]
      },
      "id": "way/1193960971"
    },
    {
      "type": "Feature",
      "properties": {
        "@id": "way/1193960972",
        "highway": "primary",
        "maxspeed": "40",
        "name": "Rash Behari Avenue Connector",
        "name:etymology:wikidata": "Q7294817",
        "oneway": "yes"
      },
      "geometry": {
        "type": "LineString",
        "coordinates": [
          [
            88.3926014,
            22.514351
          ],
          [
            88.3923453,
            22.514383
          ]
        ]
      },
      "id": "way/1193960972"
    },
    {
      "type": "Feature",
      "properties": {
        "@id": "way/1193960973",
        "highway": "primary",
        "maxspeed": "40",
        "name": "Rash Behari Avenue Connector",
        "name:etymology:wikidata": "Q7294817",
        "oneway": "yes"
      },
      "geometry": {
        "type": "LineString",
        "coordinates": [
          [
            88.3932019,
            22.5142789
          ],
          [
            88.3927683,
            22.5143301
          ]
        ]
      },
      "id": "way/1193960973"
    },
    {
      "type": "Feature",
      "properties": {
        "@id": "way/1193960974",
        "highway": "primary",
        "maxspeed": "40",
        "name": "Rash Behari Avenue Connector",
        "name:etymology:wikidata": "Q7294817",
        "oneway": "yes"
      },
      "geometry": {
        "type": "LineString",
        "coordinates": [
          [
            88.3927778,
            22.5144159
          ],
          [
            88.3932086,
            22.5143629
          ]
        ]
      },
      "id": "way/1193960974"
    },
    {
      "type": "Feature",
      "properties": {
        "@id": "way/1193972492",
        "highway": "primary",
        "oneway": "yes"
      },
      "geometry": {
        "type": "LineString",
        "coordinates": [
          [
            88.3620444,
            22.5839004
          ],
          [
            88.3620686,
            22.5840026
          ],
          [
            88.3621747,
            22.5843772
          ],
          [
            88.3622617,
            22.5846845
          ],
          [
            88.3623692,
            22.585064
          ],
          [
            88.3625051,
            22.5855534
          ],
          [
            88.3625119,
            22.585578
          ],
          [
            88.3626578,
            22.5861225
          ]
        ]
      },
      "id": "way/1193972492"
    },
    {
      "type": "Feature",
      "properties": {
        "@id": "way/1193972494",
        "highway": "primary",
        "name": "Chittaranjan Avenue",
        "name:etymology:wikidata": "Q560182",
        "oneway": "yes"
      },
      "geometry": {
        "type": "LineString",
        "coordinates": [
          [
            88.362768,
            22.5861419
          ],
          [
            88.3627565,
            22.5860995
          ],
          [
            88.3627048,
            22.5859094
          ],
          [
            88.3626017,
            22.5855146
          ],
          [
            88.3624885,
            22.585072
          ],
          [
            88.3623576,
            22.5846613
          ],
          [
            88.3623246,
            22.5845674
          ],
          [
            88.3622583,
            22.584333
          ],
          [
            88.3621907,
            22.5839647
          ],
          [
            88.3621726,
            22.5838723
          ]
        ]
      },
      "id": "way/1193972494"
    },
    {
      "type": "Feature",
      "properties": {
        "@id": "way/1193972495",
        "highway": "primary",
        "oneway": "yes"
      },
      "geometry": {
        "type": "LineString",
        "coordinates": [
          [
            88.3619913,
            22.5836759
          ],
          [
            88.3620444,
            22.5839004
          ]
        ]
      },
      "id": "way/1193972495"
    },
    {
      "type": "Feature",
      "properties": {
        "@id": "way/1193972496",
        "highway": "primary",
        "name": "Chittaranjan Avenue",
        "name:etymology:wikidata": "Q560182",
        "oneway": "yes"
      },
      "geometry": {
        "type": "LineString",
        "coordinates": [
          [
            88.3621726,
            22.5838723
          ],
          [
            88.3621175,
            22.5836315
          ]
        ]
      },
      "id": "way/1193972496"
    },
    {
      "type": "Feature",
      "properties": {
        "@id": "way/1193974243",
        "highway": "primary",
        "lanes": "4",
        "maxheight": "default",
        "maxspeed": "40",
        "name": "Syed Amir Ali Avenue",
        "name:etymology:wikidata": "Q2525731",
        "oneway": "yes",
        "ref": "SH1",
        "surface": "asphalt"
      },
      "geometry": {
        "type": "LineString",
        "coordinates": [
          [
            88.3649384,
            22.5353587
          ],
          [
            88.3649335,
            22.5353157
          ],
          [
            88.3649233,
            22.5352823
          ],
          [
            88.3649227,
            22.5352803
          ],
          [
            88.3649196,
            22.5352635
          ],
          [
            88.3649039,
            22.5351788
          ],
          [
            88.3648533,
            22.5349226
          ],
          [
            88.3648369,
            22.5348394
          ],
          [
            88.3647846,
            22.5346424
          ],
          [
            88.3647564,
            22.5345099
          ],
          [
            88.3647282,
            22.5343612
          ],
          [
            88.3647162,
            22.5342535
          ],
          [
            88.3647058,
            22.5340957
          ],
          [
            88.3646954,
            22.5340477
          ],
          [
            88.3646947,
            22.534039
          ]
        ]
      },
      "id": "way/1193974243"
    },
    {
      "type": "Feature",
      "properties": {
        "@id": "way/1193974244",
        "highway": "primary",
        "lanes": "4",
        "maxspeed": "40",
        "name": "Gariahat Road",
        "name:etymology:wikidata": "Q5523285",
        "oneway": "yes",
        "ref": "SH1",
        "surface": "asphalt"
      },
      "geometry": {
        "type": "LineString",
        "coordinates": [
          [
            88.3646125,
            22.5340717
          ],
          [
            88.3646142,
            22.53409
          ],
          [
            88.3646303,
            22.5342832
          ],
          [
            88.3646444,
            22.5343796
          ]
        ]
      },
      "id": "way/1193974244"
    },
    {
      "type": "Feature",
      "properties": {
        "@id": "way/1193974245",
        "highway": "primary",
        "lanes": "4",
        "maxheight": "default",
        "maxspeed": "40",
        "name": "Syed Amir Ali Avenue",
        "name:etymology:wikidata": "Q2525731",
        "oneway": "yes",
        "ref": "SH1",
        "surface": "asphalt"
      },
      "geometry": {
        "type": "LineString",
        "coordinates": [
          [
            88.3649683,
            22.5354885
          ],
          [
            88.3649384,
            22.5353587
          ]
        ]
      },
      "id": "way/1193974245"
    },
    {
      "type": "Feature",
      "properties": {
        "@id": "way/1193974246",
        "highway": "primary",
        "lanes": "4",
        "maxspeed": "40",
        "name": "Gariahat Road",
        "name:etymology:wikidata": "Q5523285",
        "oneway": "yes",
        "ref": "SH1",
        "surface": "asphalt"
      },
      "geometry": {
        "type": "LineString",
        "coordinates": [
          [
            88.3648567,
            22.5353812
          ],
          [
            88.3648624,
            22.5354117
          ],
          [
            88.3648798,
            22.5355219
          ]
        ]
      },
      "id": "way/1193974246"
    },
    {
      "type": "Feature",
      "properties": {
        "@id": "way/1193974247",
        "highway": "primary",
        "lanes": "4",
        "maxheight": "default",
        "maxspeed": "40",
        "name": "Syed Amir Ali Avenue",
        "name:etymology:wikidata": "Q2525731",
        "oneway": "yes",
        "ref": "SH1",
        "surface": "asphalt"
      },
      "geometry": {
        "type": "LineString",
        "coordinates": [
          [
            88.3649817,
            22.5356061
          ],
          [
            88.3649683,
            22.5354885
          ]
        ]
      },
      "id": "way/1193974247"
    },
    {
      "type": "Feature",
      "properties": {
        "@id": "way/1193989526",
        "highway": "primary",
        "name": "Jatinda Mohan Avenue",
        "name:etymology:wikidata": "Q6164591",
        "oneway": "yes"
      },
      "geometry": {
        "type": "LineString",
        "coordinates": [
          [
            88.3647287,
            22.5942866
          ],
          [
            88.3646601,
            22.5939935
          ]
        ]
      },
      "id": "way/1193989526"
    },
    {
      "type": "Feature",
      "properties": {
        "@id": "way/1193989528",
        "highway": "primary",
        "name": "Jatinda Mohan Avenue",
        "name:etymology:wikidata": "Q6164591",
        "oneway": "yes"
      },
      "geometry": {
        "type": "LineString",
        "coordinates": [
          [
            88.3648275,
            22.5947082
          ],
          [
            88.3647974,
            22.5945797
          ]
        ]
      },
      "id": "way/1193989528"
    },
    {
      "type": "Feature",
      "properties": {
        "@id": "way/1193989531",
        "highway": "primary",
        "oneway": "yes"
      },
      "geometry": {
        "type": "LineString",
        "coordinates": [
          [
            88.3645819,
            22.5943111
          ],
          [
            88.3646552,
            22.5946079
          ]
        ]
      },
      "id": "way/1193989531"
    },
    {
      "type": "Feature",
      "properties": {
        "@id": "way/1193989532",
        "highway": "primary",
        "oneway": "yes"
      },
      "geometry": {
        "type": "LineString",
        "coordinates": [
          [
            88.3646552,
            22.5946079
          ],
          [
            88.3647108,
            22.5948349
          ]
        ]
      },
      "id": "way/1193989532"
    },
    {
      "type": "Feature",
      "properties": {
        "@id": "way/1193989534",
        "highway": "primary",
        "name": "Jatinda Mohan Avenue",
        "name:etymology:wikidata": "Q6164591",
        "oneway": "yes"
      },
      "geometry": {
        "type": "LineString",
        "coordinates": [
          [
            88.3647974,
            22.5945797
          ],
          [
            88.3647604,
            22.5944219
          ],
          [
            88.3647287,
            22.5942866
          ]
        ]
      },
      "id": "way/1193989534"
    },
    {
      "type": "Feature",
      "properties": {
        "@id": "way/1193993431",
        "highway": "primary",
        "lanes": "3",
        "maxspeed": "40",
        "name": "Rash Behari Avenue",
        "name:etymology:wikidata": "Q7294817",
        "oneway": "yes"
      },
      "geometry": {
        "type": "LineString",
        "coordinates": [
          [
            88.3560373,
            22.5180501
          ],
          [
            88.3567788,
            22.5181859
          ]
        ]
      },
      "id": "way/1193993431"
    },
    {
      "type": "Feature",
      "properties": {
        "@id": "way/1193995629",
        "highway": "primary",
        "lanes": "3",
        "maxspeed": "40",
        "name": "Rash Behari Avenue",
        "name:etymology:wikidata": "Q7294817",
        "oneway": "yes"
      },
      "geometry": {
        "type": "LineString",
        "coordinates": [
          [
            88.3560635,
            22.5179175
          ],
          [
            88.3555458,
            22.5178324
          ]
        ]
      },
      "id": "way/1193995629"
    },
    {
      "type": "Feature",
      "properties": {
        "@id": "way/1193995630",
        "highway": "primary",
        "lanes": "3",
        "maxspeed": "40",
        "name": "Rash Behari Avenue",
        "name:etymology:wikidata": "Q7294817",
        "oneway": "yes"
      },
      "geometry": {
        "type": "LineString",
        "coordinates": [
          [
            88.355529,
            22.5179661
          ],
          [
            88.3560373,
            22.5180501
          ]
        ]
      },
      "id": "way/1193995630"
    },
    {
      "type": "Feature",
      "properties": {
        "@id": "way/1193995633",
        "highway": "primary",
        "lanes": "3",
        "maxspeed": "40",
        "name": "Rash Behari Avenue",
        "name:etymology:wikidata": "Q7294817",
        "oneway": "yes"
      },
      "geometry": {
        "type": "LineString",
        "coordinates": [
          [
            88.3555458,
            22.5178324
          ],
          [
            88.3550975,
            22.5177562
          ]
        ]
      },
      "id": "way/1193995633"
    },
    {
      "type": "Feature",
      "properties": {
        "@id": "way/1193995634",
        "highway": "primary",
        "lanes": "3",
        "maxspeed": "40",
        "name": "Rash Behari Avenue",
        "name:etymology:wikidata": "Q7294817",
        "oneway": "yes"
      },
      "geometry": {
        "type": "LineString",
        "coordinates": [
          [
            88.3550491,
            22.5178936
          ],
          [
            88.355529,
            22.5179661
          ]
        ]
      },
      "id": "way/1193995634"
    },
    {
      "type": "Feature",
      "properties": {
        "@id": "way/1193995763",
        "highway": "primary",
        "maxspeed": "40",
        "name": "Circus Avenue",
        "oneway": "yes"
      },
      "geometry": {
        "type": "LineString",
        "coordinates": [
          [
            88.3593553,
            22.5410868
          ],
          [
            88.3595362,
            22.5410772
          ],
          [
            88.3599238,
            22.5410599
          ],
          [
            88.3603628,
            22.541047
          ],
          [
            88.3607247,
            22.5410642
          ],
          [
            88.3608754,
            22.5410874
          ],
          [
            88.3609769,
            22.5411031
          ],
          [
            88.3613458,
            22.541185
          ],
          [
            88.3615466,
            22.5412454
          ],
          [
            88.361704,
            22.5412994
          ],
          [
            88.3618151,
            22.5413381
          ],
          [
            88.3620743,
            22.5414567
          ],
          [
            88.3623522,
            22.5415754
          ],
          [
            88.362616,
            22.5417004
          ]
        ]
      },
      "id": "way/1193995763"
    },
    {
      "type": "Feature",
      "properties": {
        "@id": "way/1193995765",
        "highway": "primary",
        "maxspeed": "40",
        "name": "Circus Avenue",
        "oneway": "yes"
      },
      "geometry": {
        "type": "LineString",
        "coordinates": [
          [
            88.3627787,
            22.5417668
          ],
          [
            88.3631554,
            22.5419377
          ],
          [
            88.3632318,
            22.5419745
          ],
          [
            88.363304,
            22.5420093
          ],
          [
            88.3636388,
            22.5421706
          ],
          [
            88.363861,
            22.5422806
          ],
          [
            88.3644518,
            22.5425588
          ],
          [
            88.3648103,
            22.5427321
          ],
          [
            88.3650102,
            22.5428238
          ],
          [
            88.3651993,
            22.5428974
          ],
          [
            88.3654441,
            22.5430087
          ],
          [
            88.3656015,
            22.5430672
          ],
          [
            88.3658012,
            22.5431445
          ],
          [
            88.3660112,
            22.543249
          ],
          [
            88.3660871,
            22.5432962
          ]
        ]
      },
      "id": "way/1193995765"
    },
    {
      "type": "Feature",
      "properties": {
        "@id": "way/1193995766",
        "highway": "primary",
        "maxspeed": "40",
        "name": "Acharya Jagadish Chandra Bose Flyover",
        "name:etymology:wikidata": "Q314267",
        "oneway": "yes"
      },
      "geometry": {
        "type": "LineString",
        "coordinates": [
          [
            88.3628684,
            22.5416813
          ],
          [
            88.362436,
            22.5414931
          ]
        ]
      },
      "id": "way/1193995766"
    },
    {
      "type": "Feature",
      "properties": {
        "@id": "way/1193995767",
        "highway": "primary",
        "maxspeed": "40",
        "name": "Circus Avenue",
        "oneway": "yes"
      },
      "geometry": {
        "type": "LineString",
        "coordinates": [
          [
            88.3628684,
            22.5416813
          ],
          [
            88.3627924,
            22.5415748
          ]
        ]
      },
      "id": "way/1193995767"
    },
    {
      "type": "Feature",
      "properties": {
        "@id": "way/1194001660",
        "highway": "primary",
        "lane_markings": "no",
        "maxspeed": "40",
        "name": "Acharya Jagadish Chandra Bose Road",
        "name:etymology:wikidata": "Q314267",
        "oneway": "yes",
        "surface": "asphalt"
      },
      "geometry": {
        "type": "LineString",
        "coordinates": [
          [
            88.3671211,
            22.5617248
          ],
          [
            88.3671896,
            22.5618788
          ]
        ]
      },
      "id": "way/1194001660"
    },
    {
      "type": "Feature",
      "properties": {
        "@id": "way/1194004305",
        "highway": "primary",
        "oneway": "yes"
      },
      "geometry": {
        "type": "LineString",
        "coordinates": [
          [
            88.362768,
            22.5861419
          ],
          [
            88.3626656,
            22.5861574
          ]
        ]
      },
      "id": "way/1194004305"
    },
    {
      "type": "Feature",
      "properties": {
        "@id": "way/1194004306",
        "highway": "primary",
        "name": "Chittaranjan Avenue",
        "name:etymology:wikidata": "Q560182",
        "oneway": "yes"
      },
      "geometry": {
        "type": "LineString",
        "coordinates": [
          [
            88.3627787,
            22.5862116
          ],
          [
            88.362768,
            22.5861419
          ]
        ]
      },
      "id": "way/1194004306"
    },
    {
      "type": "Feature",
      "properties": {
        "@id": "way/1194004307",
        "highway": "primary",
        "oneway": "yes"
      },
      "geometry": {
        "type": "LineString",
        "coordinates": [
          [
            88.3626656,
            22.5861574
          ],
          [
            88.3626763,
            22.5862211
          ]
        ]
      },
      "id": "way/1194004307"
    },
    {
      "type": "Feature",
      "properties": {
        "@id": "way/1194004308",
        "highway": "primary",
        "oneway": "yes"
      },
      "geometry": {
        "type": "LineString",
        "coordinates": [
          [
            88.3626578,
            22.5861225
          ],
          [
            88.3626656,
            22.5861574
          ]
        ]
      },
      "id": "way/1194004308"
    },
    {
      "type": "Feature",
      "properties": {
        "@id": "way/1194659612",
        "alt_name": "Jawaharlal Nehru Road",
        "highway": "primary",
        "maxspeed": "40",
        "name": "Chowringhee Road",
        "name:etymology:wikidata": "Q5105573",
        "oneway": "yes",
        "wikidata": "Q9384706",
        "wikipedia": "en:Chowringhee Road"
      },
      "geometry": {
        "type": "LineString",
        "coordinates": [
          [
            88.3505227,
            22.5596017
          ],
          [
            88.3505922,
            22.5602515
          ]
        ]
      },
      "id": "way/1194659612"
    },
    {
      "type": "Feature",
      "properties": {
        "@id": "way/1194659613",
        "highway": "primary",
        "maxspeed": "40",
        "name": "Jawaharlal Nehru Road",
        "name:etymology:wikidata": "Q1047",
        "old_name": "Chowringhee",
        "oneway": "yes"
      },
      "geometry": {
        "type": "LineString",
        "coordinates": [
          [
            88.3506666,
            22.5609644
          ],
          [
            88.3507941,
            22.5622545
          ],
          [
            88.3509451,
            22.5635037
          ]
        ]
      },
      "id": "way/1194659613"
    },
    {
      "type": "Feature",
      "properties": {
        "@id": "way/1194659615",
        "alt_name": "Jawaharlal Nehru Road",
        "highway": "primary",
        "name": "Chowringhee Road",
        "name:etymology:wikidata": "Q5105573",
        "oneway": "yes",
        "wikidata": "Q9384706",
        "wikipedia": "en:Chowringhee Road"
      },
      "geometry": {
        "type": "LineString",
        "coordinates": [
          [
            88.3507288,
            22.5602385
          ],
          [
            88.3506562,
            22.5597274
          ],
          [
            88.3506379,
            22.5595982
          ]
        ]
      },
      "id": "way/1194659615"
    },
    {
      "type": "Feature",
      "properties": {
        "@id": "way/1195988410",
        "highway": "primary",
        "maxspeed": "40",
        "name": "Ashutosh Mukhejee Road",
        "name:etymology:wikidata": "Q4806139",
        "oneway": "yes",
        "surface": "asphalt"
      },
      "geometry": {
        "type": "LineString",
        "coordinates": [
          [
            88.3473223,
            22.5415533
          ],
          [
            88.347259,
            22.5411393
          ],
          [
            88.3472191,
            22.5408629
          ],
          [
            88.3471736,
            22.5405481
          ],
          [
            88.3471197,
            22.5401749
          ],
          [
            88.3469868,
            22.5395514
          ],
          [
            88.3469378,
            22.5393073
          ],
          [
            88.3468017,
            22.5387004
          ],
          [
            88.3467588,
            22.5385009
          ]
        ]
      },
      "id": "way/1195988410"
    },
    {
      "type": "Feature",
      "properties": {
        "@id": "way/1195988411",
        "highway": "primary",
        "maxspeed": "40",
        "name": "Ashutosh Mukhejee Road",
        "name:etymology:wikidata": "Q4806139",
        "oneway": "yes"
      },
      "geometry": {
        "type": "LineString",
        "coordinates": [
          [
            88.3465576,
            22.5377614
          ],
          [
            88.3465991,
            22.5381501
          ]
        ]
      },
      "id": "way/1195988411"
    },
    {
      "type": "Feature",
      "properties": {
        "@id": "way/1195988413",
        "highway": "primary",
        "maxspeed": "40",
        "name": "Ashutosh Mukhejee Road",
        "name:etymology:wikidata": "Q4806139",
        "oneway": "yes"
      },
      "geometry": {
        "type": "LineString",
        "coordinates": [
          [
            88.3467039,
            22.5381395
          ],
          [
            88.3466543,
            22.5377965
          ]
        ]
      },
      "id": "way/1195988413"
    },
    {
      "type": "Feature",
      "properties": {
        "@id": "way/1195988414",
        "highway": "primary",
        "maxspeed": "40",
        "name": "Ashutosh Mukhejee Road",
        "name:etymology:wikidata": "Q4806139",
        "oneway": "yes"
      },
      "geometry": {
        "type": "LineString",
        "coordinates": [
          [
            88.3467588,
            22.5385009
          ],
          [
            88.3467039,
            22.5381395
          ]
        ]
      },
      "id": "way/1195988414"
    },
    {
      "type": "Feature",
      "properties": {
        "@id": "way/1195988415",
        "highway": "primary",
        "maxspeed": "40",
        "name": "Ashutosh Mukhejee Road",
        "name:etymology:wikidata": "Q4806139",
        "oneway": "yes"
      },
      "geometry": {
        "type": "LineString",
        "coordinates": [
          [
            88.3465991,
            22.5381501
          ],
          [
            88.3466488,
            22.5385146
          ]
        ]
      },
      "id": "way/1195988415"
    },
    {
      "type": "Feature",
      "properties": {
        "@id": "way/1195990815",
        "highway": "primary",
        "maxspeed": "40",
        "name": "Acharya Jagadish Chandra Bose Road",
        "name:etymology:wikidata": "Q314267",
        "oneway": "yes"
      },
      "geometry": {
        "type": "LineString",
        "coordinates": [
          [
            88.3643195,
            22.5544117
          ],
          [
            88.3643265,
            22.5544295
          ],
          [
            88.3643956,
            22.5546055
          ],
          [
            88.3644879,
            22.5548406
          ],
          [
            88.3645949,
            22.555113
          ],
          [
            88.3649674,
            22.556146
          ],
          [
            88.3652036,
            22.5567316
          ],
          [
            88.3652909,
            22.5569725
          ],
          [
            88.365469,
            22.5574181
          ],
          [
            88.3658884,
            22.5585099
          ],
          [
            88.3661092,
            22.5590714
          ],
          [
            88.3662262,
            22.5593862
          ],
          [
            88.3666985,
            22.5606488
          ]
        ]
      },
      "id": "way/1195990815"
    },
    {
      "type": "Feature",
      "properties": {
        "@id": "way/1195990816",
        "highway": "primary",
        "maxspeed": "40",
        "name": "Acharya Jagadish Chandra Bose Road",
        "name:etymology:wikidata": "Q314267",
        "oneway": "yes"
      },
      "geometry": {
        "type": "LineString",
        "coordinates": [
          [
            88.3642474,
            22.554205
          ],
          [
            88.3643195,
            22.5544117
          ]
        ]
      },
      "id": "way/1195990816"
    },
    {
      "type": "Feature",
      "properties": {
        "@id": "way/1195990817",
        "highway": "primary",
        "lanes": "4",
        "maxspeed": "40",
        "name": "AJC Bose Road",
        "name:bn": "আচার্য জগদীশচন্দ্র বসু রোড",
        "name:etymology:wikidata": "Q314267",
        "oneway": "yes",
        "ref": "SH1",
        "source": "Mapbox Satellite",
        "surface": "asphalt"
      },
      "geometry": {
        "type": "LineString",
        "coordinates": [
          [
            88.36681,
            22.5606574
          ],
          [
            88.3665785,
            22.5600395
          ],
          [
            88.3664465,
            22.5596903
          ],
          [
            88.3662048,
            22.5590508
          ],
          [
            88.3660315,
            22.5585876
          ],
          [
            88.3659993,
            22.5585072
          ],
          [
            88.365581,
            22.5574037
          ],
          [
            88.3655302,
            22.5572699
          ],
          [
            88.3654039,
            22.5569373
          ],
          [
            88.3653111,
            22.5566945
          ],
          [
            88.3653021,
            22.5566709
          ],
          [
            88.3651703,
            22.5563188
          ],
          [
            88.3651225,
            22.5561991
          ],
          [
            88.365095,
            22.5561237
          ],
          [
            88.3649714,
            22.5558062
          ],
          [
            88.3647056,
            22.5550937
          ],
          [
            88.3644392,
            22.5543923
          ]
        ]
      },
      "id": "way/1195990817"
    },
    {
      "type": "Feature",
      "properties": {
        "@id": "way/1195990818",
        "highway": "primary",
        "lanes": "4",
        "maxspeed": "40",
        "name": "AJC Bose Road",
        "name:bn": "আচার্য জগদীশচন্দ্র বসু রোড",
        "name:etymology:wikidata": "Q314267",
        "oneway": "yes",
        "ref": "SH1",
        "source": "Mapbox Satellite",
        "surface": "asphalt"
      },
      "geometry": {
        "type": "LineString",
        "coordinates": [
          [
            88.3644392,
            22.5543923
          ],
          [
            88.3643619,
            22.5541888
          ]
        ]
      },
      "id": "way/1195990818"
    },
    {
      "type": "Feature",
      "properties": {
        "@id": "way/1195992595",
        "highway": "primary",
        "lanes": "3",
        "maxspeed": "40",
        "name": "Rash Behari Avenue Connector",
        "name:etymology:wikidata": "Q7294817",
        "oneway": "yes"
      },
      "geometry": {
        "type": "LineString",
        "coordinates": [
          [
            88.3752791,
            22.5199266
          ],
          [
            88.3755008,
            22.5198398
          ]
        ]
      },
      "id": "way/1195992595"
    },
    {
      "type": "Feature",
      "properties": {
        "@id": "way/1195992596",
        "highway": "primary",
        "lanes": "3",
        "maxspeed": "40",
        "name": "Rash Behari Avenue Connector",
        "name:etymology:wikidata": "Q7294817",
        "oneway": "yes"
      },
      "geometry": {
        "type": "LineString",
        "coordinates": [
          [
            88.3754677,
            22.5197635
          ],
          [
            88.3754284,
            22.5197791
          ],
          [
            88.3752437,
            22.5198525
          ]
        ]
      },
      "id": "way/1195992596"
    },
    {
      "type": "Feature",
      "properties": {
        "@id": "way/1195992597",
        "alt_name": "Rash Behari Avenue Connector",
        "highway": "primary",
        "lanes": "3",
        "name": "Bijon Flyover",
        "name:etymology:wikidata": "Q7294817",
        "oneway": "yes"
      },
      "geometry": {
        "type": "LineString",
        "coordinates": [
          [
            88.3751421,
            22.5198974
          ],
          [
            88.3751127,
            22.5199104
          ]
        ]
      },
      "id": "way/1195992597"
    },
    {
      "type": "Feature",
      "properties": {
        "@id": "way/1195992598",
        "highway": "primary",
        "lanes": "3",
        "maxspeed": "40",
        "name": "Rash Behari Avenue Connector",
        "name:etymology:wikidata": "Q7294817",
        "oneway": "yes"
      },
      "geometry": {
        "type": "LineString",
        "coordinates": [
          [
            88.375679,
            22.5196819
          ],
          [
            88.3754677,
            22.5197635
          ]
        ]
      },
      "id": "way/1195992598"
    },
    {
      "type": "Feature",
      "properties": {
        "@id": "way/1195992599",
        "highway": "primary",
        "lanes": "3",
        "maxspeed": "40",
        "name": "Rash Behari Avenue Connector",
        "name:etymology:wikidata": "Q7294817",
        "oneway": "yes"
      },
      "geometry": {
        "type": "LineString",
        "coordinates": [
          [
            88.3755008,
            22.5198398
          ],
          [
            88.375711,
            22.5197568
          ],
          [
            88.3759061,
            22.5196808
          ],
          [
            88.3760849,
            22.5196192
          ]
        ]
      },
      "id": "way/1195992599"
    },
    {
      "type": "Feature",
      "properties": {
        "@id": "way/1195992601",
        "highway": "primary",
        "lanes": "3",
        "maxspeed": "40",
        "name": "Rash Behari Avenue Connector",
        "name:etymology:wikidata": "Q7294817",
        "oneway": "yes"
      },
      "geometry": {
        "type": "LineString",
        "coordinates": [
          [
            88.3760849,
            22.5196192
          ],
          [
            88.3762239,
            22.5195785
          ],
          [
            88.3763275,
            22.5195481
          ],
          [
            88.376388,
            22.5195355
          ]
        ]
      },
      "id": "way/1195992601"
    },
    {
      "type": "Feature",
      "properties": {
        "@id": "way/1195992602",
        "highway": "primary",
        "lanes": "3",
        "maxspeed": "40",
        "name": "Rash Behari Avenue Connector",
        "name:etymology:wikidata": "Q7294817",
        "oneway": "yes"
      },
      "geometry": {
        "type": "LineString",
        "coordinates": [
          [
            88.3763674,
            22.519457
          ],
          [
            88.3763047,
            22.51947
          ],
          [
            88.3762022,
            22.5195
          ],
          [
            88.376043,
            22.5195465
          ]
        ]
      },
      "id": "way/1195992602"
    },
    {
      "type": "Feature",
      "properties": {
        "@id": "way/1196026378",
        "highway": "primary",
        "lanes": "3",
        "maxspeed": "40",
        "name": "Rash Behari Avenue",
        "name:etymology:wikidata": "Q7294817",
        "oneway": "yes"
      },
      "geometry": {
        "type": "LineString",
        "coordinates": [
          [
            88.3629256,
            22.519113
          ],
          [
            88.3626842,
            22.5190771
          ],
          [
            88.3623285,
            22.5190243
          ],
          [
            88.3619769,
            22.5189721
          ]
        ]
      },
      "id": "way/1196026378"
    },
    {
      "type": "Feature",
      "properties": {
        "@id": "way/1196026379",
        "highway": "primary",
        "lanes": "3",
        "maxspeed": "40",
        "name": "Rash Behari Avenue",
        "name:etymology:wikidata": "Q7294817",
        "oneway": "yes"
      },
      "geometry": {
        "type": "LineString",
        "coordinates": [
          [
            88.363372,
            22.5193171
          ],
          [
            88.3640769,
            22.5194361
          ],
          [
            88.3642411,
            22.5194638
          ],
          [
            88.3645612,
            22.519509
          ],
          [
            88.3648524,
            22.5195781
          ],
          [
            88.3651278,
            22.5196706
          ]
        ]
      },
      "id": "way/1196026379"
    },
    {
      "type": "Feature",
      "properties": {
        "@id": "way/1196026380",
        "highway": "primary",
        "lanes": "3",
        "maxspeed": "40",
        "name": "Rash Behari Avenue",
        "name:etymology:wikidata": "Q7294817",
        "oneway": "yes"
      },
      "geometry": {
        "type": "LineString",
        "coordinates": [
          [
            88.3628978,
            22.5192319
          ],
          [
            88.3631558,
            22.5192806
          ]
        ]
      },
      "id": "way/1196026380"
    },
    {
      "type": "Feature",
      "properties": {
        "@id": "way/1196026381",
        "highway": "primary",
        "lanes": "3",
        "maxspeed": "40",
        "name": "Rash Behari Avenue",
        "name:etymology:wikidata": "Q7294817",
        "oneway": "yes"
      },
      "geometry": {
        "type": "LineString",
        "coordinates": [
          [
            88.363167,
            22.5191488
          ],
          [
            88.3629256,
            22.519113
          ]
        ]
      },
      "id": "way/1196026381"
    },
    {
      "type": "Feature",
      "properties": {
        "@id": "way/1196026382",
        "highway": "primary",
        "lanes": "3",
        "maxspeed": "40",
        "name": "Rash Behari Avenue",
        "name:etymology:wikidata": "Q7294817",
        "oneway": "yes"
      },
      "geometry": {
        "type": "LineString",
        "coordinates": [
          [
            88.3631558,
            22.5192806
          ],
          [
            88.363372,
            22.5193171
          ]
        ]
      },
      "id": "way/1196026382"
    },
    {
      "type": "Feature",
      "properties": {
        "@id": "way/1196026383",
        "highway": "primary",
        "lanes": "3",
        "maxspeed": "40",
        "name": "Rash Behari Avenue",
        "name:etymology:wikidata": "Q7294817",
        "oneway": "yes"
      },
      "geometry": {
        "type": "LineString",
        "coordinates": [
          [
            88.3634001,
            22.5191917
          ],
          [
            88.363167,
            22.5191488
          ]
        ]
      },
      "id": "way/1196026383"
    },
    {
      "type": "Feature",
      "properties": {
        "@id": "way/1196027692",
        "highway": "primary",
        "lanes": "2",
        "oneway": "yes"
      },
      "geometry": {
        "type": "LineString",
        "coordinates": [
          [
            88.3904584,
            22.5803002
          ],
          [
            88.3904876,
            22.5803412
          ],
          [
            88.3905185,
            22.5803742
          ],
          [
            88.3905391,
            22.5803993
          ],
          [
            88.3905697,
            22.5804955
          ],
          [
            88.3906186,
            22.5806492
          ],
          [
            88.3908779,
            22.5816162
          ],
          [
            88.3909704,
            22.5819496
          ],
          [
            88.3910055,
            22.5820753
          ],
          [
            88.3912724,
            22.5830314
          ],
          [
            88.3914951,
            22.5839314
          ],
          [
            88.3915825,
            22.5842687
          ]
        ]
      },
      "id": "way/1196027692"
    },
    {
      "type": "Feature",
      "properties": {
        "@id": "way/1196027694",
        "highway": "primary",
        "lanes": "2",
        "name": "CIT Road",
        "oneway": "yes"
      },
      "geometry": {
        "type": "LineString",
        "coordinates": [
          [
            88.3916176,
            22.5838979
          ],
          [
            88.391601,
            22.5838406
          ],
          [
            88.3915707,
            22.5837376
          ],
          [
            88.3913531,
            22.5828867
          ],
          [
            88.3913241,
            22.5827866
          ],
          [
            88.3911345,
            22.5821011
          ],
          [
            88.3910372,
            22.581745
          ],
          [
            88.3908595,
            22.5810995
          ],
          [
            88.3908357,
            22.5810052
          ],
          [
            88.3907707,
            22.5807332
          ],
          [
            88.3907222,
            22.5805294
          ],
          [
            88.3907047,
            22.5804642
          ],
          [
            88.3906945,
            22.5804265
          ],
          [
            88.3906547,
            22.5802872
          ]
        ]
      },
      "id": "way/1196027694"
    },
    {
      "type": "Feature",
      "properties": {
        "@id": "way/1196027698",
        "highway": "primary",
        "lanes": "2",
        "name": "CIT Road",
        "oneway": "yes"
      },
      "geometry": {
        "type": "LineString",
        "coordinates": [
          [
            88.3917161,
            22.584238
          ],
          [
            88.3916176,
            22.5838979
          ]
        ]
      },
      "id": "way/1196027698"
    },
    {
      "type": "Feature",
      "properties": {
        "@id": "way/1196027699",
        "highway": "primary",
        "lanes": "2",
        "oneway": "yes"
      },
      "geometry": {
        "type": "LineString",
        "coordinates": [
          [
            88.3915825,
            22.5842687
          ],
          [
            88.391659,
            22.5845537
          ],
          [
            88.3917751,
            22.5849862
          ],
          [
            88.3919547,
            22.5856734
          ],
          [
            88.3921216,
            22.5863117
          ],
          [
            88.3922583,
            22.5867919
          ],
          [
            88.392309,
            22.5869724
          ],
          [
            88.3925126,
            22.5878123
          ],
          [
            88.3926093,
            22.5882051
          ],
          [
            88.3926214,
            22.5882528
          ],
          [
            88.3930264,
            22.5896743
          ]
        ]
      },
      "id": "way/1196027699"
    },
    {
      "type": "Feature",
      "properties": {
        "@id": "way/1196027700",
        "highway": "primary",
        "lanes": "2",
        "name": "CIT Road",
        "oneway": "yes"
      },
      "geometry": {
        "type": "LineString",
        "coordinates": [
          [
            88.391798,
            22.5845208
          ],
          [
            88.3917161,
            22.584238
          ]
        ]
      },
      "id": "way/1196027700"
    },
    {
      "type": "Feature",
      "properties": {
        "@id": "way/1196029184",
        "highway": "primary",
        "lanes": "4",
        "maxspeed": "40",
        "name": "Syed Amir Ali Avenue",
        "name:etymology:wikidata": "Q2525731",
        "oneway": "yes",
        "ref": "SH1",
        "surface": "asphalt"
      },
      "geometry": {
        "type": "LineString",
        "coordinates": [
          [
            88.365835,
            22.5422111
          ],
          [
            88.3658695,
            22.5423618
          ],
          [
            88.3659305,
            22.5426002
          ],
          [
            88.3659885,
            22.5428271
          ],
          [
            88.3660226,
            22.5429602
          ]
        ]
      },
      "id": "way/1196029184"
    },
    {
      "type": "Feature",
      "properties": {
        "@id": "way/1196029185",
        "highway": "primary",
        "lanes": "4",
        "maxheight": "default",
        "maxspeed": "40",
        "name": "Syed Amir Ali Avenue",
        "name:etymology:wikidata": "Q2525731",
        "oneway": "yes",
        "ref": "SH1",
        "surface": "asphalt"
      },
      "geometry": {
        "type": "LineString",
        "coordinates": [
          [
            88.3658689,
            22.5419102
          ],
          [
            88.3657127,
            22.5412014
          ],
          [
            88.365701,
            22.5411341
          ],
          [
            88.3656832,
            22.5410587
          ],
          [
            88.3656559,
            22.5409199
          ],
          [
            88.3655748,
            22.5405835
          ],
          [
            88.3654572,
            22.5400559
          ],
          [
            88.3654506,
            22.5400265
          ],
          [
            88.3654097,
            22.5398233
          ],
          [
            88.3653922,
            22.5397364
          ],
          [
            88.3653089,
            22.5393395
          ],
          [
            88.3651992,
            22.5387679
          ]
        ]
      },
      "id": "way/1196029185"
    },
    {
      "type": "Feature",
      "properties": {
        "@id": "way/1196029186",
        "highway": "primary",
        "lanes": "4",
        "maxheight": "default",
        "maxspeed": "40",
        "name": "Syed Amir Ali Avenue",
        "name:etymology:wikidata": "Q2525731",
        "oneway": "yes",
        "ref": "SH1",
        "surface": "asphalt"
      },
      "geometry": {
        "type": "LineString",
        "coordinates": [
          [
            88.365941,
            22.5421835
          ],
          [
            88.3658689,
            22.5419102
          ]
        ]
      },
      "id": "way/1196029186"
    },
    {
      "type": "Feature",
      "properties": {
        "@id": "way/1196030511",
        "highway": "primary",
        "lanes": "4",
        "maxspeed": "40",
        "name": "Gariahat Road",
        "name:etymology:wikidata": "Q5523285",
        "oneway": "yes",
        "ref": "SH1",
        "surface": "asphalt"
      },
      "geometry": {
        "type": "LineString",
        "coordinates": [
          [
            88.3659205,
            22.5283273
          ],
          [
            88.3658507,
            22.5285875
          ],
          [
            88.3658129,
            22.5287225
          ],
          [
            88.3657847,
            22.5288232
          ]
        ]
      },
      "id": "way/1196030511"
    },
    {
      "type": "Feature",
      "properties": {
        "@id": "way/1196030512",
        "highway": "primary",
        "lanes": "4",
        "maxspeed": "40",
        "name": "Gariahat Road",
        "name:etymology:wikidata": "Q5523285",
        "oneway": "yes",
        "ref": "SH1",
        "surface": "asphalt"
      },
      "geometry": {
        "type": "LineString",
        "coordinates": [
          [
            88.3662316,
            22.5278294
          ],
          [
            88.3662209,
            22.527708
          ],
          [
            88.3661927,
            22.5275568
          ],
          [
            88.3661658,
            22.5274279
          ],
          [
            88.3661552,
            22.527345
          ],
          [
            88.3661509,
            22.5272554
          ],
          [
            88.3661538,
            22.5271493
          ]
        ]
      },
      "id": "way/1196030512"
    },
    {
      "type": "Feature",
      "properties": {
        "@id": "way/1196030513",
        "highway": "primary",
        "lanes": "4",
        "maxspeed": "40",
        "name": "Gariahat Road",
        "name:etymology:wikidata": "Q5523285",
        "oneway": "yes",
        "ref": "SH1",
        "surface": "asphalt"
      },
      "geometry": {
        "type": "LineString",
        "coordinates": [
          [
            88.3659393,
            22.5281861
          ],
          [
            88.3659205,
            22.5283273
          ]
        ]
      },
      "id": "way/1196030513"
    },
    {
      "type": "Feature",
      "properties": {
        "@id": "way/1196034976",
        "highway": "primary",
        "lanes": "3",
        "maxspeed": "40",
        "name": "Rash Behari Avenue",
        "name:etymology:wikidata": "Q7294817",
        "oneway": "yes",
        "surface": "asphalt"
      },
      "geometry": {
        "type": "LineString",
        "coordinates": [
          [
            88.3689757,
            22.5211006
          ],
          [
            88.36887,
            22.521058
          ]
        ]
      },
      "id": "way/1196034976"
    },
    {
      "type": "Feature",
      "properties": {
        "@id": "way/1196034977",
        "highway": "primary",
        "lanes": "3",
        "maxspeed": "40",
        "name": "Rash Behari Avenue",
        "name:bn": "রাসবিহারী এভেনিউ",
        "name:etymology:wikidata": "Q7294817",
        "oneway": "yes",
        "surface": "asphalt"
      },
      "geometry": {
        "type": "LineString",
        "coordinates": [
          [
            88.3686459,
            22.5210852
          ],
          [
            88.3687163,
            22.5211142
          ],
          [
            88.3688401,
            22.5211604
          ],
          [
            88.368977,
            22.5212006
          ]
        ]
      },
      "id": "way/1196034977"
    },
    {
      "type": "Feature",
      "properties": {
        "@id": "way/1196034978",
        "highway": "primary",
        "lanes": "3",
        "maxspeed": "40",
        "name": "Rash Behari Avenue",
        "name:bn": "রাসবিহারী এভেনিউ",
        "name:etymology:wikidata": "Q7294817",
        "oneway": "yes",
        "surface": "asphalt"
      },
      "geometry": {
        "type": "LineString",
        "coordinates": [
          [
            88.3685082,
            22.5210284
          ],
          [
            88.3686459,
            22.5210852
          ]
        ]
      },
      "id": "way/1196034978"
    },
    {
      "type": "Feature",
      "properties": {
        "@id": "way/1196034979",
        "highway": "primary",
        "lanes": "3",
        "maxspeed": "40",
        "name": "Rash Behari Avenue",
        "name:etymology:wikidata": "Q7294817",
        "oneway": "yes",
        "surface": "asphalt"
      },
      "geometry": {
        "type": "LineString",
        "coordinates": [
          [
            88.3686933,
            22.5209866
          ],
          [
            88.3685558,
            22.5209308
          ]
        ]
      },
      "id": "way/1196034979"
    },
    {
      "type": "Feature",
      "properties": {
        "@id": "way/1196034980",
        "highway": "primary",
        "lanes": "3",
        "maxspeed": "40",
        "name": "Rash Behari Avenue",
        "name:etymology:wikidata": "Q7294817",
        "oneway": "yes",
        "surface": "asphalt"
      },
      "geometry": {
        "type": "LineString",
        "coordinates": [
          [
            88.36887,
            22.521058
          ],
          [
            88.3687046,
            22.5209912
          ],
          [
            88.3686933,
            22.5209866
          ]
        ]
      },
      "id": "way/1196034980"
    },
    {
      "type": "Feature",
      "properties": {
        "@id": "way/1196038473",
        "highway": "primary",
        "maxspeed": "40",
        "name": "Acharya Jagadish Chandra Bose Road",
        "name:etymology:wikidata": "Q314267",
        "oneway": "yes"
      },
      "geometry": {
        "type": "LineString",
        "coordinates": [
          [
            88.3567723,
            22.5411812
          ],
          [
            88.3570636,
            22.5411626
          ]
        ]
      },
      "id": "way/1196038473"
    },
    {
      "type": "Feature",
      "properties": {
        "@id": "way/1196038474",
        "highway": "primary",
        "maxspeed": "40",
        "name": "Acharya Jagadish Chandra Bose Road",
        "name:etymology:wikidata": "Q314267",
        "oneway": "yes"
      },
      "geometry": {
        "type": "LineString",
        "coordinates": [
          [
            88.3570149,
            22.5410297
          ],
          [
            88.3567306,
            22.5410476
          ]
        ]
      },
      "id": "way/1196038474"
    },
    {
      "type": "Feature",
      "properties": {
        "@id": "way/1196038475",
        "highway": "primary",
        "maxspeed": "40",
        "name": "Acharya Jagadish Chandra Bose Road",
        "name:etymology:wikidata": "Q314267",
        "oneway": "yes"
      },
      "geometry": {
        "type": "LineString",
        "coordinates": [
          [
            88.3572902,
            22.5410081
          ],
          [
            88.3570149,
            22.5410297
          ]
        ]
      },
      "id": "way/1196038475"
    },
    {
      "type": "Feature",
      "properties": {
        "@id": "way/1196038476",
        "highway": "primary",
        "maxspeed": "40",
        "name": "Acharya Jagadish Chandra Bose Road",
        "name:etymology:wikidata": "Q314267",
        "oneway": "yes"
      },
      "geometry": {
        "type": "LineString",
        "coordinates": [
          [
            88.3570636,
            22.5411626
          ],
          [
            88.3572908,
            22.5411481
          ]
        ]
      },
      "id": "way/1196038476"
    },
    {
      "type": "Feature",
      "properties": {
        "@id": "way/1198412482",
        "highway": "primary",
        "maxspeed": "40",
        "name": "Acharya Jagadish Chandra Bose Road",
        "name:etymology:wikidata": "Q314267",
        "oneway": "yes"
      },
      "geometry": {
        "type": "LineString",
        "coordinates": [
          [
            88.3618094,
            22.5477885
          ],
          [
            88.3619245,
            22.5481016
          ],
          [
            88.3621701,
            22.5487861
          ],
          [
            88.3624019,
            22.5494835
          ],
          [
            88.36246,
            22.5496584
          ]
        ]
      },
      "id": "way/1198412482"
    },
    {
      "type": "Feature",
      "properties": {
        "@id": "way/1201599871",
        "highway": "primary",
        "maxspeed": "40",
        "oneway": "yes"
      },
      "geometry": {
        "type": "LineString",
        "coordinates": [
          [
            88.3492085,
            22.5812152
          ],
          [
            88.3493886,
            22.5811396
          ],
          [
            88.3494777,
            22.581108
          ],
          [
            88.3499555,
            22.5808921
          ],
          [
            88.3505414,
            22.5806329
          ],
          [
            88.3508119,
            22.5804899
          ],
          [
            88.3509287,
            22.5804504
          ],
          [
            88.3509434,
            22.5804556
          ],
          [
            88.3509525,
            22.5804676
          ]
        ]
      },
      "id": "way/1201599871"
    },
    {
      "type": "Feature",
      "properties": {
        "@id": "way/1201617858",
        "embankment": "yes",
        "highway": "primary",
        "lanes": "2",
        "layer": "1",
        "maxspeed": "60",
        "name": "Ultadanga Flyover",
        "name:etymology:wikidata": "Q7880078",
        "oneway": "yes",
        "ref": "SH3",
        "surface": "asphalt"
      },
      "geometry": {
        "type": "LineString",
        "coordinates": [
          [
            88.3977674,
            22.5875129
          ],
          [
            88.3978037,
            22.5874417
          ],
          [
            88.3978526,
            22.5873473
          ],
          [
            88.3978956,
            22.5872583
          ],
          [
            88.3979578,
            22.5871366
          ],
          [
            88.3980126,
            22.587038
          ],
          [
            88.3980763,
            22.5869245
          ],
          [
            88.3982438,
            22.5866481
          ],
          [
            88.3984068,
            22.5863758
          ],
          [
            88.3985001,
            22.5862254
          ]
        ]
      },
      "id": "way/1201617858"
    },
    {
      "type": "Feature",
      "properties": {
        "@id": "way/1201617859",
        "embankment": "yes",
        "highway": "primary",
        "layer": "1",
        "maxspeed": "60",
        "name": "Ultadanga Flyover",
        "name:etymology:wikidata": "Q7880078",
        "oneway": "yes",
        "ref": "SH3",
        "surface": "asphalt"
      },
      "geometry": {
        "type": "LineString",
        "coordinates": [
          [
            88.3984027,
            22.5861852
          ],
          [
            88.3983347,
            22.5863077
          ],
          [
            88.3982739,
            22.5864102
          ],
          [
            88.3981915,
            22.5865525
          ],
          [
            88.3980281,
            22.5868224
          ],
          [
            88.3979086,
            22.5870295
          ],
          [
            88.3978394,
            22.5871523
          ],
          [
            88.3977483,
            22.5873332
          ],
          [
            88.3976823,
            22.5874672
          ]
        ]
      },
      "id": "way/1201617859"
    },
    {
      "type": "Feature",
      "properties": {
        "@id": "way/1201617860",
        "bridge": "yes",
        "highway": "primary",
        "layer": "2",
        "maxspeed": "40",
        "name": "Ultadanga Flyover",
        "oneway": "yes",
        "ref": "SH3",
        "surface": "asphalt"
      },
      "geometry": {
        "type": "LineString",
        "coordinates": [
          [
            88.3953,
            22.5918464
          ],
          [
            88.3952576,
            22.5919312
          ],
          [
            88.3952383,
            22.5919777
          ],
          [
            88.3952146,
            22.5920393
          ],
          [
            88.3952028,
            22.592094
          ],
          [
            88.3951939,
            22.5921419
          ],
          [
            88.3951879,
            22.592198
          ],
          [
            88.3951865,
            22.5922733
          ],
          [
            88.3951909,
            22.5923827
          ],
          [
            88.3951998,
            22.5924525
          ],
          [
            88.3952131,
            22.59251
          ],
          [
            88.3952279,
            22.5925592
          ],
          [
            88.3952472,
            22.5926139
          ],
          [
            88.3952872,
            22.5926974
          ],
          [
            88.3953154,
            22.5927576
          ],
          [
            88.395348,
            22.5928096
          ],
          [
            88.3954028,
            22.5928739
          ],
          [
            88.395468,
            22.5929437
          ]
        ]
      },
      "id": "way/1201617860"
    },
    {
      "type": "Feature",
      "properties": {
        "@id": "way/1201622061",
        "alt_name": "Acharya Jagadish Chandra Bose Road",
        "embankment": "yes",
        "highway": "primary",
        "maxspeed": "40",
        "name": "Vidyapati Flyover",
        "name:etymology:wikidata": "Q314267",
        "oneway": "yes"
      },
      "geometry": {
        "type": "LineString",
        "coordinates": [
          [
            88.3684833,
            22.5651909
          ],
          [
            88.3685731,
            22.5653879
          ]
        ]
      },
      "id": "way/1201622061"
    },
    {
      "type": "Feature",
      "properties": {
        "@id": "way/1201622062",
        "alt_name": "Acharya Jagadish Chandra Bose Road",
        "embankment": "yes",
        "highway": "primary",
        "lanes": "4",
        "layer": "1",
        "maxspeed": "40",
        "name": "Vidyapati Flyover",
        "name:bn": "আচার্য জগদীশচন্দ্র বসু রোড",
        "name:etymology:wikidata": "Q314267",
        "oneway": "yes",
        "ref": "SH1",
        "source": "Mapbox Satellite",
        "surface": "asphalt"
      },
      "geometry": {
        "type": "LineString",
        "coordinates": [
          [
            88.3686779,
            22.5653598
          ],
          [
            88.3686236,
            22.5652158
          ]
        ]
      },
      "id": "way/1201622062"
    },
    {
      "type": "Feature",
      "properties": {
        "@id": "way/1201622063",
        "alt_name": "Acharya Jagadish Chandra Bose Road",
        "embankment": "yes",
        "highway": "primary",
        "layer": "1",
        "maxspeed": "40",
        "name": "Vidyapati Flyover",
        "name:etymology:wikidata": "Q314267",
        "oneway": "yes"
      },
      "geometry": {
        "type": "LineString",
        "coordinates": [
          [
            88.3706759,
            22.5698221
          ],
          [
            88.3707876,
            22.5700387
          ]
        ]
      },
      "id": "way/1201622063"
    },
    {
      "type": "Feature",
      "properties": {
        "@id": "way/1201622064",
        "alt_name": "Acharya Jagadish Chandra Bose Road",
        "bridge:name": "Sealdah Flyover",
        "embankment": "yes",
        "highway": "primary",
        "layer": "1",
        "maxspeed": "40",
        "name": "Vidyapati Flyover",
        "name:etymology:wikidata": "Q314267",
        "oneway": "yes",
        "ref": "SH1",
        "source": "Yahoo hires"
      },
      "geometry": {
        "type": "LineString",
        "coordinates": [
          [
            88.3708376,
            22.5699931
          ],
          [
            88.3707607,
            22.5698266
          ]
        ]
      },
      "id": "way/1201622064"
    },
    {
      "type": "Feature",
      "properties": {
        "@id": "way/1203854199",
        "highway": "primary",
        "lanes": "4",
        "maxspeed": "40",
        "name": "Shyama Prasad Mukherjee Road",
        "name:etymology:wikidata": "Q3344992",
        "oneway": "yes",
        "width": "12"
      },
      "geometry": {
        "type": "LineString",
        "coordinates": [
          [
            88.3465786,
            22.5236168
          ],
          [
            88.3465804,
            22.5235568
          ],
          [
            88.3466021,
            22.523142
          ],
          [
            88.3466341,
            22.5226825
          ],
          [
            88.3466935,
            22.5222177
          ]
        ]
      },
      "id": "way/1203854199"
    },
    {
      "type": "Feature",
      "properties": {
        "@id": "way/1203854201",
        "highway": "primary",
        "lanes": "4",
        "maxspeed": "40",
        "name": "Shyama Prasad Mukherjee Road",
        "name:etymology:wikidata": "Q3344992",
        "oneway": "yes",
        "width": "12"
      },
      "geometry": {
        "type": "LineString",
        "coordinates": [
          [
            88.346557,
            22.5222363
          ],
          [
            88.3465173,
            22.5225869
          ],
          [
            88.3464908,
            22.5228487
          ],
          [
            88.3464717,
            22.5230378
          ],
          [
            88.3464435,
            22.5233655
          ],
          [
            88.3464295,
            22.5235822
          ],
          [
            88.3464271,
            22.5236524
          ]
        ]
      },
      "id": "way/1203854201"
    },
    {
      "type": "Feature",
      "properties": {
        "@id": "way/1209381780",
        "highway": "primary",
        "maxspeed": "40",
        "name": "Acharya Prafulla Chandra Bose Road",
        "name:etymology:wikidata": "Q3351086",
        "oneway": "yes",
        "ref": "SH1",
        "source": "Yahoo hires"
      },
      "geometry": {
        "type": "LineString",
        "coordinates": [
          [
            88.3747888,
            22.5853387
          ],
          [
            88.3747865,
            22.5852439
          ]
        ]
      },
      "id": "way/1209381780"
    },
    {
      "type": "Feature",
      "properties": {
        "@id": "way/1229465929",
        "highway": "primary",
        "maxspeed": "40",
        "name": "Jawaharlal Nehru Road",
        "name:etymology:wikidata": "Q1047",
        "oneway": "alternating",
        "surface": "asphalt"
      },
      "geometry": {
        "type": "LineString",
        "coordinates": [
          [
            88.3479693,
            22.5458821
          ],
          [
            88.3479411,
            22.5460253
          ]
        ]
      },
      "id": "way/1229465929"
    },
    {
      "type": "Feature",
      "properties": {
        "@id": "way/1235146041",
        "highway": "primary",
        "oneway": "yes"
      },
      "geometry": {
        "type": "LineString",
        "coordinates": [
          [
            88.3258326,
            22.541274
          ],
          [
            88.3258274,
            22.5412751
          ]
        ]
      },
      "id": "way/1235146041"
    },
    {
      "type": "Feature",
      "properties": {
        "@id": "way/1235146042",
        "highway": "primary",
        "name": "Diamond Harbour Road",
        "oneway": "yes"
      },
      "geometry": {
        "type": "LineString",
        "coordinates": [
          [
            88.3259214,
            22.5412545
          ],
          [
            88.3258728,
            22.5412634
          ],
          [
            88.3258409,
            22.5412724
          ],
          [
            88.3258326,
            22.541274
          ]
        ]
      },
      "id": "way/1235146042"
    },
    {
      "type": "Feature",
      "properties": {
        "@id": "way/1251109562",
        "highway": "primary",
        "maxspeed": "40",
        "name": "Acharya Jagadish Chandra Bose Road",
        "name:etymology:wikidata": "Q314267",
        "oneway": "yes"
      },
      "geometry": {
        "type": "LineString",
        "coordinates": [
          [
            88.37121,
            22.5709962
          ],
          [
            88.3712794,
            22.5711554
          ],
          [
            88.3712911,
            22.5711822
          ]
        ]
      },
      "id": "way/1251109562"
    },
    {
      "type": "Feature",
      "properties": {
        "@id": "way/1251109563",
        "highway": "primary",
        "maxspeed": "40",
        "name": "Acharya Prafulla Chandra Road",
        "name:etymology:wikidata": "Q3351086",
        "oneway": "yes",
        "ref": "SH1",
        "source": "Yahoo hires"
      },
      "geometry": {
        "type": "LineString",
        "coordinates": [
          [
            88.3711986,
            22.5707735
          ],
          [
            88.3709035,
            22.5701358
          ]
        ]
      },
      "id": "way/1251109563"
    },
    {
      "type": "Feature",
      "properties": {
        "@id": "way/1251109564",
        "highway": "primary",
        "maxspeed": "40",
        "name": "Acharya Prafulla Chandra Road",
        "name:etymology:wikidata": "Q3351086",
        "oneway": "yes",
        "ref": "SH1",
        "source": "Yahoo hires"
      },
      "geometry": {
        "type": "LineString",
        "coordinates": [
          [
            88.3712913,
            22.5709624
          ],
          [
            88.3712314,
            22.5708412
          ]
        ]
      },
      "id": "way/1251109564"
    },
    {
      "type": "Feature",
      "properties": {
        "@id": "way/1251109566",
        "highway": "primary",
        "maxspeed": "40",
        "name": "Acharya Prafulla Chandra Road",
        "name:etymology:wikidata": "Q3351086",
        "oneway": "yes",
        "ref": "SH1",
        "source": "Yahoo hires"
      },
      "geometry": {
        "type": "LineString",
        "coordinates": [
          [
            88.3712314,
            22.5708412
          ],
          [
            88.3711986,
            22.5707735
          ]
        ]
      },
      "id": "way/1251109566"
    },
    {
      "type": "Feature",
      "properties": {
        "@id": "way/1251109567",
        "highway": "primary",
        "maxspeed": "40",
        "name": "Acharya Jagadish Chandra Bose Road",
        "name:etymology:wikidata": "Q314267",
        "oneway": "yes"
      },
      "geometry": {
        "type": "LineString",
        "coordinates": [
          [
            88.3711557,
            22.5708718
          ],
          [
            88.37121,
            22.5709962
          ]
        ]
      },
      "id": "way/1251109567"
    },
    {
      "type": "Feature",
      "properties": {
        "@id": "way/1251109568",
        "highway": "primary",
        "maxspeed": "40",
        "name": "Acharya Jagadish Chandra Bose Road",
        "name:etymology:wikidata": "Q314267",
        "oneway": "yes"
      },
      "geometry": {
        "type": "LineString",
        "coordinates": [
          [
            88.3711248,
            22.5708009
          ],
          [
            88.3711557,
            22.5708718
          ]
        ]
      },
      "id": "way/1251109568"
    },
    {
      "type": "Feature",
      "properties": {
        "@id": "way/1251129390",
        "highway": "primary",
        "maxspeed": "40",
        "name": "Chittaranjan Avenue",
        "name:etymology:wikidata": "Q560182",
        "oneway": "yes",
        "surface": "asphalt"
      },
      "geometry": {
        "type": "LineString",
        "coordinates": [
          [
            88.358131,
            22.5704315
          ],
          [
            88.3577458,
            22.5692958
          ],
          [
            88.3575183,
            22.5686252
          ],
          [
            88.3573788,
            22.5684469
          ],
          [
            88.3570913,
            22.5683072
          ],
          [
            88.3569825,
            22.5682543
          ]
        ]
      },
      "id": "way/1251129390"
    },
    {
      "type": "Feature",
      "properties": {
        "@id": "way/1251129391",
        "highway": "primary",
        "maxspeed": "40",
        "name": "Chittaranjan Avenue",
        "name:etymology:wikidata": "Q560182",
        "oneway": "yes",
        "surface": "asphalt"
      },
      "geometry": {
        "type": "LineString",
        "coordinates": [
          [
            88.3561334,
            22.5678416
          ],
          [
            88.3553207,
            22.5674651
          ]
        ]
      },
      "id": "way/1251129391"
    },
    {
      "type": "Feature",
      "properties": {
        "@id": "way/1251130106",
        "highway": "primary",
        "maxspeed": "40",
        "name": "Chittaranjan Avenue",
        "name:etymology:wikidata": "Q560182",
        "oneway": "yes",
        "surface": "asphalt"
      },
      "geometry": {
        "type": "LineString",
        "coordinates": [
          [
            88.3569825,
            22.5682543
          ],
          [
            88.3561334,
            22.5678416
          ]
        ]
      },
      "id": "way/1251130106"
    },
    {
      "type": "Feature",
      "properties": {
        "@id": "way/1252220607",
        "highway": "primary",
        "lanes": "3",
        "maxspeed": "40",
        "name": "Rash Behari Avenue",
        "name:etymology:wikidata": "Q7294817",
        "oneway": "yes"
      },
      "geometry": {
        "type": "LineString",
        "coordinates": [
          [
            88.3462553,
            22.5169699
          ],
          [
            88.3458997,
            22.5169563
          ]
        ]
      },
      "id": "way/1252220607"
    },
    {
      "type": "Feature",
      "properties": {
        "@id": "way/1252224156",
        "highway": "primary",
        "maxspeed": "40",
        "name": "Acharya Jagadish Chandra Bose Road",
        "name:etymology:wikidata": "Q314267",
        "oneway": "yes"
      },
      "geometry": {
        "type": "LineString",
        "coordinates": [
          [
            88.3614006,
            22.5467398
          ],
          [
            88.3614485,
            22.5469233
          ],
          [
            88.361634,
            22.5473847
          ],
          [
            88.3618094,
            22.5477885
          ]
        ]
      },
      "id": "way/1252224156"
    },
    {
      "type": "Feature",
      "properties": {
        "@id": "way/1252278036",
        "highway": "primary",
        "lanes": "4",
        "maxheight": "default",
        "maxspeed": "40",
        "name": "Syed Amir Ali Avenue",
        "name:etymology:wikidata": "Q2525731",
        "oneway": "yes",
        "ref": "SH1",
        "surface": "asphalt"
      },
      "geometry": {
        "type": "LineString",
        "coordinates": [
          [
            88.3650533,
            22.5380364
          ],
          [
            88.3650005,
            22.5378023
          ],
          [
            88.3649625,
            22.5376293
          ],
          [
            88.3649442,
            22.5375459
          ],
          [
            88.3649301,
            22.5374519
          ],
          [
            88.3649212,
            22.537392
          ],
          [
            88.364916,
            22.5373576
          ],
          [
            88.3649145,
            22.5373342
          ],
          [
            88.3649053,
            22.5371904
          ],
          [
            88.3648972,
            22.5370554
          ],
          [
            88.3648972,
            22.5368609
          ],
          [
            88.3649079,
            22.5366318
          ],
          [
            88.3649267,
            22.5363828
          ],
          [
            88.3649643,
            22.5360434
          ],
          [
            88.3649777,
            22.5358824
          ],
          [
            88.3649911,
            22.5357399
          ],
          [
            88.3649817,
            22.5356061
          ]
        ]
      },
      "id": "way/1252278036"
    },
    {
      "type": "Feature",
      "properties": {
        "@id": "way/1252278037",
        "highway": "primary",
        "lanes": "4",
        "maxspeed": "40",
        "name": "Gariahat Road",
        "name:etymology:wikidata": "Q5523285",
        "oneway": "yes",
        "ref": "SH1",
        "surface": "asphalt"
      },
      "geometry": {
        "type": "LineString",
        "coordinates": [
          [
            88.3649428,
            22.5380618
          ],
          [
            88.3649897,
            22.5383052
          ]
        ]
      },
      "id": "way/1252278037"
    },
    {
      "type": "Feature",
      "properties": {
        "@id": "way/1252278038",
        "highway": "primary",
        "lanes": "4",
        "maxheight": "default",
        "maxspeed": "40",
        "name": "Syed Amir Ali Avenue",
        "name:etymology:wikidata": "Q2525731",
        "oneway": "yes",
        "ref": "SH1",
        "surface": "asphalt"
      },
      "geometry": {
        "type": "LineString",
        "coordinates": [
          [
            88.3651043,
            22.5382606
          ],
          [
            88.3650533,
            22.5380364
          ]
        ]
      },
      "id": "way/1252278038"
    },
    {
      "type": "Feature",
      "properties": {
        "@id": "way/1252278817",
        "highway": "primary",
        "lanes": "4",
        "maxspeed": "40",
        "name": "Syed Amir Ali Avenue",
        "name:etymology:wikidata": "Q2525731",
        "oneway": "yes",
        "ref": "SH1",
        "surface": "asphalt"
      },
      "geometry": {
        "type": "LineString",
        "coordinates": [
          [
            88.3649897,
            22.5383052
          ],
          [
            88.365087,
            22.5387883
          ]
        ]
      },
      "id": "way/1252278817"
    },
    {
      "type": "Feature",
      "properties": {
        "@id": "way/1252278818",
        "highway": "primary",
        "lanes": "4",
        "maxheight": "default",
        "maxspeed": "40",
        "name": "Syed Amir Ali Avenue",
        "name:etymology:wikidata": "Q2525731",
        "oneway": "yes",
        "ref": "SH1",
        "surface": "asphalt"
      },
      "geometry": {
        "type": "LineString",
        "coordinates": [
          [
            88.3651992,
            22.5387679
          ],
          [
            88.3651748,
            22.5386409
          ],
          [
            88.3651296,
            22.5383907
          ],
          [
            88.3651043,
            22.5382606
          ]
        ]
      },
      "id": "way/1252278818"
    },
    {
      "type": "Feature",
      "properties": {
        "@id": "way/1252286295",
        "highway": "primary",
        "maxspeed": "60",
        "name": "Eastern Metropolitan Bypass",
        "oneway": "yes",
        "ref": "SH3",
        "surface": "asphalt"
      },
      "geometry": {
        "type": "LineString",
        "coordinates": [
          [
            88.4052879,
            22.5521348
          ],
          [
            88.405371,
            22.5521882
          ],
          [
            88.4054367,
            22.5522258
          ],
          [
            88.4055059,
            22.5522615
          ],
          [
            88.4055809,
            22.5522967
          ],
          [
            88.4056499,
            22.5523259
          ],
          [
            88.4057271,
            22.5523501
          ],
          [
            88.4057962,
            22.5523674
          ]
        ]
      },
      "id": "way/1252286295"
    },
    {
      "type": "Feature",
      "properties": {
        "@id": "way/1252286296",
        "highway": "primary",
        "maxspeed": "60",
        "motorroad": "no",
        "name": "Eastern Metropolitan Bypass",
        "oneway": "yes",
        "ref": "SH3"
      },
      "geometry": {
        "type": "LineString",
        "coordinates": [
          [
            88.4062214,
            22.55229
          ],
          [
            88.4060206,
            22.5522627
          ],
          [
            88.4058428,
            22.5522296
          ]
        ]
      },
      "id": "way/1252286296"
    },
    {
      "type": "Feature",
      "properties": {
        "@id": "way/1252286297",
        "highway": "primary",
        "maxspeed": "60",
        "name": "Eastern Metropolitan Bypass",
        "oneway": "yes",
        "ref": "SH3",
        "surface": "asphalt"
      },
      "geometry": {
        "type": "LineString",
        "coordinates": [
          [
            88.4062057,
            22.5524244
          ],
          [
            88.4062735,
            22.5524263
          ],
          [
            88.4064618,
            22.5524421
          ],
          [
            88.4069528,
            22.5524934
          ]
        ]
      },
      "id": "way/1252286297"
    },
    {
      "type": "Feature",
      "properties": {
        "@id": "way/1252330485",
        "highway": "primary",
        "maxspeed": "60",
        "name": "Eastern Metropolitan Bypass",
        "oneway": "yes",
        "ref": "SH3",
        "surface": "asphalt"
      },
      "geometry": {
        "type": "LineString",
        "coordinates": [
          [
            88.4084633,
            22.5618822
          ],
          [
            88.4085603,
            22.5617221
          ],
          [
            88.4086177,
            22.561629
          ]
        ]
      },
      "id": "way/1252330485"
    },
    {
      "type": "Feature",
      "properties": {
        "@id": "way/1252335260",
        "highway": "primary",
        "lanes": "2",
        "lit": "yes",
        "maxspeed": "40",
        "name": "Acharya Jagadish Chandra Bose Road",
        "name:etymology:wikidata": "Q314267",
        "oneway": "yes",
        "surface": "asphalt"
      },
      "geometry": {
        "type": "LineString",
        "coordinates": [
          [
            88.3475767,
            22.5417213
          ],
          [
            88.3480757,
            22.541693
          ],
          [
            88.3486119,
            22.5416825
          ]
        ]
      },
      "id": "way/1252335260"
    },
    {
      "type": "Feature",
      "properties": {
        "@id": "way/1252338117",
        "highway": "primary",
        "lanes": "2",
        "maxspeed": "40",
        "name": "Jawaharlal Nehru Road",
        "name:etymology:wikidata": "Q1047",
        "oneway": "alternating",
        "surface": "asphalt"
      },
      "geometry": {
        "type": "LineString",
        "coordinates": [
          [
            88.3473427,
            22.5417345
          ],
          [
            88.3473708,
            22.5419415
          ],
          [
            88.3473826,
            22.5420212
          ]
        ]
      },
      "id": "way/1252338117"
    },
    {
      "type": "Feature",
      "properties": {
        "@id": "way/1252338118",
        "highway": "primary",
        "lanes": "2",
        "maxspeed": "40",
        "name": "Acharya Jagadish Chandra Bose Road",
        "name:etymology:wikidata": "Q314267",
        "oneway": "yes",
        "surface": "asphalt"
      },
      "geometry": {
        "type": "LineString",
        "coordinates": [
          [
            88.3473223,
            22.5415533
          ],
          [
            88.3471892,
            22.5415639
          ]
        ]
      },
      "id": "way/1252338118"
    },
    {
      "type": "Feature",
      "properties": {
        "@id": "way/1252338119",
        "highway": "primary",
        "lanes": "2",
        "maxspeed": "40",
        "name": "Acharya Jagadish Chandra Bose Road",
        "name:etymology:wikidata": "Q314267",
        "oneway": "yes",
        "surface": "asphalt"
      },
      "geometry": {
        "type": "LineString",
        "coordinates": [
          [
            88.3473427,
            22.5417345
          ],
          [
            88.3475767,
            22.5417213
          ]
        ]
      },
      "id": "way/1252338119"
    },
    {
      "type": "Feature",
      "properties": {
        "@id": "way/1252338120",
        "highway": "primary",
        "lanes": "2",
        "lit": "yes",
        "maxspeed": "40",
        "name": "Jawaharlal Nehru Road",
        "name:etymology:wikidata": "Q1047",
        "oneway": "alternating",
        "sidewalk": "left",
        "sidewalk:left:surface": "paving_stones",
        "smoothness": "good",
        "surface": "asphalt"
      },
      "geometry": {
        "type": "LineString",
        "coordinates": [
          [
            88.3472931,
            22.5421752
          ],
          [
            88.3476022,
            22.5440364
          ],
          [
            88.3476693,
            22.5444571
          ],
          [
            88.3477701,
            22.5451715
          ],
          [
            88.3478428,
            22.5457179
          ],
          [
            88.3478666,
            22.5458965
          ],
          [
            88.3479411,
            22.5460253
          ]
        ]
      },
      "id": "way/1252338120"
    },
    {
      "type": "Feature",
      "properties": {
        "@id": "way/1252704829",
        "alt_name": "Jawaharlal Nehru Road",
        "highway": "primary",
        "name": "Chowringhee Road",
        "name:etymology:wikidata": "Q1047",
        "oneway": "yes",
        "wikidata": "Q9384706",
        "wikipedia": "en:Chowringhee Road"
      },
      "geometry": {
        "type": "LineString",
        "coordinates": [
          [
            88.351448,
            22.5651004
          ],
          [
            88.3514964,
            22.5652262
          ],
          [
            88.3515051,
            22.5652487
          ],
          [
            88.3515352,
            22.5653269
          ]
        ]
      },
      "id": "way/1252704829"
    },
    {
      "type": "Feature",
      "properties": {
        "@id": "way/1252704830",
        "alt_name": "Jawaharlal Nehru Road",
        "highway": "primary",
        "name": "Chowringhee Road",
        "name:etymology:wikidata": "Q5105573",
        "oneway": "yes",
        "wikidata": "Q9384706",
        "wikipedia": "en:Chowringhee Road"
      },
      "geometry": {
        "type": "LineString",
        "coordinates": [
          [
            88.3516655,
            22.5652929
          ],
          [
            88.3516526,
            22.5652489
          ],
          [
            88.351646,
            22.5652265
          ],
          [
            88.3515928,
            22.5650453
          ]
        ]
      },
      "id": "way/1252704830"
    },
    {
      "type": "Feature",
      "properties": {
        "@id": "way/1286161073",
        "highway": "primary",
        "lanes": "4",
        "maxspeed": "40",
        "name": "AJC Bose Road",
        "name:bn": "আচার্য জগদীশচন্দ্র বসু রোড",
        "name:etymology:wikidata": "Q314267",
        "oneway": "yes",
        "ref": "SH1",
        "source": "Mapbox Satellite",
        "surface": "asphalt"
      },
      "geometry": {
        "type": "LineString",
        "coordinates": [
          [
            88.3671179,
            22.5614484
          ],
          [
            88.3670804,
            22.5613718
          ]
        ]
      },
      "id": "way/1286161073"
    },
    {
      "type": "Feature",
      "properties": {
        "@id": "way/1287596349",
        "highway": "primary",
        "maxspeed": "40",
        "name": "Raja Subodh Chandra Mullick Road",
        "name:etymology:wikidata": "Q21176797",
        "oneway": "yes",
        "ref": "SH1"
      },
      "geometry": {
        "type": "LineString",
        "coordinates": [
          [
            88.367681,
            22.503324
          ],
          [
            88.3677597,
            22.5031774
          ]
        ]
      },
      "id": "way/1287596349"
    },
    {
      "type": "Feature",
      "properties": {
        "@id": "way/1287596350",
        "highway": "primary",
        "maxspeed": "40",
        "name": "Raja Subodh Chandra Mullick Road",
        "name:etymology:wikidata": "Q21176797",
        "oneway": "yes",
        "ref": "SH1"
      },
      "geometry": {
        "type": "LineString",
        "coordinates": [
          [
            88.3676088,
            22.5034446
          ],
          [
            88.367681,
            22.503324
          ]
        ]
      },
      "id": "way/1287596350"
    },
    {
      "type": "Feature",
      "properties": {
        "@id": "way/1287633304",
        "highway": "primary",
        "name": "Tagore Street",
        "oneway": "yes"
      },
      "geometry": {
        "type": "LineString",
        "coordinates": [
          [
            88.3626763,
            22.5862211
          ],
          [
            88.3627787,
            22.5862116
          ]
        ]
      },
      "id": "way/1287633304"
    },
    {
      "type": "Feature",
      "properties": {
        "@id": "way/1287633305",
        "highway": "primary",
        "oneway": "yes"
      },
      "geometry": {
        "type": "LineString",
        "coordinates": [
          [
            88.3626763,
            22.5862211
          ],
          [
            88.3626885,
            22.5862899
          ]
        ]
      },
      "id": "way/1287633305"
    },
    {
      "type": "Feature",
      "properties": {
        "@id": "way/1287651664",
        "highway": "primary",
        "lanes": "3",
        "maxspeed": "60",
        "name": "Eastern Metropolitan Bypass",
        "oneway": "yes",
        "ref": "SH3",
        "surface": "asphalt",
        "turn:lanes": "through|through|through"
      },
      "geometry": {
        "type": "LineString",
        "coordinates": [
          [
            88.4109399,
            22.5585845
          ],
          [
            88.4107797,
            22.5587645
          ]
        ]
      },
      "id": "way/1287651664"
    },
    {
      "type": "Feature",
      "properties": {
        "@id": "way/1287659277",
        "highway": "primary",
        "lane_markings": "no",
        "lit": "yes",
        "maxspeed": "60",
        "name": "Eastern Metropolitan Bypass",
        "oneway": "yes",
        "ref": "SH3",
        "sidewalk": "left",
        "surface": "asphalt"
      },
      "geometry": {
        "type": "LineString",
        "coordinates": [
          [
            88.4011238,
            22.5808871
          ],
          [
            88.4011896,
            22.5807302
          ]
        ]
      },
      "id": "way/1287659277"
    },
    {
      "type": "Feature",
      "properties": {
        "@id": "way/1287928522",
        "alt_name": "Mother Teresa Sarani",
        "highway": "primary",
        "lane_markings": "no",
        "maxspeed": "40",
        "name": "Park Street",
        "old_name": "Park Street",
        "oneway": "yes",
        "surface": "asphalt"
      },
      "geometry": {
        "type": "LineString",
        "coordinates": [
          [
            88.3660525,
            22.5433669
          ],
          [
            88.3661202,
            22.5433189
          ]
        ]
      },
      "id": "way/1287928522"
    },
    {
      "type": "Feature",
      "properties": {
        "@id": "way/1287928523",
        "alt_name": "Mother Teresa Sarani",
        "highway": "primary",
        "lane_markings": "no",
        "maxspeed": "40",
        "name": "Park Street",
        "old_name": "Park Street",
        "oneway": "yes",
        "surface": "asphalt"
      },
      "geometry": {
        "type": "LineString",
        "coordinates": [
          [
            88.3658401,
            22.5435217
          ],
          [
            88.365873,
            22.5434977
          ]
        ]
      },
      "id": "way/1287928523"
    },
    {
      "type": "Feature",
      "properties": {
        "@id": "way/1287928524",
        "alt_name": "Mother Teresa Sarani",
        "highway": "primary",
        "lane_markings": "no",
        "maxspeed": "40",
        "name": "Park Street",
        "old_name": "Park Street",
        "oneway": "yes",
        "surface": "asphalt"
      },
      "geometry": {
        "type": "LineString",
        "coordinates": [
          [
            88.3660871,
            22.5432962
          ],
          [
            88.3658212,
            22.5434906
          ]
        ]
      },
      "id": "way/1287928524"
    },
    {
      "type": "Feature",
      "properties": {
        "@id": "way/1287928525",
        "alt_name": "Mother Teresa Sarani",
        "highway": "primary",
        "lane_markings": "no",
        "maxspeed": "40",
        "name": "Park Street",
        "old_name": "Park Street",
        "oneway": "yes",
        "surface": "asphalt"
      },
      "geometry": {
        "type": "LineString",
        "coordinates": [
          [
            88.365711,
            22.543601
          ],
          [
            88.365749,
            22.5435994
          ],
          [
            88.3658401,
            22.5435217
          ]
        ]
      },
      "id": "way/1287928525"
    },
    {
      "type": "Feature",
      "properties": {
        "@id": "way/1287928526",
        "alt_name": "Mother Teresa Sarani",
        "highway": "primary",
        "lane_markings": "no",
        "maxspeed": "40",
        "name": "Park Street",
        "old_name": "Park Street",
        "oneway": "yes",
        "surface": "asphalt"
      },
      "geometry": {
        "type": "LineString",
        "coordinates": [
          [
            88.365748,
            22.5435431
          ],
          [
            88.365741,
            22.5435481
          ],
          [
            88.365722,
            22.5435618
          ],
          [
            88.3657135,
            22.5435921
          ],
          [
            88.365711,
            22.543601
          ]
        ]
      },
      "id": "way/1287928526"
    },
    {
      "type": "Feature",
      "properties": {
        "@id": "way/1288011209",
        "highway": "primary",
        "maxspeed": "40",
        "name": "Chittaranjan Avenue",
        "name:etymology:wikidata": "Q560182",
        "name:hi": "चित्तरंजन ऐवन्यू",
        "oneway": "yes",
        "surface": "asphalt"
      },
      "geometry": {
        "type": "LineString",
        "coordinates": [
          [
            88.3553207,
            22.5674651
          ],
          [
            88.3545465,
            22.5670716
          ]
        ]
      },
      "id": "way/1288011209"
    },
    {
      "type": "Feature",
      "properties": {
        "@id": "way/1291256329",
        "highway": "primary",
        "maxspeed": "60",
        "name": "Eastern Metropolitan Bypass",
        "oneway": "yes"
      },
      "geometry": {
        "type": "LineString",
        "coordinates": [
          [
            88.3982789,
            22.5212821
          ],
          [
            88.3982495,
            22.5213279
          ],
          [
            88.3981994,
            22.5214057
          ],
          [
            88.3977517,
            22.5221979
          ],
          [
            88.3974239,
            22.5227413
          ],
          [
            88.3973612,
            22.5228497
          ],
          [
            88.3968091,
            22.5238047
          ],
          [
            88.3966544,
            22.5240831
          ],
          [
            88.3957601,
            22.5255148
          ]
        ]
      },
      "id": "way/1291256329"
    },
    {
      "type": "Feature",
      "properties": {
        "@id": "way/1309031790",
        "highway": "primary",
        "lanes": "2",
        "maxspeed": "60",
        "oneway": "yes",
        "surface": "asphalt"
      },
      "geometry": {
        "type": "LineString",
        "coordinates": [
          [
            88.3607212,
            22.5788496
          ],
          [
            88.3608798,
            22.5793503
          ]
        ]
      },
      "id": "way/1309031790"
    },
    {
      "type": "Feature",
      "properties": {
        "@id": "way/1309033381",
        "highway": "primary",
        "lanes": "2",
        "maxspeed": "60",
        "oneway": "yes",
        "surface": "asphalt"
      },
      "geometry": {
        "type": "LineString",
        "coordinates": [
          [
            88.3608798,
            22.5793503
          ],
          [
            88.3610531,
            22.5800284
          ]
        ]
      },
      "id": "way/1309033381"
    },
    {
      "type": "Feature",
      "properties": {
        "@id": "way/1309034477",
        "highway": "primary",
        "lanes": "2",
        "maxspeed": "60",
        "name": "Chittaranjan Avenue",
        "name:etymology:wikidata": "Q560182",
        "oneway": "yes",
        "surface": "asphalt"
      },
      "geometry": {
        "type": "LineString",
        "coordinates": [
          [
            88.3621175,
            22.5836315
          ],
          [
            88.3619751,
            22.5830699
          ],
          [
            88.3618462,
            22.5825483
          ],
          [
            88.3615725,
            22.5816466
          ],
          [
            88.3615219,
            22.5814284
          ]
        ]
      },
      "id": "way/1309034477"
    },
    {
      "type": "Feature",
      "properties": {
        "@id": "way/1309035993",
        "highway": "primary",
        "maxspeed": "40",
        "name": "Mahatma Gandhi Road",
        "name:etymology:wikidata": "Q1001",
        "oneway": "yes"
      },
      "geometry": {
        "type": "LineString",
        "coordinates": [
          [
            88.3540823,
            22.5809151
          ],
          [
            88.3537609,
            22.5810412
          ],
          [
            88.3523466,
            22.5814932
          ]
        ]
      },
      "id": "way/1309035993"
    },
    {
      "type": "Feature",
      "properties": {
        "@id": "way/1311193534",
        "highway": "primary",
        "lanes": "2",
        "name": "CIT Road",
        "oneway": "yes"
      },
      "geometry": {
        "type": "LineString",
        "coordinates": [
          [
            88.3899836,
            22.5755896
          ],
          [
            88.3899364,
            22.5752808
          ],
          [
            88.3898821,
            22.5748662
          ],
          [
            88.3898711,
            22.5747821
          ],
          [
            88.3898512,
            22.5746297
          ],
          [
            88.3898027,
            22.5743622
          ],
          [
            88.3896903,
            22.5736167
          ],
          [
            88.3896486,
            22.573359
          ],
          [
            88.3895857,
            22.5729059
          ],
          [
            88.3895213,
            22.5724279
          ],
          [
            88.3895085,
            22.5723391
          ],
          [
            88.3894979,
            22.5722654
          ]
        ]
      },
      "id": "way/1311193534"
    },
    {
      "type": "Feature",
      "properties": {
        "@id": "way/1311424753",
        "highway": "primary",
        "lanes": "3",
        "maxspeed": "40",
        "name": "Rash Behari Avenue",
        "name:etymology:wikidata": "Q7294817",
        "oneway": "yes",
        "surface": "asphalt"
      },
      "geometry": {
        "type": "LineString",
        "coordinates": [
          [
            88.3519616,
            22.517232
          ],
          [
            88.3518103,
            22.5172081
          ],
          [
            88.3514423,
            22.5171499
          ],
          [
            88.3508905,
            22.5170626
          ],
          [
            88.3492254,
            22.5168329
          ]
        ]
      },
      "id": "way/1311424753"
    },
    {
      "type": "Feature",
      "properties": {
        "@id": "way/1311463337",
        "highway": "primary",
        "name": "Jawaharlal Nehru Road",
        "name:etymology:wikidata": "Q1047",
        "oneway": "yes",
        "surface": "asphalt"
      },
      "geometry": {
        "type": "LineString",
        "coordinates": [
          [
            88.3484074,
            22.548156
          ],
          [
            88.3483949,
            22.548104
          ],
          [
            88.3482998,
            22.547994
          ]
        ]
      },
      "id": "way/1311463337"
    },
    {
      "type": "Feature",
      "properties": {
        "@id": "way/1311467838",
        "highway": "primary",
        "lit": "yes",
        "maxspeed": "60",
        "name": "Eastern Metropolitan Bypass",
        "oneway": "yes",
        "ref": "SH3"
      },
      "geometry": {
        "type": "LineString",
        "coordinates": [
          [
            88.401162,
            22.5803677
          ],
          [
            88.4010456,
            22.5807447
          ]
        ]
      },
      "id": "way/1311467838"
    },
    {
      "type": "Feature",
      "properties": {
        "@id": "way/1311467839",
        "highway": "primary",
        "lit": "yes",
        "maxspeed": "60",
        "name": "Eastern Metropolitan Bypass",
        "oneway": "yes",
        "ref": "SH3",
        "surface": "asphalt"
      },
      "geometry": {
        "type": "LineString",
        "coordinates": [
          [
            88.4009971,
            22.5808725
          ],
          [
            88.4009285,
            22.5810376
          ],
          [
            88.4005793,
            22.5816568
          ],
          [
            88.4001364,
            22.5825447
          ],
          [
            88.3998137,
            22.5832205
          ],
          [
            88.3997687,
            22.5833233
          ],
          [
            88.3996889,
            22.583506
          ],
          [
            88.399437,
            22.584082
          ],
          [
            88.3994046,
            22.5841558
          ],
          [
            88.3993817,
            22.5842079
          ],
          [
            88.3993781,
            22.584216
          ],
          [
            88.3993757,
            22.5842215
          ],
          [
            88.3993013,
            22.5843876
          ],
          [
            88.3991404,
            22.5847283
          ],
          [
            88.3989654,
            22.5851171
          ],
          [
            88.3989021,
            22.5852476
          ],
          [
            88.398764,
            22.5855326
          ],
          [
            88.3987045,
            22.585653
          ],
          [
            88.3986499,
            22.5857633
          ]
        ]
      },
      "id": "way/1311467839"
    },
    {
      "type": "Feature",
      "properties": {
        "@id": "way/1311474134",
        "alt_name": "Barrackpore Trunk Road",
        "highway": "primary",
        "lane_markings": "no",
        "name": "Tala Flyover",
        "oneway": "yes",
        "surface": "asphalt"
      },
      "geometry": {
        "type": "LineString",
        "coordinates": [
          [
            88.377097,
            22.6119313
          ],
          [
            88.3771378,
            22.6120202
          ]
        ]
      },
      "id": "way/1311474134"
    },
    {
      "type": "Feature",
      "properties": {
        "@id": "way/1311474135",
        "alt_name": "Barrackpore Trunk Road",
        "highway": "primary",
        "lane_markings": "no",
        "maxspeed": "40",
        "name": "Tala Flyover",
        "oneway": "yes",
        "ref": "SH1",
        "source": "Yahoo hires",
        "surface": "asphalt"
      },
      "geometry": {
        "type": "LineString",
        "coordinates": [
          [
            88.3772208,
            22.6119779
          ],
          [
            88.3771877,
            22.6119042
          ]
        ]
      },
      "id": "way/1311474135"
    },
    {
      "type": "Feature",
      "properties": {
        "@id": "way/1311474136",
        "highway": "primary",
        "maxspeed": "40",
        "name": "State Highway 1",
        "oneway": "yes",
        "ref": "SH1",
        "source": "Yahoo hires"
      },
      "geometry": {
        "type": "LineString",
        "coordinates": [
          [
            88.3742194,
            22.6057963
          ],
          [
            88.3741681,
            22.6057088
          ],
          [
            88.3741049,
            22.6055976
          ]
        ]
      },
      "id": "way/1311474136"
    },
    {
      "type": "Feature",
      "properties": {
        "@id": "way/1314584803",
        "alt_name": "Barrackpore Trunk Road",
        "highway": "primary",
        "maxspeed": "40",
        "name": "Tala Flyover",
        "oneway": "yes",
        "ref": "SH1"
      },
      "geometry": {
        "type": "LineString",
        "coordinates": [
          [
            88.3741452,
            22.6058539
          ],
          [
            88.3741881,
            22.6059293
          ]
        ]
      },
      "id": "way/1314584803"
    },
    {
      "type": "Feature",
      "properties": {
        "@id": "way/1314584804",
        "alt_name": "Barrackpore Trunk Road",
        "highway": "primary",
        "maxspeed": "40",
        "name": "Tala Flyover",
        "oneway": "yes",
        "ref": "SH1",
        "source": "Yahoo hires"
      },
      "geometry": {
        "type": "LineString",
        "coordinates": [
          [
            88.3742739,
            22.6058992
          ],
          [
            88.3742194,
            22.6057963
          ]
        ]
      },
      "id": "way/1314584804"
    },
    {
      "type": "Feature",
      "properties": {
        "@id": "way/1314597774",
        "highway": "primary",
        "maxspeed": "40",
        "name": "Acharya Jagadish Chandra Bose Road",
        "name:etymology:wikidata": "Q314267",
        "oneway": "yes"
      },
      "geometry": {
        "type": "LineString",
        "coordinates": [
          [
            88.3629129,
            22.5417007
          ],
          [
            88.3628684,
            22.5416813
          ]
        ]
      },
      "id": "way/1314597774"
    },
    {
      "type": "Feature",
      "properties": {
        "@id": "way/1314615240",
        "highway": "primary",
        "maxspeed": "60",
        "name": "Eastern Metropolitan Bypass Flyover",
        "oneway": "yes"
      },
      "geometry": {
        "type": "LineString",
        "coordinates": [
          [
            88.3887508,
            22.47724
          ],
          [
            88.3887038,
            22.4770382
          ],
          [
            88.3886914,
            22.4769782
          ]
        ]
      },
      "id": "way/1314615240"
    },
    {
      "type": "Feature",
      "properties": {
        "@id": "way/1314615241",
        "highway": "primary",
        "maxspeed": "60",
        "name": "Eastern Metropolitan Bypass Flyover",
        "oneway": "yes"
      },
      "geometry": {
        "type": "LineString",
        "coordinates": [
          [
            88.3885265,
            22.4769448
          ],
          [
            88.3886214,
            22.477268
          ]
        ]
      },
      "id": "way/1314615241"
    },
    {
      "type": "Feature",
      "properties": {
        "@id": "way/1314615242",
        "highway": "primary",
        "maxspeed": "60",
        "name": "Eastern Metropolitan Bypass Flyover",
        "oneway": "yes"
      },
      "geometry": {
        "type": "LineString",
        "coordinates": [
          [
            88.3912564,
            22.4825179
          ],
          [
            88.391588,
            22.4830145
          ]
        ]
      },
      "id": "way/1314615242"
    },
    {
      "type": "Feature",
      "properties": {
        "@id": "way/1314623120",
        "highway": "primary",
        "maxspeed": "40",
        "name": "Dhakuria Flyover",
        "name:etymology:wikidata": "Q21176797",
        "oneway": "yes",
        "ref": "SH1"
      },
      "geometry": {
        "type": "LineString",
        "coordinates": [
          [
            88.3672359,
            22.5133663
          ],
          [
            88.3672737,
            22.5131492
          ]
        ]
      },
      "id": "way/1314623120"
    },
    {
      "type": "Feature",
      "properties": {
        "@id": "way/1314623121",
        "highway": "primary",
        "maxspeed": "40",
        "name": "Dhakuria Flyover",
        "oneway": "yes",
        "ref": "SH1"
      },
      "geometry": {
        "type": "LineString",
        "coordinates": [
          [
            88.3671953,
            22.513147
          ],
          [
            88.3671664,
            22.5133548
          ]
        ]
      },
      "id": "way/1314623121"
    },
    {
      "type": "Feature",
      "properties": {
        "@id": "way/1314623125",
        "highway": "primary",
        "maxspeed": "40",
        "name": "Dhakuria Flyover",
        "name:etymology:wikidata": "Q1263851",
        "oneway": "yes",
        "ref": "SH1"
      },
      "geometry": {
        "type": "LineString",
        "coordinates": [
          [
            88.3672187,
            22.5082988
          ],
          [
            88.3672924,
            22.5086271
          ]
        ]
      },
      "id": "way/1314623125"
    },
    {
      "type": "Feature",
      "properties": {
        "@id": "way/1314632048",
        "highway": "primary",
        "lane_markings": "no",
        "name": "Lock Gate Road Flyover",
        "surface": "asphalt"
      },
      "geometry": {
        "type": "LineString",
        "coordinates": [
          [
            88.3699687,
            22.6078957
          ],
          [
            88.369944,
            22.6078566
          ],
          [
            88.3698722,
            22.6077426
          ]
        ]
      },
      "id": "way/1314632048"
    },
    {
      "type": "Feature",
      "properties": {
        "@id": "way/1314632050",
        "highway": "primary"
      },
      "geometry": {
        "type": "LineString",
        "coordinates": [
          [
            88.3790872,
            22.6160134
          ],
          [
            88.3789658,
            22.6160027
          ],
          [
            88.3788755,
            22.6159918
          ]
        ]
      },
      "id": "way/1314632050"
    },
    {
      "type": "Feature",
      "properties": {
        "@id": "way/1314632051",
        "highway": "primary",
        "name": "Lock Gate Road Flyover"
      },
      "geometry": {
        "type": "LineString",
        "coordinates": [
          [
            88.3788755,
            22.6159918
          ],
          [
            88.3788089,
            22.6159822
          ],
          [
            88.3787603,
            22.6159692
          ],
          [
            88.3787016,
            22.6159443
          ]
        ]
      },
      "id": "way/1314632051"
    },
    {
      "type": "Feature",
      "properties": {
        "@id": "way/1314812922",
        "alt_name": "Mahatma Gandhi Road",
        "bridge": "yes",
        "highway": "primary",
        "layer": "1",
        "name": "Vidyapati Flyover",
        "name:etymology:wikidata": "Q314267",
        "oneway": "yes"
      },
      "geometry": {
        "type": "LineString",
        "coordinates": [
          [
            88.3690585,
            22.5706624
          ],
          [
            88.3693993,
            22.5700377
          ]
        ]
      },
      "id": "way/1314812922"
    },
    {
      "type": "Feature",
      "properties": {
        "@id": "way/1314812923",
        "alt_name": "Mahatma Gandhi Road",
        "bridge": "yes",
        "highway": "primary",
        "layer": "1",
        "name": "Vidyapati Flyover",
        "name:etymology:wikidata": "Q1001",
        "oneway": "yes"
      },
      "geometry": {
        "type": "LineString",
        "coordinates": [
          [
            88.3693072,
            22.5699364
          ],
          [
            88.3692835,
            22.5699816
          ],
          [
            88.3689725,
            22.5705756
          ]
        ]
      },
      "id": "way/1314812923"
    },
    {
      "type": "Feature",
      "properties": {
        "@id": "way/1323774471",
        "highway": "primary",
        "lane_markings": "no",
        "maxspeed": "40",
        "name": "Raja Subodh Chandra Mullick Road",
        "name:etymology:wikidata": "Q21176797",
        "oneway": "yes",
        "ref": "SH1",
        "surface": "asphalt"
      },
      "geometry": {
        "type": "LineString",
        "coordinates": [
          [
            88.3671909,
            22.5048365
          ],
          [
            88.3671897,
            22.5048059
          ]
        ]
      },
      "id": "way/1323774471"
    },
    {
      "type": "Feature",
      "properties": {
        "@id": "way/1323774472",
        "highway": "primary",
        "lane_markings": "no",
        "maxspeed": "40",
        "name": "Raja Subodh Chandra Mullick Road",
        "name:etymology:wikidata": "Q21176797",
        "oneway": "yes",
        "ref": "SH1",
        "surface": "asphalt"
      },
      "geometry": {
        "type": "LineString",
        "coordinates": [
          [
            88.3672566,
            22.5043273
          ],
          [
            88.3672643,
            22.5042907
          ]
        ]
      },
      "id": "way/1323774472"
    },
    {
      "type": "Feature",
      "properties": {
        "@id": "way/1324038319",
        "alt_name": "Bidhannagar Road",
        "highway": "primary",
        "lanes": "2",
        "name": "Ultadanga Underpass",
        "oneway": "yes",
        "surface": "asphalt"
      },
      "geometry": {
        "type": "LineString",
        "coordinates": [
          [
            88.3915126,
            22.5921864
          ],
          [
            88.3912142,
            22.592254
          ]
        ]
      },
      "id": "way/1324038319"
    },
    {
      "type": "Feature",
      "properties": {
        "@id": "way/1324038320",
        "alt_name": "Bidhannagar Road",
        "highway": "primary",
        "lanes": "2",
        "name": "Ultadanga Underpass",
        "oneway": "yes",
        "surface": "asphalt"
      },
      "geometry": {
        "type": "LineString",
        "coordinates": [
          [
            88.3908753,
            22.5923741
          ],
          [
            88.390758,
            22.5924249
          ]
        ]
      },
      "id": "way/1324038320"
    },
    {
      "type": "Feature",
      "properties": {
        "@id": "way/1327792166",
        "highway": "primary",
        "maxspeed": "40",
        "name": "Raja Subodh Chandra Mullick Road",
        "name:etymology:wikidata": "Q21176797",
        "oneway": "yes",
        "ref": "SH1"
      },
      "geometry": {
        "type": "LineString",
        "coordinates": [
          [
            88.3769181,
            22.4719357
          ],
          [
            88.3769344,
            22.4719285
          ],
          [
            88.3770214,
            22.4718833
          ],
          [
            88.3771095,
            22.47182
          ],
          [
            88.3771363,
            22.4717881
          ]
        ]
      },
      "id": "way/1327792166"
    },
    {
      "type": "Feature",
      "properties": {
        "@id": "way/1327792167",
        "highway": "primary",
        "maxspeed": "40",
        "name": "Raja Subodh Chandra Mullick Road",
        "name:etymology:wikidata": "Q21176797",
        "oneway": "yes",
        "ref": "SH1"
      },
      "geometry": {
        "type": "LineString",
        "coordinates": [
          [
            88.3771363,
            22.4717881
          ],
          [
            88.3768988,
            22.4718863
          ]
        ]
      },
      "id": "way/1327792167"
    },
    {
      "type": "Feature",
      "properties": {
        "@id": "way/1327830119",
        "highway": "primary",
        "lane_markings": "no",
        "name": "Bidhan Nagar Road",
        "name:etymology:wikidata": "Q115503441",
        "oneway": "yes",
        "surface": "asphalt"
      },
      "geometry": {
        "type": "LineString",
        "coordinates": [
          [
            88.3822011,
            22.5943541
          ],
          [
            88.3821009,
            22.5943533
          ]
        ]
      },
      "id": "way/1327830119"
    },
    {
      "type": "Feature",
      "properties": {
        "@id": "way/1328730182",
        "highway": "primary",
        "lanes": "3",
        "maxspeed": "40",
        "name": "Deshapran Sashmal Road",
        "name:etymology:wikidata": "Q4916200",
        "oneway": "yes"
      },
      "geometry": {
        "type": "LineString",
        "coordinates": [
          [
            88.3451927,
            22.4929693
          ],
          [
            88.3451704,
            22.4930811
          ],
          [
            88.3451659,
            22.4931566
          ],
          [
            88.3451642,
            22.4932382
          ]
        ]
      },
      "id": "way/1328730182"
    },
    {
      "type": "Feature",
      "properties": {
        "@id": "way/1342370345",
        "alt_name": "Mother Teresa Sarani",
        "highway": "primary",
        "lane_markings": "no",
        "maxspeed": "40",
        "name": "Park Street",
        "old_name": "Park Street",
        "surface": "asphalt"
      },
      "geometry": {
        "type": "LineString",
        "coordinates": [
          [
            88.3656542,
            22.5436396
          ],
          [
            88.365711,
            22.543601
          ]
        ]
      },
      "id": "way/1342370345"
    },
    {
      "type": "Feature",
      "properties": {
        "@id": "way/1342413757",
        "highway": "primary",
        "name": "Bidhan Nagar Road",
        "name:etymology:wikidata": "Q115503441",
        "oneway": "yes",
        "surface": "asphalt"
      },
      "geometry": {
        "type": "LineString",
        "coordinates": [
          [
            88.3895832,
            22.5929648
          ],
          [
            88.3898987,
            22.5928591
          ]
        ]
      },
      "id": "way/1342413757"
    },
    {
      "type": "Feature",
      "properties": {
        "@id": "way/1342413759",
        "highway": "primary",
        "name": "Bidhan Nagar Road",
        "name:etymology:wikidata": "Q115503441",
        "oneway": "yes"
      },
      "geometry": {
        "type": "LineString",
        "coordinates": [
          [
            88.3892226,
            22.5930831
          ],
          [
            88.3893566,
            22.5930407
          ]
        ]
      },
      "id": "way/1342413759"
    },
    {
      "type": "Feature",
      "properties": {
        "@id": "way/1342413760",
        "highway": "primary",
        "name": "Bidhan Nagar Road",
        "name:etymology:wikidata": "Q115503441",
        "oneway": "yes",
        "surface": "asphalt"
      },
      "geometry": {
        "type": "LineString",
        "coordinates": [
          [
            88.3893566,
            22.5930407
          ],
          [
            88.3895832,
            22.5929648
          ]
        ]
      },
      "id": "way/1342413760"
    },
    {
      "type": "Feature",
      "properties": {
        "@id": "way/1342413761",
        "highway": "primary",
        "lane_markings": "no",
        "name": "Bidhan Nagar Road",
        "name:etymology:wikidata": "Q115503441",
        "oneway": "yes",
        "surface": "asphalt"
      },
      "geometry": {
        "type": "LineString",
        "coordinates": [
          [
            88.3898588,
            22.5928132
          ],
          [
            88.3896454,
            22.5928869
          ],
          [
            88.3896141,
            22.5928969
          ],
          [
            88.3893839,
            22.5929703
          ]
        ]
      },
      "id": "way/1342413761"
    },
    {
      "type": "Feature",
      "properties": {
        "@id": "way/1342413762",
        "highway": "primary",
        "lane_markings": "no",
        "name": "Bidhan Nagar Road",
        "name:etymology:wikidata": "Q115503441",
        "oneway": "yes",
        "surface": "asphalt"
      },
      "geometry": {
        "type": "LineString",
        "coordinates": [
          [
            88.3893839,
            22.5929703
          ],
          [
            88.3893369,
            22.5929867
          ]
        ]
      },
      "id": "way/1342413762"
    },
    {
      "type": "Feature",
      "properties": {
        "@id": "way/1343374101",
        "alt_name": "Rash Behari Avenue Connector",
        "highway": "primary",
        "lanes": "3",
        "name": "Bijon Flyover",
        "name:etymology:wikidata": "Q7294817",
        "oneway": "yes"
      },
      "geometry": {
        "type": "LineString",
        "coordinates": [
          [
            88.3695745,
            22.5211381
          ],
          [
            88.3694501,
            22.5211451
          ]
        ]
      },
      "id": "way/1343374101"
    },
    {
      "type": "Feature",
      "properties": {
        "@id": "way/1344481867",
        "highway": "primary",
        "lanes": "2",
        "maxspeed": "60",
        "name": "Mahatma Gandhi Road",
        "name:etymology:wikidata": "Q1001",
        "oneway": "yes",
        "surface": "asphalt"
      },
      "geometry": {
        "type": "LineString",
        "coordinates": [
          [
            88.3679667,
            22.5721653
          ],
          [
            88.3677686,
            22.572485
          ]
        ]
      },
      "id": "way/1344481867"
    },
    {
      "type": "Feature",
      "properties": {
        "@id": "way/1352010599",
        "bridge": "yes",
        "highway": "primary",
        "layer": "1",
        "maxspeed": "60",
        "name": "Eastern Metropolitan Bypass",
        "oneway": "yes",
        "ref": "SH3",
        "surface": "asphalt"
      },
      "geometry": {
        "type": "LineString",
        "coordinates": [
          [
            88.4122932,
            22.5566253
          ],
          [
            88.4122717,
            22.5564221
          ]
        ]
      },
      "id": "way/1352010599"
    },
    {
      "type": "Feature",
      "properties": {
        "@id": "way/1363541090",
        "highway": "primary",
        "maxspeed": "60",
        "name": "Eastern Metropolitan Bypass Flyover",
        "oneway": "yes"
      },
      "geometry": {
        "type": "LineString",
        "coordinates": [
          [
            88.3922236,
            22.483712
          ],
          [
            88.3921819,
            22.4836426
          ],
          [
            88.3917544,
            22.4829052
          ],
          [
            88.3915639,
            22.4826458
          ],
          [
            88.3913239,
            22.4823474
          ]
        ]
      },
      "id": "way/1363541090"
    },
    {
      "type": "Feature",
      "properties": {
        "@id": "way/1364195155",
        "highway": "primary",
        "name": "Bidhan Nagar Road",
        "name:etymology:wikidata": "Q115503441",
        "oneway": "yes"
      },
      "geometry": {
        "type": "LineString",
        "coordinates": [
          [
            88.3780612,
            22.5943029
          ],
          [
            88.3782776,
            22.5943214
          ]
        ]
      },
      "id": "way/1364195155"
    },
    {
      "type": "Feature",
      "properties": {
        "@id": "way/1364195157",
        "alt_name": "Bidhannagar Road",
        "highway": "primary",
        "maxspeed": "40",
        "name": "Shri Aurobindo Sarani",
        "name:etymology:wikidata": "Q192207",
        "oneway": "yes"
      },
      "geometry": {
        "type": "LineString",
        "coordinates": [
          [
            88.3780391,
            22.5942211
          ],
          [
            88.3777822,
            22.5942126
          ],
          [
            88.3772729,
            22.594199
          ],
          [
            88.3765151,
            22.5941596
          ],
          [
            88.3758615,
            22.5941356
          ],
          [
            88.3755778,
            22.5941292
          ],
          [
            88.3754709,
            22.5941271
          ],
          [
            88.375447,
            22.5941268
          ],
          [
            88.3753888,
            22.5941244
          ]
        ]
      },
      "id": "way/1364195157"
    },
    {
      "type": "Feature",
      "properties": {
        "@id": "way/1364197711",
        "highway": "primary",
        "lanes": "4",
        "maxspeed": "40",
        "name": "Gariahat Road",
        "name:etymology:wikidata": "Q5523285",
        "oneway": "yes",
        "ref": "SH1",
        "surface": "asphalt"
      },
      "geometry": {
        "type": "LineString",
        "coordinates": [
          [
            88.3661005,
            22.5283889
          ],
          [
            88.3661851,
            22.5281811
          ]
        ]
      },
      "id": "way/1364197711"
    },
    {
      "type": "Feature",
      "properties": {
        "@id": "way/1364680438",
        "bridge": "yes",
        "highway": "primary",
        "layer": "1",
        "maxspeed": "50",
        "name": "Acharya Jagadish Chandra Bose Flyover",
        "name:etymology:wikidata": "Q314267",
        "oneway": "yes"
      },
      "geometry": {
        "type": "LineString",
        "coordinates": [
          [
            88.362436,
            22.5414931
          ],
          [
            88.3623121,
            22.5414375
          ],
          [
            88.3619865,
            22.5412986
          ],
          [
            88.3617388,
            22.5412038
          ],
          [
            88.3615441,
            22.5411335
          ],
          [
            88.361284,
            22.5410632
          ],
          [
            88.3610185,
            22.5410109
          ],
          [
            88.3608327,
            22.5409766
          ],
          [
            88.3606487,
            22.540957
          ],
          [
            88.3603724,
            22.5409511
          ],
          [
            88.3600778,
            22.5409544
          ],
          [
            88.3597533,
            22.5409689
          ],
          [
            88.359479,
            22.5409783
          ]
        ]
      },
      "id": "way/1364680438"
    },
    {
      "type": "Feature",
      "properties": {
        "@id": "way/1373591610",
        "highway": "primary",
        "lanes": "4",
        "maxspeed:bus": "40",
        "maxspeed:motorcar": "50",
        "maxspeed:motorcycle": "50",
        "name": "Shyama Prasad Mukherjee Road",
        "name:etymology:wikidata": "Q3344992",
        "oneway": "yes",
        "width": "12"
      },
      "geometry": {
        "type": "LineString",
        "coordinates": [
          [
            88.3459425,
            22.5171971
          ],
          [
            88.3459276,
            22.5171051
          ],
          [
            88.3459222,
            22.5170722
          ],
          [
            88.345921,
            22.5170645
          ]
        ]
      },
      "id": "way/1373591610"
    },
    {
      "type": "Feature",
      "properties": {
        "@id": "way/1373593284",
        "alt_name": "Jawaharlal Nehru Road",
        "alt_name:etymology:wikidata": "Q1047",
        "highway": "primary",
        "maxspeed": "40",
        "name": "Chowringhee Road",
        "oneway": "yes",
        "wikidata": "Q9384706",
        "wikipedia": "en:Chowringhee Road"
      },
      "geometry": {
        "type": "LineString",
        "coordinates": [
          [
            88.3482998,
            22.547994
          ],
          [
            88.3482847,
            22.5481462
          ]
        ]
      },
      "id": "way/1373593284"
    },
    {
      "type": "Feature",
      "properties": {
        "@id": "way/1373593668",
        "alt_name": "Jawaharlal Nehru Road",
        "highway": "primary",
        "name": "Chowringhee Road",
        "name:etymology:wikidata": "Q5105573",
        "oneway": "yes",
        "wikidata": "Q9384706",
        "wikipedia": "en:Chowringhee Road"
      },
      "geometry": {
        "type": "LineString",
        "coordinates": [
          [
            88.3507977,
            22.5607238
          ],
          [
            88.3507288,
            22.5602385
          ]
        ]
      },
      "id": "way/1373593668"
    },
    {
      "type": "Feature",
      "properties": {
        "@id": "way/1373593669",
        "alt_name": "Jawaharlal Nehru Road",
        "highway": "primary",
        "maxspeed": "40",
        "name": "Chowringhee Road",
        "name:etymology:wikidata": "Q5105573",
        "oneway": "yes",
        "wikidata": "Q9384706",
        "wikipedia": "en:Chowringhee Road"
      },
      "geometry": {
        "type": "LineString",
        "coordinates": [
          [
            88.3505922,
            22.5602515
          ],
          [
            88.3506431,
            22.5607266
          ]
        ]
      },
      "id": "way/1373593669"
    },
    {
      "type": "Feature",
      "properties": {
        "@id": "way/1373597350",
        "highway": "primary",
        "maxspeed": "40",
        "name": "Raja Subodh Chandra Mullick Road",
        "name:etymology:wikidata": "Q21176797",
        "oneway": "yes",
        "ref": "SH1"
      },
      "geometry": {
        "type": "LineString",
        "coordinates": [
          [
            88.3677672,
            22.5028866
          ],
          [
            88.3677326,
            22.5029575
          ]
        ]
      },
      "id": "way/1373597350"
    },
    {
      "type": "Feature",
      "properties": {
        "@id": "way/1373597351",
        "highway": "primary",
        "maxspeed": "40",
        "name": "Raja Subodh Chandra Mullick Road",
        "name:etymology:wikidata": "Q21176797",
        "oneway": "yes",
        "ref": "SH1"
      },
      "geometry": {
        "type": "LineString",
        "coordinates": [
          [
            88.3677597,
            22.5031774
          ],
          [
            88.3678052,
            22.5030927
          ]
        ]
      },
      "id": "way/1373597351"
    },
    {
      "type": "Feature",
      "properties": {
        "@id": "way/1373600698",
        "highway": "primary",
        "maxspeed": "40",
        "name": "Acharya Jagadish Chandra Bose Road",
        "name:etymology:wikidata": "Q314267",
        "oneway": "yes"
      },
      "geometry": {
        "type": "LineString",
        "coordinates": [
          [
            88.3668978,
            22.5611884
          ],
          [
            88.3669347,
            22.5612885
          ]
        ]
      },
      "id": "way/1373600698"
    },
    {
      "type": "Feature",
      "properties": {
        "@id": "way/1373609570",
        "highway": "primary",
        "maxspeed": "60",
        "name": "Eastern Metropolitan Bypass",
        "oneway": "yes",
        "ref": "SH3",
        "surface": "asphalt"
      },
      "geometry": {
        "type": "LineString",
        "coordinates": [
          [
            88.411624,
            22.5578279
          ],
          [
            88.4115602,
            22.5579025
          ]
        ]
      },
      "id": "way/1373609570"
    },
    {
      "type": "Feature",
      "properties": {
        "@id": "way/1373610103",
        "highway": "primary",
        "maxspeed": "60",
        "name": "Eastern Metropolitan Bypass",
        "oneway": "yes",
        "ref": "SH3"
      },
      "geometry": {
        "type": "LineString",
        "coordinates": [
          [
            88.4083216,
            22.5621135
          ],
          [
            88.408384,
            22.5620145
          ]
        ]
      },
      "id": "way/1373610103"
    },
    {
      "type": "Feature",
      "properties": {
        "@id": "way/1373610836",
        "highway": "primary",
        "lit": "yes",
        "maxspeed": "60",
        "name": "Eastern Metropolitan Bypass",
        "oneway": "yes",
        "ref": "SH3"
      },
      "geometry": {
        "type": "LineString",
        "coordinates": [
          [
            88.4011896,
            22.5807302
          ],
          [
            88.4012823,
            22.580426
          ]
        ]
      },
      "id": "way/1373610836"
    },
    {
      "type": "Feature",
      "properties": {
        "@id": "way/1373610837",
        "highway": "primary",
        "lit": "yes",
        "maxspeed": "60",
        "name": "Eastern Metropolitan Bypass",
        "oneway": "yes",
        "ref": "SH3"
      },
      "geometry": {
        "type": "LineString",
        "coordinates": [
          [
            88.4010456,
            22.5807447
          ],
          [
            88.4009971,
            22.5808725
          ]
        ]
      },
      "id": "way/1373610837"
    },
    {
      "type": "Feature",
      "properties": {
        "@id": "way/1376060973",
        "highway": "primary",
        "lanes": "2",
        "lit": "yes",
        "maxspeed": "40",
        "name": "Acharya Jagadish Chandra Bose Road",
        "name:etymology:wikidata": "Q314267",
        "oneway": "yes",
        "surface": "asphalt"
      },
      "geometry": {
        "type": "LineString",
        "coordinates": [
          [
            88.3486119,
            22.5416825
          ],
          [
            88.3492719,
            22.5416187
          ],
          [
            88.3498123,
            22.5415824
          ]
        ]
      },
      "id": "way/1376060973"
    },
    {
      "type": "Feature",
      "properties": {
        "@id": "way/1376085936",
        "highway": "primary",
        "lit": "yes",
        "maxspeed": "40",
        "name": "Radha Gobinda Kar Road",
        "name:etymology:wikidata": "Q7280172",
        "oneway": "yes"
      },
      "geometry": {
        "type": "LineString",
        "coordinates": [
          [
            88.3849486,
            22.6054934
          ],
          [
            88.384671,
            22.6054138
          ],
          [
            88.38452,
            22.6053712
          ],
          [
            88.3842828,
            22.6053018
          ]
        ]
      },
      "id": "way/1376085936"
    },
    {
      "type": "Feature",
      "properties": {
        "@id": "way/1376085938",
        "highway": "primary",
        "lit": "yes",
        "maxspeed": "40",
        "name": "Radha Gobinda Kar Road",
        "name:etymology:wikidata": "Q7280172",
        "oneway": "yes"
      },
      "geometry": {
        "type": "LineString",
        "coordinates": [
          [
            88.3838931,
            22.6051831
          ],
          [
            88.3837553,
            22.6051349
          ],
          [
            88.3836447,
            22.6051009
          ],
          [
            88.3835432,
            22.6050723
          ]
        ]
      },
      "id": "way/1376085938"
    },
    {
      "type": "Feature",
      "properties": {
        "@id": "way/1385500622",
        "highway": "primary",
        "maxspeed": "60",
        "name": "Eastern Metropolitan Bypass",
        "oneway": "yes"
      },
      "geometry": {
        "type": "LineString",
        "coordinates": [
          [
            88.3968606,
            22.4923344
          ],
          [
            88.396817,
            22.4922565
          ]
        ]
      },
      "id": "way/1385500622"
    },
    {
      "type": "Feature",
      "properties": {
        "@id": "way/1385500624",
        "highway": "primary",
        "maxspeed": "60",
        "name": "Eastern Metropolitan Bypass",
        "oneway": "yes"
      },
      "geometry": {
        "type": "LineString",
        "coordinates": [
          [
            88.4009796,
            22.5043576
          ],
          [
            88.4009649,
            22.5043167
          ],
          [
            88.4009542,
            22.5042461
          ]
        ]
      },
      "id": "way/1385500624"
    },
    {
      "type": "Feature",
      "properties": {
        "@id": "way/1385500627",
        "highway": "primary",
        "name": "Diamond Harbour Road",
        "name:etymology:wikidata": "Q1264213",
        "name:zh": "戴蒙德路",
        "oneway": "yes",
        "source": "Yahoo hires"
      },
      "geometry": {
        "type": "LineString",
        "coordinates": [
          [
            88.3272105,
            22.5334092
          ],
          [
            88.3271109,
            22.5327933
          ],
          [
            88.3269864,
            22.5320247
          ],
          [
            88.3269732,
            22.5319433
          ],
          [
            88.3269593,
            22.5318706
          ],
          [
            88.3267778,
            22.5309234
          ],
          [
            88.3267563,
            22.5308209
          ],
          [
            88.3267101,
            22.5306001
          ],
          [
            88.3263347,
            22.5289462
          ],
          [
            88.3258975,
            22.5271705
          ],
          [
            88.3258837,
            22.5271246
          ]
        ]
      },
      "id": "way/1385500627"
    },
    {
      "type": "Feature",
      "properties": {
        "@id": "way/1385716937",
        "highway": "primary",
        "maxspeed": "60",
        "name": "Eastern Metropolitan Bypass",
        "oneway": "yes"
      },
      "geometry": {
        "type": "LineString",
        "coordinates": [
          [
            88.3965753,
            22.4922092
          ],
          [
            88.3966518,
            22.4923472
          ],
          [
            88.3966948,
            22.4924246
          ]
        ]
      },
      "id": "way/1385716937"
    },
    {
      "type": "Feature",
      "properties": {
        "@id": "way/1385718875",
        "highway": "primary",
        "junction": "roundabout",
        "maxspeed": "40",
        "name": "Gol Park",
        "ref": "SH1",
        "surface": "asphalt"
      },
      "geometry": {
        "type": "LineString",
        "coordinates": [
          [
            88.3662815,
            22.5160063
          ],
          [
            88.3661764,
            22.5160087
          ],
          [
            88.3660795,
            22.5160466
          ]
        ]
      },
      "id": "way/1385718875"
    },
    {
      "type": "Feature",
      "properties": {
        "@id": "way/1387719552",
        "highway": "primary",
        "lit": "yes",
        "maxspeed": "40",
        "name": "Radha Gobinda Kar Road",
        "name:etymology:wikidata": "Q7280172",
        "oneway": "yes"
      },
      "geometry": {
        "type": "LineString",
        "coordinates": [
          [
            88.3840531,
            22.6052318
          ],
          [
            88.3838931,
            22.6051831
          ]
        ]
      },
      "id": "way/1387719552"
    },
    {
      "type": "Feature",
      "properties": {
        "@id": "way/1387719554",
        "highway": "primary",
        "junction": "roundabout"
      },
      "geometry": {
        "type": "LineString",
        "coordinates": [
          [
            88.3908267,
            22.6074263
          ],
          [
            88.3908331,
            22.6074384
          ]
        ]
      },
      "id": "way/1387719554"
    },
    {
      "type": "Feature",
      "properties": {
        "@id": "way/1387720855",
        "highway": "primary",
        "lanes": "4",
        "maxspeed": "40",
        "name": "AJC Bose Road",
        "name:bn": "আচার্য জগদীশচন্দ্র বসু রোড",
        "name:etymology:wikidata": "Q314267",
        "oneway": "yes",
        "ref": "SH1",
        "source": "Mapbox Satellite",
        "surface": "asphalt"
      },
      "geometry": {
        "type": "LineString",
        "coordinates": [
          [
            88.366836,
            22.5607268
          ],
          [
            88.36681,
            22.5606574
          ]
        ]
      },
      "id": "way/1387720855"
    },
    {
      "type": "Feature",
      "properties": {
        "@id": "way/1388181075",
        "highway": "primary",
        "lanes": "2",
        "oneway": "yes"
      },
      "geometry": {
        "type": "LineString",
        "coordinates": [
          [
            88.3933666,
            22.5914451
          ],
          [
            88.3934291,
            22.5914949
          ],
          [
            88.3935268,
            22.5915607
          ],
          [
            88.3936707,
            22.5916583
          ]
        ]
      },
      "id": "way/1388181075"
    },
    {
      "type": "Feature",
      "properties": {
        "@id": "way/1388218548",
        "highway": "primary",
        "maxspeed": "40",
        "name": "Raja Subodh Chandra Mullick Road",
        "name:etymology:wikidata": "Q21176797",
        "oneway": "yes",
        "ref": "SH1",
        "source": "maxar"
      },
      "geometry": {
        "type": "LineString",
        "coordinates": [
          [
            88.3754223,
            22.4838724
          ],
          [
            88.3754313,
            22.4841204
          ]
        ]
      },
      "id": "way/1388218548"
    },
    {
      "type": "Feature",
      "properties": {
        "@id": "way/1388704702",
        "highway": "primary",
        "maxspeed": "40",
        "name": "Acharya Prafulla Chandra Road",
        "name:etymology:wikidata": "Q3351086",
        "oneway": "yes",
        "ref": "SH1",
        "source": "Yahoo hires"
      },
      "geometry": {
        "type": "LineString",
        "coordinates": [
          [
            88.3723323,
            22.5730978
          ],
          [
            88.372174,
            22.5727641
          ],
          [
            88.3718326,
            22.5720438
          ],
          [
            88.3716835,
            22.5717579
          ],
          [
            88.3714183,
            22.5712197
          ],
          [
            88.3713815,
            22.5711451
          ],
          [
            88.3712913,
            22.5709624
          ]
        ]
      },
      "id": "way/1388704702"
    },
    {
      "type": "Feature",
      "properties": {
        "@id": "way/1388704703",
        "highway": "primary",
        "maxspeed": "40",
        "name": "Acharya Jagadish Chandra Bose Road",
        "name:etymology:wikidata": "Q314267",
        "oneway": "yes"
      },
      "geometry": {
        "type": "LineString",
        "coordinates": [
          [
            88.3722162,
            22.5731322
          ],
          [
            88.3723394,
            22.5733797
          ],
          [
            88.3723628,
            22.5734243
          ]
        ]
      },
      "id": "way/1388704703"
    },
    {
      "type": "Feature",
      "properties": {
        "@id": "way/1388708414",
        "alt_name": "Acharya Jagadish Chandra Bose Road",
        "bridge": "yes",
        "highway": "primary",
        "layer": "1",
        "maxspeed": "40",
        "name": "Vidyapati Flyover",
        "name:etymology:wikidata": "Q314267",
        "oneway": "yes"
      },
      "geometry": {
        "type": "LineString",
        "coordinates": [
          [
            88.368765,
            22.5658464
          ],
          [
            88.3687844,
            22.5658905
          ]
        ]
      },
      "id": "way/1388708414"
    },
    {
      "type": "Feature",
      "properties": {
        "@id": "way/1388709917",
        "alt_name": "Acharya Jagadish Chandra Bose Road",
        "bridge": "viaduct",
        "bridge:name": "Sealdah Flyover",
        "highway": "primary",
        "layer": "1",
        "maxspeed": "40",
        "name": "Vidyapati Flyover",
        "name:etymology:wikidata": "Q314267",
        "oneway": "yes",
        "ref": "SH1",
        "source": "Yahoo hires"
      },
      "geometry": {
        "type": "LineString",
        "coordinates": [
          [
            88.3688709,
            22.5658624
          ],
          [
            88.3688522,
            22.5658216
          ]
        ]
      },
      "id": "way/1388709917"
    },
    {
      "type": "Feature",
      "properties": {
        "@id": "way/1388712085",
        "highway": "primary",
        "lane_markings": "no",
        "maxspeed": "40",
        "name": "Circus Avenue",
        "oneway": "yes",
        "surface": "asphalt"
      },
      "geometry": {
        "type": "LineString",
        "coordinates": [
          [
            88.3660871,
            22.5432962
          ],
          [
            88.3661006,
            22.5433046
          ],
          [
            88.3661202,
            22.5433189
          ]
        ]
      },
      "id": "way/1388712085"
    },
    {
      "type": "Feature",
      "properties": {
        "@id": "way/1388968686",
        "highway": "primary",
        "maxspeed": "40",
        "name": "Acharya Jagadish Chandra Bose Road",
        "name:etymology:wikidata": "Q314267",
        "oneway": "yes"
      },
      "geometry": {
        "type": "LineString",
        "coordinates": [
          [
            88.3614936,
            22.5466964
          ],
          [
            88.3614722,
            22.5465721
          ],
          [
            88.3612983,
            22.5460902
          ],
          [
            88.361206,
            22.5458346
          ],
          [
            88.3611951,
            22.545807
          ],
          [
            88.3610146,
            22.5453493
          ],
          [
            88.3609142,
            22.5450949
          ],
          [
            88.3607841,
            22.5447591
          ],
          [
            88.3607172,
            22.5445864
          ],
          [
            88.3606877,
            22.5445104
          ],
          [
            88.3605382,
            22.5440866
          ]
        ]
      },
      "id": "way/1388968686"
    },
    {
      "type": "Feature",
      "properties": {
        "@id": "way/1388968687",
        "highway": "primary",
        "maxspeed": "40",
        "name": "Acharya Jagadish Chandra Bose Road",
        "name:etymology:wikidata": "Q314267",
        "oneway": "yes"
      },
      "geometry": {
        "type": "LineString",
        "coordinates": [
          [
            88.3600448,
            22.5431704
          ],
          [
            88.3601522,
            22.5434464
          ],
          [
            88.3603001,
            22.5437053
          ],
          [
            88.3604471,
            22.5440953
          ]
        ]
      },
      "id": "way/1388968687"
    },
    {
      "type": "Feature",
      "properties": {
        "@id": "way/1388968690",
        "highway": "primary",
        "junction": "roundabout",
        "lanes": "3",
        "maxspeed": "40",
        "name": "Park Circus",
        "oneway": "yes",
        "surface": "asphalt"
      },
      "geometry": {
        "type": "LineString",
        "coordinates": [
          [
            88.3658212,
            22.5434906
          ],
          [
            88.3658324,
            22.5435104
          ],
          [
            88.3658401,
            22.5435217
          ]
        ]
      },
      "id": "way/1388968690"
    },
    {
      "type": "Feature",
      "properties": {
        "@id": "way/1388968691",
        "alt_name": "Mother Teresa Sarani",
        "highway": "primary",
        "lane_markings": "no",
        "maxspeed": "40",
        "name": "Park Street",
        "old_name": "Park Street",
        "oneway": "yes",
        "surface": "asphalt"
      },
      "geometry": {
        "type": "LineString",
        "coordinates": [
          [
            88.3658212,
            22.5434906
          ],
          [
            88.365748,
            22.5435431
          ]
        ]
      },
      "id": "way/1388968691"
    },
    {
      "type": "Feature",
      "properties": {
        "@id": "way/1388968692",
        "highway": "primary",
        "lanes": "4",
        "maxspeed": "40",
        "name": "Syed Amir Ali Avenue",
        "name:etymology:wikidata": "Q2525731",
        "oneway": "yes",
        "ref": "SH1"
      },
      "geometry": {
        "type": "LineString",
        "coordinates": [
          [
            88.3655882,
            22.5411561
          ],
          [
            88.3656979,
            22.5416087
          ],
          [
            88.3657301,
            22.5417475
          ],
          [
            88.3657703,
            22.541929
          ]
        ]
      },
      "id": "way/1388968692"
    },
    {
      "type": "Feature",
      "properties": {
        "@id": "way/1388968694",
        "highway": "primary",
        "maxspeed": "40",
        "name": "JBS Haldane Avenue",
        "name:etymology:wikidata": "Q156333",
        "oneway": "yes"
      },
      "geometry": {
        "type": "LineString",
        "coordinates": [
          [
            88.3702631,
            22.5399365
          ],
          [
            88.3695545,
            22.5401992
          ],
          [
            88.3685044,
            22.5406079
          ],
          [
            88.3682119,
            22.5407609
          ]
        ]
      },
      "id": "way/1388968694"
    },
    {
      "type": "Feature",
      "properties": {
        "@id": "way/1392013783",
        "highway": "primary",
        "maxspeed": "40",
        "name": "Shri Aurobindo Sarani",
        "name:etymology:wikidata": "Q192207",
        "oneway": "yes"
      },
      "geometry": {
        "type": "LineString",
        "coordinates": [
          [
            88.3753116,
            22.5941297
          ],
          [
            88.3752279,
            22.5941575
          ]
        ]
      },
      "id": "way/1392013783"
    },
    {
      "type": "Feature",
      "properties": {
        "@id": "way/1392013784",
        "highway": "primary",
        "name": "Bidhan Nagar Road",
        "name:etymology:wikidata": "Q115503441",
        "oneway": "yes"
      },
      "geometry": {
        "type": "LineString",
        "coordinates": [
          [
            88.3753154,
            22.5941773
          ],
          [
            88.3754,
            22.5941842
          ]
        ]
      },
      "id": "way/1392013784"
    },
    {
      "type": "Feature",
      "properties": {
        "@id": "way/1392015605",
        "highway": "primary",
        "maxspeed": "40",
        "name": "Vivekananda Road",
        "name:etymology:wikidata": "Q47478",
        "name:zh": "辩喜路",
        "oneway": "yes"
      },
      "geometry": {
        "type": "LineString",
        "coordinates": [
          [
            88.3749494,
            22.5851913
          ],
          [
            88.3748414,
            22.5852261
          ],
          [
            88.3748049,
            22.585238
          ],
          [
            88.3747865,
            22.5852439
          ]
        ]
      },
      "id": "way/1392015605"
    },
    {
      "type": "Feature",
      "properties": {
        "@id": "way/1392015606",
        "highway": "primary",
        "maxspeed": "40",
        "name": "Acharya Prafulla Chandra Bose Road",
        "name:etymology:wikidata": "Q3351086",
        "oneway": "yes",
        "ref": "SH1"
      },
      "geometry": {
        "type": "LineString",
        "coordinates": [
          [
            88.374634,
            22.5849056
          ],
          [
            88.3746599,
            22.5850985
          ]
        ]
      },
      "id": "way/1392015606"
    },
    {
      "type": "Feature",
      "properties": {
        "@id": "way/1392018676",
        "highway": "primary",
        "name": "Salt Lake Bypass",
        "oneway": "yes",
        "opening_date": "2024-05-15"
      },
      "geometry": {
        "type": "LineString",
        "coordinates": [
          [
            88.4115986,
            22.55805
          ],
          [
            88.411694,
            22.5580395
          ],
          [
            88.4117915,
            22.5580267
          ]
        ]
      },
      "id": "way/1392018676"
    },
    {
      "type": "Feature",
      "properties": {
        "@id": "way/1392909746",
        "highway": "primary",
        "lane_markings": "no",
        "maxspeed": "40",
        "name": "Vivekananda Road",
        "oneway": "yes",
        "surface": "asphalt"
      },
      "geometry": {
        "type": "LineString",
        "coordinates": [
          [
            88.3675028,
            22.5856446
          ],
          [
            88.3674892,
            22.5856459
          ],
          [
            88.3672737,
            22.5856672
          ],
          [
            88.366815,
            22.5857151
          ],
          [
            88.3665877,
            22.5857422
          ],
          [
            88.3664316,
            22.5857611
          ],
          [
            88.366064,
            22.5857962
          ],
          [
            88.365853,
            22.5858208
          ],
          [
            88.3656171,
            22.585841
          ],
          [
            88.3654204,
            22.5858625
          ],
          [
            88.364941,
            22.5859148
          ],
          [
            88.3646069,
            22.5859505
          ],
          [
            88.3640367,
            22.5860089
          ],
          [
            88.3634239,
            22.5860776
          ],
          [
            88.362768,
            22.5861419
          ]
        ]
      },
      "id": "way/1392909746"
    },
    {
      "type": "Feature",
      "properties": {
        "@id": "way/1408493890",
        "highway": "primary",
        "oneway": "yes"
      },
      "geometry": {
        "type": "LineString",
        "coordinates": [
          [
            88.3678525,
            22.6038076
          ],
          [
            88.3683064,
            22.6049961
          ],
          [
            88.3683982,
            22.6052741
          ],
          [
            88.3685194,
            22.6055278
          ],
          [
            88.3685524,
            22.6055718
          ],
          [
            88.3689753,
            22.6061353
          ],
          [
            88.3693662,
            22.6068589
          ],
          [
            88.3694861,
            22.6069385
          ]
        ]
      },
      "id": "way/1408493890"
    },
    {
      "type": "Feature",
      "properties": {
        "@id": "way/1408494962",
        "highway": "primary",
        "junction": "roundabout",
        "maxspeed": "40",
        "name": "Parama Circle",
        "oneway": "yes",
        "ref": "SH3"
      },
      "geometry": {
        "type": "LineString",
        "coordinates": [
          [
            88.3984079,
            22.5428641
          ],
          [
            88.3984592,
            22.5428698
          ],
          [
            88.3985237,
            22.5428536
          ]
        ]
      },
      "id": "way/1408494962"
    },
    {
      "type": "Feature",
      "properties": {
        "@id": "way/1415330201",
        "highway": "primary",
        "maxspeed": "40",
        "name": "Acharya Jagadish Chandra Bose Road",
        "name:etymology:wikidata": "Q314267",
        "oneway": "yes"
      },
      "geometry": {
        "type": "LineString",
        "coordinates": [
          [
            88.3597379,
            22.5423885
          ],
          [
            88.3599119,
            22.5428289
          ],
          [
            88.3600448,
            22.5431704
          ]
        ]
      },
      "id": "way/1415330201"
    },
    {
      "type": "Feature",
      "properties": {
        "@id": "way/1419352710",
        "highway": "primary",
        "junction": "roundabout",
        "maxspeed": "40",
        "name": "Parama Circle",
        "oneway": "yes",
        "ref": "SH3"
      },
      "geometry": {
        "type": "LineString",
        "coordinates": [
          [
            88.398356,
            22.542849
          ],
          [
            88.3984079,
            22.5428641
          ]
        ]
      },
      "id": "way/1419352710"
    },
    {
      "type": "Feature",
      "properties": {
        "@id": "way/1421308503",
        "highway": "primary",
        "maxspeed": "60",
        "name": "EM Bypass",
        "oneway": "yes"
      },
      "geometry": {
        "type": "LineString",
        "coordinates": [
          [
            88.3897841,
            22.4719477
          ],
          [
            88.3898254,
            22.4718814
          ]
        ]
      },
      "id": "way/1421308503"
    },
    {
      "type": "Feature",
      "properties": {
        "@id": "way/1427088653",
        "alt_name": "Jawaharlal Nehru Road",
        "highway": "primary",
        "name": "Chowringhee Road",
        "name:etymology:wikidata": "Q5105573",
        "oneway": "yes",
        "wikidata": "Q9384706",
        "wikipedia": "en:Chowringhee Road"
      },
      "geometry": {
        "type": "LineString",
        "coordinates": [
          [
            88.3508247,
            22.5609572
          ],
          [
            88.3507977,
            22.5607238
          ]
        ]
      },
      "id": "way/1427088653"
    },
    {
      "type": "Feature",
      "properties": {
        "@id": "way/1427088654",
        "highway": "primary",
        "maxspeed": "40",
        "name": "Jawaharlal Nehru Road",
        "name:etymology:wikidata": "Q1047",
        "old_name": "Chowringhee",
        "oneway": "yes"
      },
      "geometry": {
        "type": "LineString",
        "coordinates": [
          [
            88.3506431,
            22.5607266
          ],
          [
            88.3506666,
            22.5609644
          ]
        ]
      },
      "id": "way/1427088654"
    },
    {
      "type": "Feature",
      "properties": {
        "@id": "way/1427467162",
        "highway": "primary",
        "maxspeed": "40",
        "name": "Acharya Jagadish Chandra Bose Road",
        "name:etymology:wikidata": "Q314267",
        "oneway": "yes"
      },
      "geometry": {
        "type": "LineString",
        "coordinates": [
          [
            88.3581705,
            22.5411062
          ],
          [
            88.3585716,
            22.5410902
          ],
          [
            88.3589552,
            22.5410873
          ]
        ]
      },
      "id": "way/1427467162"
    },
    {
      "type": "Feature",
      "properties": {
        "@id": "way/1427469703",
        "highway": "primary",
        "lanes": "4",
        "maxspeed": "40",
        "name": "Gariahat Road",
        "name:etymology:wikidata": "Q5523285",
        "oneway": "yes",
        "ref": "SH1",
        "surface": "asphalt"
      },
      "geometry": {
        "type": "LineString",
        "coordinates": [
          [
            88.3662221,
            22.528033
          ],
          [
            88.366233,
            22.5279483
          ],
          [
            88.3662316,
            22.5278294
          ]
        ]
      },
      "id": "way/1427469703"
    },
    {
      "type": "Feature",
      "properties": {
        "@id": "way/1427623900",
        "highway": "primary",
        "lane_markings": "no",
        "maxspeed": "40",
        "name": "J.B.S. Haldane Avenue",
        "name:etymology:wikidata": "Q156333",
        "oneway": "yes",
        "surface": "asphalt"
      },
      "geometry": {
        "type": "LineString",
        "coordinates": [
          [
            88.376668,
            22.539075
          ],
          [
            88.3765139,
            22.5390857
          ],
          [
            88.3763107,
            22.5390879
          ],
          [
            88.3759009,
            22.5390766
          ],
          [
            88.3757755,
            22.5390668
          ]
        ]
      },
      "id": "way/1427623900"
    },
    {
      "type": "Feature",
      "properties": {
        "@id": "way/1427717778",
        "highway": "primary",
        "maxspeed": "40",
        "name": "Barrackpore Trunk Road",
        "oneway": "yes",
        "ref": "SH1",
        "source": "Yahoo hires",
        "surface": "asphalt"
      },
      "geometry": {
        "type": "LineString",
        "coordinates": [
          [
            88.3775101,
            22.6125876
          ],
          [
            88.3772208,
            22.6119779
          ]
        ]
      },
      "id": "way/1427717778"
    },
    {
      "type": "Feature",
      "properties": {
        "@id": "way/1427717781",
        "highway": "primary",
        "lane_markings": "no",
        "maxspeed": "40",
        "name": "Barrackpore Trunk Road",
        "oneway": "yes",
        "ref": "SH1",
        "source": "Yahoo hires",
        "surface": "asphalt"
      },
      "geometry": {
        "type": "LineString",
        "coordinates": [
          [
            88.3771378,
            22.6120202
          ],
          [
            88.3773607,
            22.6125544
          ]
        ]
      },
      "id": "way/1427717781"
    },
    {
      "type": "Feature",
      "properties": {
        "@id": "way/1428302761",
        "highway": "primary",
        "maxspeed": "60",
        "name": "Eastern Metropolitan Bypass",
        "oneway": "yes",
        "ref": "SH3"
      },
      "geometry": {
        "type": "LineString",
        "coordinates": [
          [
            88.4039621,
            22.5707751
          ],
          [
            88.4038388,
            22.5710156
          ],
          [
            88.4037824,
            22.5711421
          ]
        ]
      },
      "id": "way/1428302761"
    },
    {
      "type": "Feature",
      "properties": {
        "@id": "way/1429470374",
        "highway": "primary",
        "maxspeed": "60",
        "name": "Eastern Metropolitan Bypass",
        "oneway": "yes"
      },
      "geometry": {
        "type": "LineString",
        "coordinates": [
          [
            88.3949407,
            22.5274619
          ],
          [
            88.3949341,
            22.527658
          ],
          [
            88.3949284,
            22.5277936
          ],
          [
            88.3949412,
            22.5280357
          ],
          [
            88.3949589,
            22.5281544
          ],
          [
            88.3949742,
            22.528324
          ]
        ]
      },
      "id": "way/1429470374"
    },
    {
      "type": "Feature",
      "properties": {
        "@id": "way/1429470376",
        "highway": "primary",
        "maxspeed": "60",
        "oneway": "yes"
      },
      "geometry": {
        "type": "LineString",
        "coordinates": [
          [
            88.395122,
            22.528309
          ],
          [
            88.3950975,
            22.5281416
          ],
          [
            88.395068,
            22.5278418
          ],
          [
            88.3950814,
            22.5275718
          ],
          [
            88.3951075,
            22.5274147
          ]
        ]
      },
      "id": "way/1429470376"
    },
    {
      "type": "Feature",
      "properties": {
        "@id": "way/1434300047",
        "alt_name": "Mother Teresa Sarani",
        "highway": "primary",
        "maxspeed": "40",
        "name": "Mother Teresa Sarani",
        "name:etymology:wikidata": "Q30547",
        "old_name": "Park Street",
        "oneway": "yes",
        "oneway:conditional": "yes @ (13:00-22:00); -1 @ (07:00-13:00)"
      },
      "geometry": {
        "type": "LineString",
        "coordinates": [
          [
            88.3650171,
            22.5441009
          ],
          [
            88.3650963,
            22.5440431
          ],
          [
            88.3653851,
            22.5438342
          ],
          [
            88.3656542,
            22.5436396
          ]
        ]
      },
      "id": "way/1434300047"
    },
    {
      "type": "Feature",
      "properties": {
        "@id": "way/1452306070",
        "alt_name": "Bidhannagar Road",
        "highway": "primary",
        "lanes": "2",
        "name": "Ultadanga Underpass",
        "oneway": "yes",
        "surface": "asphalt"
      },
      "geometry": {
        "type": "LineString",
        "coordinates": [
          [
            88.3907629,
            22.5925626
          ],
          [
            88.3908806,
            22.5925231
          ]
        ]
      },
      "id": "way/1452306070"
    },
    {
      "type": "Feature",
      "properties": {
        "@id": "way/1452306071",
        "highway": "primary",
        "lanes": "2",
        "name": "Bidhannagar Road",
        "oneway": "yes",
        "surface": "asphalt"
      },
      "geometry": {
        "type": "LineString",
        "coordinates": [
          [
            88.3915713,
            22.5922981
          ],
          [
            88.3917208,
            22.5922483
          ]
        ]
      },
      "id": "way/1452306071"
    },
    {
      "type": "Feature",
      "properties": {
        "@id": "way/1452321088",
        "alt_name": "Rash Behari Avenue Connector",
        "highway": "primary",
        "lanes": "3",
        "name": "Bijon Flyover",
        "name:etymology:wikidata": "Q7294817",
        "oneway": "yes"
      },
      "geometry": {
        "type": "LineString",
        "coordinates": [
          [
            88.3694746,
            22.5212248
          ],
          [
            88.3695808,
            22.5212193
          ]
        ]
      },
      "id": "way/1452321088"
    },
    {
      "type": "Feature",
      "properties": {
        "@id": "way/1452323642",
        "alt_name": "Acharya Jagadish Chandra Bose Road",
        "highway": "primary",
        "maxspeed": "40",
        "name": "Vidyapati Flyover",
        "name:etymology:wikidata": "Q314267",
        "oneway": "yes"
      },
      "geometry": {
        "type": "LineString",
        "coordinates": [
          [
            88.3684391,
            22.5650939
          ],
          [
            88.3684833,
            22.5651909
          ]
        ]
      },
      "id": "way/1452323642"
    },
    {
      "type": "Feature",
      "properties": {
        "@id": "way/1452323643",
        "alt_name": "Acharya Jagadish Chandra Bose Road",
        "highway": "primary",
        "lanes": "4",
        "maxspeed": "40",
        "name": "Vidyapati Flyover",
        "name:bn": "আচার্য জগদীশচন্দ্র বসু রোড",
        "name:etymology:wikidata": "Q314267",
        "oneway": "yes",
        "ref": "SH1",
        "source": "Mapbox Satellite",
        "surface": "asphalt"
      },
      "geometry": {
        "type": "LineString",
        "coordinates": [
          [
            88.3686236,
            22.5652158
          ],
          [
            88.3685827,
            22.5651075
          ]
        ]
      },
      "id": "way/1452323643"
    },
    {
      "type": "Feature",
      "properties": {
        "@id": "way/1452323646",
        "alt_name": "Mahatma Gandhi Road",
        "highway": "primary",
        "name": "Vidyapati Flyover",
        "name:etymology:wikidata": "Q1001",
        "oneway": "yes"
      },
      "geometry": {
        "type": "LineString",
        "coordinates": [
          [
            88.3689725,
            22.5705756
          ],
          [
            88.3688796,
            22.5707174
          ]
        ]
      },
      "id": "way/1452323646"
    },
    {
      "type": "Feature",
      "properties": {
        "@id": "way/1452323647",
        "alt_name": "Mahatma Gandhi Road",
        "highway": "primary",
        "name": "Vidyapati Flyover",
        "name:etymology:wikidata": "Q314267",
        "oneway": "yes"
      },
      "geometry": {
        "type": "LineString",
        "coordinates": [
          [
            88.3688678,
            22.5710116
          ],
          [
            88.3690585,
            22.5706624
          ]
        ]
      },
      "id": "way/1452323647"
    },
    {
      "type": "Feature",
      "properties": {
        "@id": "way/1452323648",
        "alt_name": "Acharya Jagadish Chandra Bose Road",
        "highway": "primary",
        "maxspeed": "40",
        "name": "Vidyapati Flyover",
        "name:etymology:wikidata": "Q314267",
        "oneway": "yes"
      },
      "geometry": {
        "type": "LineString",
        "coordinates": [
          [
            88.3707876,
            22.5700387
          ],
          [
            88.3708626,
            22.570184
          ]
        ]
      },
      "id": "way/1452323648"
    },
    {
      "type": "Feature",
      "properties": {
        "@id": "way/1452323649",
        "alt_name": "Acharya Jagadish Chandra Bose Road",
        "bridge:name": "Sealdah Flyover",
        "highway": "primary",
        "maxspeed": "40",
        "name": "Vidyapati Flyover",
        "name:etymology:wikidata": "Q314267",
        "oneway": "yes",
        "ref": "SH1",
        "source": "Yahoo hires"
      },
      "geometry": {
        "type": "LineString",
        "coordinates": [
          [
            88.3709035,
            22.5701358
          ],
          [
            88.3708376,
            22.5699931
          ]
        ]
      },
      "id": "way/1452323649"
    },
    {
      "type": "Feature",
      "properties": {
        "@id": "way/1459053786",
        "highway": "primary",
        "maxspeed": "60",
        "name": "Eastern Metropolitan Bypass",
        "oneway": "yes",
        "ref": "SH3"
      },
      "geometry": {
        "type": "LineString",
        "coordinates": [
          [
            88.3978682,
            22.540157
          ],
          [
            88.397936,
            22.5403907
          ]
        ]
      },
      "id": "way/1459053786"
    },
    {
      "type": "Feature",
      "properties": {
        "@id": "way/1464992585",
        "highway": "primary",
        "maxspeed": "40",
        "name": "Acharya Prafulla Chandra Bose Road",
        "name:etymology:wikidata": "Q3351086",
        "oneway": "yes",
        "ref": "SH1"
      },
      "geometry": {
        "type": "LineString",
        "coordinates": [
          [
            88.3746864,
            22.5853596
          ],
          [
            88.3746991,
            22.5854236
          ],
          [
            88.3747007,
            22.5855085
          ]
        ]
      },
      "id": "way/1464992585"
    },
    {
      "type": "Feature",
      "properties": {
        "@id": "way/1476489442",
        "highway": "primary",
        "lanes": "3",
        "maxspeed": "40",
        "name": "Rash Behari Avenue",
        "name:etymology:wikidata": "Q7294817",
        "oneway": "yes"
      },
      "geometry": {
        "type": "LineString",
        "coordinates": [
          [
            88.3524077,
            22.5174634
          ],
          [
            88.3525832,
            22.5174923
          ]
        ]
      },
      "id": "way/1476489442"
    },
    {
      "type": "Feature",
      "properties": {
        "@id": "way/1501703584",
        "highway": "primary",
        "maxspeed": "40",
        "name": "Rash Behari Avenue Connector",
        "name:etymology:wikidata": "Q7294817",
        "oneway": "yes"
      },
      "geometry": {
        "type": "LineString",
        "coordinates": [
          [
            88.3926101,
            22.5144357
          ],
          [
            88.3927778,
            22.5144159
          ]
        ]
      },
      "id": "way/1501703584"
    },
    {
      "type": "Feature",
      "properties": {
        "@id": "way/1501703585",
        "highway": "primary",
        "maxspeed": "40",
        "name": "Rash Behari Avenue Connector",
        "name:etymology:wikidata": "Q7294817",
        "oneway": "yes"
      },
      "geometry": {
        "type": "LineString",
        "coordinates": [
          [
            88.3927683,
            22.5143301
          ],
          [
            88.3926014,
            22.514351
          ]
        ]
      },
      "id": "way/1501703585"
    },
    {
      "type": "Feature",
      "properties": {
        "@id": "way/1502779184",
        "highway": "primary",
        "maxspeed": "40",
        "name": "Chittaranjan Avenue",
        "name:etymology:wikidata": "Q560182",
        "name:hi": "चित्तरंजन ऐवन्यू",
        "oneway": "yes",
        "surface": "asphalt"
      },
      "geometry": {
        "type": "LineString",
        "coordinates": [
          [
            88.3545465,
            22.5670716
          ],
          [
            88.3543589,
            22.5669905
          ],
          [
            88.353354,
            22.5665145
          ]
        ]
      },
      "id": "way/1502779184"
    },
    {
      "type": "Feature",
      "properties": {
        "@id": "way/1506714643",
        "highway": "primary",
        "lanes": "4",
        "maxspeed": "40",
        "name": "Gariahat Road",
        "name:etymology:wikidata": "Q5523285",
        "oneway": "yes",
        "ref": "SH1",
        "surface": "asphalt"
      },
      "geometry": {
        "type": "LineString",
        "coordinates": [
          [
            88.3646444,
            22.5343796
          ],
          [
            88.3646518,
            22.5344306
          ],
          [
            88.3646907,
            22.5346251
          ],
          [
            88.364747,
            22.5348926
          ],
          [
            88.3648154,
            22.535185
          ],
          [
            88.3648275,
            22.5352419
          ],
          [
            88.3648362,
            22.5352841
          ],
          [
            88.3648489,
            22.5353398
          ],
          [
            88.3648567,
            22.5353812
          ]
        ]
      },
      "id": "way/1506714643"
    }
  ]
}